match_id,season,city,date,team1,team2,toss_winner,toss_decision,result,dl_applied,winner,win_by_runs,win_by_wickets,player_of_match,venue,umpire1,umpire2,team1_franchise,team2_franchise,toss_winner_franchise,winner_franchise,no_result,rain_affected,stage,playoff_name
60,2008,Bengaluru,2008-04-18,Kolkata Knight Riders,Royal Challengers Bangalore,Royal Challengers Bangalore,field,normal,0,Kolkata Knight Riders,140,0,BB McCullum,M Chinnaswamy Stadium,Asad Rauf,RE Koertzen,Kolkata Knight Riders,Royal Challengers Bengaluru,Royal Challengers Bengaluru,Kolkata Knight Riders,False,False,League,
61,2008,Mohali,2008-04-19,Chennai Super Kings,Kings XI Punjab,Chennai Super Kings,bat,normal,0,Chennai Super Kings,33,0,MEK Hussey,Punjab Cricket Association IS Bindra Stadium,MR Benson,SL Shastri,Chennai Super Kings,Punjab Kings,Chennai Super Kings,Chennai Super Kings,False,False,League,
62,2008,Delhi,2008-04-19,Rajasthan Royals,Delhi Daredevils,Rajasthan Royals,bat,normal,0,Delhi Daredevils,0,9,MF Maharoof,Arun Jaitley Stadium,Aleem Dar,GA Pratapkumar,Rajasthan Royals,Delhi Capitals,Rajasthan Royals,Delhi Capitals,False,False,League,
63,2008,Mumbai,2008-04-20,Mumbai Indians,Royal Challengers Bangalore,Mumbai Indians,bat,normal,0,Royal Challengers Bangalore,0,5,MV Boucher,Wankhede Stadium,SJ Davis,DJ Harper,Mumbai Indians,Royal Challengers Bengaluru,Mumbai Indians,Royal Challengers Bengaluru,False,False,League,
64,2008,Kolkata,2008-04-20,Deccan Chargers,Kolkata Knight Riders,Deccan Chargers,bat,normal,0,Kolkata Knight Riders,0,5,DJ Hussey,Eden Gardens,BF Bowden,K Hariharan,Deccan Chargers,Kolkata Knight Riders,Deccan Chargers,Kolkata Knight Riders,False,False,League,
65,2008,Jaipur,2008-04-21,Kings XI Punjab,Rajasthan Royals,Kings XI Punjab,bat,normal,0,Rajasthan Royals,0,6,SR Watson,Sawai Mansingh Stadium,Aleem Dar,RB Tiffin,Punjab Kings,Rajasthan Royals,Punjab Kings,Rajasthan Royals,False,False,League,
66,2008,Hyderabad,2008-04-22,Deccan Chargers,Delhi Daredevils,Deccan Chargers,bat,normal,0,Delhi Daredevils,0,9,V Sehwag,"Rajiv Gandhi International Stadium, Uppal",IL Howell,AM Saheba,Deccan Chargers,Delhi Capitals,Deccan Chargers,Delhi Capitals,False,False,League,
67,2008,Chennai,2008-04-23,Chennai Super Kings,Mumbai Indians,Mumbai Indians,field,normal,0,Chennai Super Kings,6,0,ML Hayden,"MA Chidambaram Stadium, Chepauk",DJ Harper,GA Pratapkumar,Chennai Super Kings,Mumbai Indians,Mumbai Indians,Chennai Super Kings,False,False,League,
68,2008,Hyderabad,2008-04-24,Deccan Chargers,Rajasthan Royals,Rajasthan Royals,field,normal,0,Rajasthan Royals,0,3,YK Pathan,"Rajiv Gandhi International Stadium, Uppal",Asad Rauf,MR Benson,Deccan Chargers,Rajasthan Royals,Rajasthan Royals,Rajasthan Royals,False,False,League,
69,2008,Mohali,2008-04-25,Kings XI Punjab,Mumbai Indians,Mumbai Indians,field,normal,0,Kings XI Punjab,66,0,KC Sangakkara,Punjab Cricket Association IS Bindra Stadium,Aleem Dar,AM Saheba,Punjab Kings,Mumbai Indians,Mumbai Indians,Punjab Kings,False,False,League,
70,2008,Bengaluru,2008-04-26,Royal Challengers Bangalore,Rajasthan Royals,Rajasthan Royals,field,normal,0,Rajasthan Royals,0,7,SR Watson,M Chinnaswamy Stadium,MR Benson,IL Howell,Royal Challengers Bengaluru,Rajasthan Royals,Rajasthan Royals,Rajasthan Royals,False,False,League,
71,2008,Chennai,2008-04-26,Kolkata Knight Riders,Chennai Super Kings,Kolkata Knight Riders,bat,normal,0,Chennai Super Kings,0,9,JDP Oram,"MA Chidambaram Stadium, Chepauk",BF Bowden,AV Jayaprakash,Kolkata Knight Riders,Chennai Super Kings,Kolkata Knight Riders,Chennai Super Kings,False,False,League,
72,2008,Navi Mumbai,2008-04-27,Mumbai Indians,Deccan Chargers,Deccan Chargers,field,normal,0,Deccan Chargers,0,10,AC Gilchrist,Dr DY Patil Sports Academy,Asad Rauf,SL Shastri,Mumbai Indians,Deccan Chargers,Deccan Chargers,Deccan Chargers,False,False,League,
73,2008,Mohali,2008-04-27,Delhi Daredevils,Kings XI Punjab,Delhi Daredevils,bat,normal,0,Kings XI Punjab,0,4,SM Katich,Punjab Cricket Association IS Bindra Stadium,RE Koertzen,I Shivram,Delhi Capitals,Punjab Kings,Delhi Capitals,Punjab Kings,False,False,League,
74,2008,Bengaluru,2008-04-28,Chennai Super Kings,Royal Challengers Bangalore,Chennai Super Kings,bat,normal,0,Chennai Super Kings,13,0,MS Dhoni,M Chinnaswamy Stadium,BR Doctrove,RB Tiffin,Chennai Super Kings,Royal Challengers Bengaluru,Chennai Super Kings,Chennai Super Kings,False,False,League,
75,2008,Kolkata,2008-04-29,Kolkata Knight Riders,Mumbai Indians,Kolkata Knight Riders,bat,normal,0,Mumbai Indians,0,7,ST Jayasuriya,Eden Gardens,BF Bowden,AV Jayaprakash,Kolkata Knight Riders,Mumbai Indians,Kolkata Knight Riders,Mumbai Indians,False,False,League,
76,2008,Delhi,2008-04-30,Delhi Daredevils,Royal Challengers Bangalore,Royal Challengers Bangalore,field,normal,0,Delhi Daredevils,10,0,GD McGrath,Arun Jaitley Stadium,Aleem Dar,I Shivram,Delhi Capitals,Royal Challengers Bengaluru,Royal Challengers Bengaluru,Delhi Capitals,False,False,League,
77,2008,Hyderabad,2008-05-01,Deccan Chargers,Kings XI Punjab,Kings XI Punjab,field,normal,0,Kings XI Punjab,0,7,SE Marsh,"Rajiv Gandhi International Stadium, Uppal",BR Doctrove,RB Tiffin,Deccan Chargers,Punjab Kings,Punjab Kings,Punjab Kings,False,False,League,
78,2008,Jaipur,2008-05-01,Rajasthan Royals,Kolkata Knight Riders,Rajasthan Royals,bat,normal,0,Rajasthan Royals,45,0,SA Asnodkar,Sawai Mansingh Stadium,RE Koertzen,GA Pratapkumar,Rajasthan Royals,Kolkata Knight Riders,Rajasthan Royals,Rajasthan Royals,False,False,League,
79,2008,Chennai,2008-05-02,Chennai Super Kings,Delhi Daredevils,Chennai Super Kings,bat,normal,0,Delhi Daredevils,0,8,V Sehwag,"MA Chidambaram Stadium, Chepauk",BF Bowden,K Hariharan,Chennai Super Kings,Delhi Capitals,Chennai Super Kings,Delhi Capitals,False,False,League,
81,2008,Mohali,2008-05-03,Kings XI Punjab,Kolkata Knight Riders,Kings XI Punjab,bat,normal,0,Kings XI Punjab,9,0,IK Pathan,Punjab Cricket Association IS Bindra Stadium,DJ Harper,I Shivram,Punjab Kings,Kolkata Knight Riders,Punjab Kings,Punjab Kings,False,False,League,
111,2008,Bengaluru,2008-05-03,Royal Challengers Bangalore,Deccan Chargers,Deccan Chargers,field,normal,0,Royal Challengers Bangalore,3,0,P Kumar,M Chinnaswamy Stadium,BR Doctrove,SL Shastri,Royal Challengers Bengaluru,Deccan Chargers,Deccan Chargers,Royal Challengers Bengaluru,False,False,League,
82,2008,Navi Mumbai,2008-05-04,Mumbai Indians,Delhi Daredevils,Delhi Daredevils,field,normal,0,Mumbai Indians,29,0,SM Pollock,Dr DY Patil Sports Academy,IL Howell,RE Koertzen,Mumbai Indians,Delhi Capitals,Delhi Capitals,Mumbai Indians,False,False,League,
83,2008,Jaipur,2008-05-04,Chennai Super Kings,Rajasthan Royals,Chennai Super Kings,bat,normal,0,Rajasthan Royals,0,8,Sohail Tanvir,Sawai Mansingh Stadium,Asad Rauf,AV Jayaprakash,Chennai Super Kings,Rajasthan Royals,Chennai Super Kings,Rajasthan Royals,False,False,League,
84,2008,Bengaluru,2008-05-05,Royal Challengers Bangalore,Kings XI Punjab,Kings XI Punjab,field,normal,0,Kings XI Punjab,0,6,S Sreesanth,M Chinnaswamy Stadium,SJ Davis,BR Doctrove,Royal Challengers Bengaluru,Punjab Kings,Punjab Kings,Punjab Kings,False,False,League,
85,2008,Chennai,2008-05-06,Chennai Super Kings,Deccan Chargers,Deccan Chargers,field,normal,0,Deccan Chargers,0,7,AC Gilchrist,"MA Chidambaram Stadium, Chepauk",MR Benson,RB Tiffin,Chennai Super Kings,Deccan Chargers,Deccan Chargers,Deccan Chargers,False,False,League,
86,2008,Navi Mumbai,2008-05-07,Rajasthan Royals,Mumbai Indians,Mumbai Indians,field,normal,0,Mumbai Indians,0,7,A Nehra,Dr DY Patil Sports Academy,DJ Harper,RE Koertzen,Rajasthan Royals,Mumbai Indians,Mumbai Indians,Mumbai Indians,False,False,League,
87,2008,Delhi,2008-05-08,Delhi Daredevils,Chennai Super Kings,Chennai Super Kings,field,normal,0,Chennai Super Kings,0,4,MS Dhoni,Arun Jaitley Stadium,Aleem Dar,RB Tiffin,Delhi Capitals,Chennai Super Kings,Chennai Super Kings,Chennai Super Kings,False,False,League,
88,2008,Kolkata,2008-05-08,Kolkata Knight Riders,Royal Challengers Bangalore,Kolkata Knight Riders,bat,normal,0,Kolkata Knight Riders,5,0,SC Ganguly,Eden Gardens,Asad Rauf,IL Howell,Kolkata Knight Riders,Royal Challengers Bengaluru,Kolkata Knight Riders,Kolkata Knight Riders,False,False,League,
89,2008,Jaipur,2008-05-09,Deccan Chargers,Rajasthan Royals,Rajasthan Royals,field,normal,0,Rajasthan Royals,0,8,YK Pathan,Sawai Mansingh Stadium,MR Benson,AM Saheba,Deccan Chargers,Rajasthan Royals,Rajasthan Royals,Rajasthan Royals,False,False,League,
91,2008,Chennai,2008-05-10,Chennai Super Kings,Kings XI Punjab,Kings XI Punjab,field,normal,0,Chennai Super Kings,18,0,L Balaji,"MA Chidambaram Stadium, Chepauk",AV Jayaprakash,BG Jerling,Chennai Super Kings,Punjab Kings,Punjab Kings,Chennai Super Kings,False,False,League,
92,2008,Hyderabad,2008-05-11,Kolkata Knight Riders,Deccan Chargers,Kolkata Knight Riders,bat,normal,0,Kolkata Knight Riders,23,0,SC Ganguly,"Rajiv Gandhi International Stadium, Uppal",IL Howell,AM Saheba,Kolkata Knight Riders,Deccan Chargers,Kolkata Knight Riders,Kolkata Knight Riders,False,False,League,
93,2008,Jaipur,2008-05-11,Delhi Daredevils,Rajasthan Royals,Rajasthan Royals,field,normal,0,Rajasthan Royals,0,3,SR Watson,Sawai Mansingh Stadium,SJ Davis,RE Koertzen,Delhi Capitals,Rajasthan Royals,Rajasthan Royals,Rajasthan Royals,False,False,League,
94,2008,Mohali,2008-05-12,Royal Challengers Bangalore,Kings XI Punjab,Royal Challengers Bangalore,bat,normal,0,Kings XI Punjab,0,9,SE Marsh,Punjab Cricket Association IS Bindra Stadium,BR Doctrove,I Shivram,Royal Challengers Bengaluru,Punjab Kings,Royal Challengers Bengaluru,Punjab Kings,False,False,League,
95,2008,Kolkata,2008-05-13,Kolkata Knight Riders,Delhi Daredevils,Kolkata Knight Riders,bat,normal,0,Kolkata Knight Riders,23,0,Shoaib Akhtar,Eden Gardens,Asad Rauf,IL Howell,Kolkata Knight Riders,Delhi Capitals,Kolkata Knight Riders,Kolkata Knight Riders,False,False,League,
96,2008,Mumbai,2008-05-14,Chennai Super Kings,Mumbai Indians,Mumbai Indians,field,normal,0,Mumbai Indians,0,9,ST Jayasuriya,Wankhede Stadium,BR Doctrove,AM Saheba,Chennai Super Kings,Mumbai Indians,Mumbai Indians,Mumbai Indians,False,False,League,
98,2008,Delhi,2008-05-15,Delhi Daredevils,Deccan Chargers,Deccan Chargers,field,normal,0,Delhi Daredevils,12,0,A Mishra,Arun Jaitley Stadium,BG Jerling,GA Pratapkumar,Delhi Capitals,Deccan Chargers,Deccan Chargers,Delhi Capitals,False,False,League,
99,2008,Mumbai,2008-05-16,Kolkata Knight Riders,Mumbai Indians,Mumbai Indians,field,normal,0,Mumbai Indians,0,8,SM Pollock,Wankhede Stadium,BR Doctrove,DJ Harper,Kolkata Knight Riders,Mumbai Indians,Mumbai Indians,Mumbai Indians,False,False,League,
100,2008,Delhi,2008-05-17,Delhi Daredevils,Kings XI Punjab,Delhi Daredevils,bat,normal,1,Kings XI Punjab,6,0,DPMD Jayawardene,Arun Jaitley Stadium,AV Jayaprakash,RE Koertzen,Delhi Capitals,Punjab Kings,Delhi Capitals,Punjab Kings,False,True,League,
101,2008,Jaipur,2008-05-17,Rajasthan Royals,Royal Challengers Bangalore,Royal Challengers Bangalore,field,normal,0,Rajasthan Royals,65,0,GC Smith,Sawai Mansingh Stadium,BF Bowden,SL Shastri,Rajasthan Royals,Royal Challengers Bengaluru,Royal Challengers Bengaluru,Rajasthan Royals,False,False,League,
102,2008,Hyderabad,2008-05-18,Mumbai Indians,Deccan Chargers,Deccan Chargers,field,normal,0,Mumbai Indians,25,0,DJ Bravo,"Rajiv Gandhi International Stadium, Uppal",BR Doctrove,DJ Harper,Mumbai Indians,Deccan Chargers,Deccan Chargers,Mumbai Indians,False,False,League,
103,2008,Kolkata,2008-05-18,Kolkata Knight Riders,Chennai Super Kings,Kolkata Knight Riders,bat,normal,1,Chennai Super Kings,3,0,M Ntini,Eden Gardens,Asad Rauf,K Hariharan,Kolkata Knight Riders,Chennai Super Kings,Kolkata Knight Riders,Chennai Super Kings,False,True,League,
104,2008,Bengaluru,2008-05-19,Royal Challengers Bangalore,Delhi Daredevils,Delhi Daredevils,field,normal,0,Delhi Daredevils,0,5,SP Goswami,M Chinnaswamy Stadium,SJ Davis,GA Pratapkumar,Royal Challengers Bengaluru,Delhi Capitals,Delhi Capitals,Delhi Capitals,False,False,League,
105,2008,Kolkata,2008-05-20,Kolkata Knight Riders,Rajasthan Royals,Rajasthan Royals,field,normal,0,Rajasthan Royals,0,6,YK Pathan,Eden Gardens,BG Jerling,RE Koertzen,Kolkata Knight Riders,Rajasthan Royals,Rajasthan Royals,Rajasthan Royals,False,False,League,
106,2008,Mumbai,2008-05-21,Kings XI Punjab,Mumbai Indians,Mumbai Indians,field,normal,0,Kings XI Punjab,1,0,SE Marsh,Wankhede Stadium,BF Bowden,GA Pratapkumar,Punjab Kings,Mumbai Indians,Mumbai Indians,Punjab Kings,False,False,League,
107,2008,Chennai,2008-05-21,Royal Challengers Bangalore,Chennai Super Kings,Royal Challengers Bangalore,bat,normal,0,Royal Challengers Bangalore,14,0,A Kumble,"MA Chidambaram Stadium, Chepauk",DJ Harper,I Shivram,Royal Challengers Bengaluru,Chennai Super Kings,Royal Challengers Bengaluru,Royal Challengers Bengaluru,False,False,League,
108,2008,Mohali,2008-05-23,Deccan Chargers,Kings XI Punjab,Kings XI Punjab,field,normal,0,Kings XI Punjab,0,6,SE Marsh,Punjab Cricket Association IS Bindra Stadium,Asad Rauf,SJ Davis,Deccan Chargers,Punjab Kings,Punjab Kings,Punjab Kings,False,False,League,
109,2008,Delhi,2008-05-24,Mumbai Indians,Delhi Daredevils,Delhi Daredevils,field,normal,0,Delhi Daredevils,0,5,KD Karthik,Arun Jaitley Stadium,BF Bowden,K Hariharan,Mumbai Indians,Delhi Capitals,Delhi Capitals,Delhi Capitals,False,False,League,
110,2008,Chennai,2008-05-24,Rajasthan Royals,Chennai Super Kings,Rajasthan Royals,bat,normal,0,Rajasthan Royals,10,0,JA Morkel,"MA Chidambaram Stadium, Chepauk",DJ Harper,SL Shastri,Rajasthan Royals,Chennai Super Kings,Rajasthan Royals,Rajasthan Royals,False,False,League,
80,2008,Hyderabad,2008-05-25,Deccan Chargers,Royal Challengers Bangalore,Deccan Chargers,bat,normal,0,Royal Challengers Bangalore,0,5,R Vinay Kumar,"Rajiv Gandhi International Stadium, Uppal",Asad Rauf,RE Koertzen,Deccan Chargers,Royal Challengers Bengaluru,Deccan Chargers,Royal Challengers Bengaluru,False,False,League,
112,2008,Kolkata,2008-05-25,Kings XI Punjab,Kolkata Knight Riders,Kings XI Punjab,bat,normal,0,Kolkata Knight Riders,0,3,Umar Gul,Eden Gardens,SJ Davis,I Shivram,Punjab Kings,Kolkata Knight Riders,Punjab Kings,Kolkata Knight Riders,False,False,League,
113,2008,Jaipur,2008-05-26,Mumbai Indians,Rajasthan Royals,Rajasthan Royals,field,normal,0,Rajasthan Royals,0,5,Sohail Tanvir,Sawai Mansingh Stadium,BF Bowden,K Hariharan,Mumbai Indians,Rajasthan Royals,Rajasthan Royals,Rajasthan Royals,False,False,League,
114,2008,Hyderabad,2008-05-27,Deccan Chargers,Chennai Super Kings,Deccan Chargers,bat,normal,0,Chennai Super Kings,0,7,SK Raina,"Rajiv Gandhi International Stadium, Uppal",BG Jerling,AM Saheba,Deccan Chargers,Chennai Super Kings,Deccan Chargers,Chennai Super Kings,False,False,League,
90,2008,Bengaluru,2008-05-28,Royal Challengers Bangalore,Mumbai Indians,Mumbai Indians,field,normal,0,Mumbai Indians,0,9,CRD Fernando,M Chinnaswamy Stadium,BF Bowden,AV Jayaprakash,Royal Challengers Bengaluru,Mumbai Indians,Mumbai Indians,Mumbai Indians,False,False,League,
97,2008,Mohali,2008-05-28,Kings XI Punjab,Rajasthan Royals,Rajasthan Royals,field,normal,0,Kings XI Punjab,41,0,SE Marsh,Punjab Cricket Association IS Bindra Stadium,SJ Davis,K Hariharan,Punjab Kings,Rajasthan Royals,Rajasthan Royals,Punjab Kings,False,False,League,
115,2008,Mumbai,2008-05-30,Rajasthan Royals,Delhi Daredevils,Delhi Daredevils,field,normal,0,Rajasthan Royals,105,0,SR Watson,Wankhede Stadium,BF Bowden,RE Koertzen,Rajasthan Royals,Delhi Capitals,Delhi Capitals,Rajasthan Royals,False,False,Playoff,Semi-final 1
116,2008,Mumbai,2008-05-31,Kings XI Punjab,Chennai Super Kings,Kings XI Punjab,bat,normal,0,Chennai Super Kings,0,9,M Ntini,Wankhede Stadium,Asad Rauf,DJ Harper,Punjab Kings,Chennai Super Kings,Punjab Kings,Chennai Super Kings,False,False,Playoff,Semi-final 2
117,2008,Navi Mumbai,2008-06-01,Chennai Super Kings,Rajasthan Royals,Rajasthan Royals,field,normal,0,Rajasthan Royals,0,3,YK Pathan,Dr DY Patil Sports Academy,BF Bowden,RE Koertzen,Chennai Super Kings,Rajasthan Royals,Rajasthan Royals,Rajasthan Royals,False,False,Playoff,Final
118,2009,Cape Town,2009-04-18,Mumbai Indians,Chennai Super Kings,Chennai Super Kings,field,normal,0,Mumbai Indians,19,0,SR Tendulkar,Newlands,BR Doctrove,K Hariharan,Mumbai Indians,Chennai Super Kings,Chennai Super Kings,Mumbai Indians,False,False,League,
119,2009,Cape Town,2009-04-18,Royal Challengers Bangalore,Rajasthan Royals,Royal Challengers Bangalore,bat,normal,0,Royal Challengers Bangalore,75,0,R Dravid,Newlands,BR Doctrove,RB Tiffin,Royal Challengers Bengaluru,Rajasthan Royals,Royal Challengers Bengaluru,Royal Challengers Bengaluru,False,False,League,
120,2009,Cape Town,2009-04-19,Kings XI Punjab,Delhi Daredevils,Delhi Daredevils,field,normal,1,Delhi Daredevils,0,10,DL Vettori,Newlands,MR Benson,SD Ranade,Punjab Kings,Delhi Capitals,Delhi Capitals,Delhi Capitals,False,True,League,
121,2009,Cape Town,2009-04-19,Kolkata Knight Riders,Deccan Chargers,Kolkata Knight Riders,bat,normal,0,Deccan Chargers,0,8,RP Singh,Newlands,MR Benson,BR Doctrove,Kolkata Knight Riders,Deccan Chargers,Kolkata Knight Riders,Deccan Chargers,False,False,League,
122,2009,Port Elizabeth,2009-04-20,Chennai Super Kings,Royal Challengers Bangalore,Chennai Super Kings,bat,normal,0,Chennai Super Kings,92,0,M Muralitharan,St George's Park,BG Jerling,SJA Taufel,Chennai Super Kings,Royal Challengers Bengaluru,Chennai Super Kings,Chennai Super Kings,False,False,League,
123,2009,Durban,2009-04-21,Kings XI Punjab,Kolkata Knight Riders,Kolkata Knight Riders,field,normal,1,Kolkata Knight Riders,11,0,CH Gayle,Kingsmead,DJ Harper,SD Ranade,Punjab Kings,Kolkata Knight Riders,Kolkata Knight Riders,Kolkata Knight Riders,False,True,League,
124,2009,Cape Town,2009-04-22,Deccan Chargers,Royal Challengers Bangalore,Deccan Chargers,bat,normal,0,Deccan Chargers,24,0,AC Gilchrist,Newlands,M Erasmus,AM Saheba,Deccan Chargers,Royal Challengers Bengaluru,Deccan Chargers,Deccan Chargers,False,False,League,
125,2009,Durban,2009-04-23,Delhi Daredevils,Chennai Super Kings,Delhi Daredevils,bat,normal,0,Delhi Daredevils,9,0,AB de Villiers,Kingsmead,BR Doctrove,SJA Taufel,Delhi Capitals,Chennai Super Kings,Delhi Capitals,Delhi Capitals,False,False,League,
126,2009,Cape Town,2009-04-23,Rajasthan Royals,Kolkata Knight Riders,Kolkata Knight Riders,field,tie,0,Rajasthan Royals,0,0,YK Pathan,Newlands,MR Benson,M Erasmus,Rajasthan Royals,Kolkata Knight Riders,Kolkata Knight Riders,Rajasthan Royals,False,False,League,
127,2009,Durban,2009-04-24,Royal Challengers Bangalore,Kings XI Punjab,Royal Challengers Bangalore,bat,normal,0,Kings XI Punjab,0,7,RS Bopara,Kingsmead,BR Doctrove,TH Wijewardene,Royal Challengers Bengaluru,Punjab Kings,Royal Challengers Bengaluru,Punjab Kings,False,False,League,
128,2009,Durban,2009-04-25,Deccan Chargers,Mumbai Indians,Deccan Chargers,bat,normal,0,Deccan Chargers,12,0,PP Ojha,Kingsmead,HDPK Dharmasena,SJA Taufel,Deccan Chargers,Mumbai Indians,Deccan Chargers,Deccan Chargers,False,False,League,
129,2009,Port Elizabeth,2009-04-26,Royal Challengers Bangalore,Delhi Daredevils,Royal Challengers Bangalore,bat,normal,0,Delhi Daredevils,0,6,TM Dilshan,St George's Park,S Asnani,BG Jerling,Royal Challengers Bengaluru,Delhi Capitals,Royal Challengers Bengaluru,Delhi Capitals,False,False,League,
130,2009,Cape Town,2009-04-26,Kings XI Punjab,Rajasthan Royals,Kings XI Punjab,bat,normal,0,Kings XI Punjab,27,0,KC Sangakkara,Newlands,M Erasmus,K Hariharan,Punjab Kings,Rajasthan Royals,Punjab Kings,Punjab Kings,False,False,League,
131,2009,Durban,2009-04-27,Chennai Super Kings,Deccan Chargers,Deccan Chargers,field,normal,0,Deccan Chargers,0,6,HH Gibbs,Kingsmead,IL Howell,TH Wijewardene,Chennai Super Kings,Deccan Chargers,Deccan Chargers,Deccan Chargers,False,False,League,
132,2009,Port Elizabeth,2009-04-27,Mumbai Indians,Kolkata Knight Riders,Mumbai Indians,bat,normal,0,Mumbai Indians,92,0,SR Tendulkar,St George's Park,BG Jerling,RB Tiffin,Mumbai Indians,Kolkata Knight Riders,Mumbai Indians,Mumbai Indians,False,False,League,
133,2009,Centurion,2009-04-28,Delhi Daredevils,Rajasthan Royals,Delhi Daredevils,bat,normal,0,Rajasthan Royals,0,5,YK Pathan,SuperSport Park,GAV Baxter,RE Koertzen,Delhi Capitals,Rajasthan Royals,Delhi Capitals,Rajasthan Royals,False,False,League,
134,2009,Durban,2009-04-29,Kolkata Knight Riders,Royal Challengers Bangalore,Kolkata Knight Riders,bat,normal,0,Royal Challengers Bangalore,0,5,MV Boucher,Kingsmead,MR Benson,TH Wijewardene,Kolkata Knight Riders,Royal Challengers Bengaluru,Kolkata Knight Riders,Royal Challengers Bengaluru,False,False,League,
135,2009,Durban,2009-04-29,Kings XI Punjab,Mumbai Indians,Kings XI Punjab,bat,normal,0,Kings XI Punjab,3,0,KC Sangakkara,Kingsmead,MR Benson,SL Shastri,Punjab Kings,Mumbai Indians,Punjab Kings,Punjab Kings,False,False,League,
136,2009,Centurion,2009-04-30,Deccan Chargers,Delhi Daredevils,Delhi Daredevils,field,normal,0,Delhi Daredevils,0,6,DP Nannes,SuperSport Park,GAV Baxter,AM Saheba,Deccan Chargers,Delhi Capitals,Delhi Capitals,Delhi Capitals,False,False,League,
137,2009,Centurion,2009-04-30,Chennai Super Kings,Rajasthan Royals,Rajasthan Royals,field,normal,0,Chennai Super Kings,38,0,SK Raina,SuperSport Park,GAV Baxter,RE Koertzen,Chennai Super Kings,Rajasthan Royals,Rajasthan Royals,Chennai Super Kings,False,False,League,
138,2009,East London,2009-05-01,Mumbai Indians,Kolkata Knight Riders,Mumbai Indians,bat,normal,0,Mumbai Indians,9,0,JP Duminy,Buffalo Park,M Erasmus,SK Tarapore,Mumbai Indians,Kolkata Knight Riders,Mumbai Indians,Mumbai Indians,False,False,League,
139,2009,Durban,2009-05-01,Royal Challengers Bangalore,Kings XI Punjab,Royal Challengers Bangalore,bat,normal,0,Royal Challengers Bangalore,8,0,Yuvraj Singh,Kingsmead,HDPK Dharmasena,S Ravi,Royal Challengers Bengaluru,Punjab Kings,Royal Challengers Bengaluru,Royal Challengers Bengaluru,False,False,League,
140,2009,Port Elizabeth,2009-05-02,Deccan Chargers,Rajasthan Royals,Deccan Chargers,bat,normal,0,Rajasthan Royals,0,3,YK Pathan,St George's Park,S Asnani,BG Jerling,Deccan Chargers,Rajasthan Royals,Deccan Chargers,Rajasthan Royals,False,False,League,
141,2009,Johannesburg,2009-05-02,Chennai Super Kings,Delhi Daredevils,Delhi Daredevils,field,normal,0,Chennai Super Kings,18,0,SB Jakati,New Wanderers Stadium,DJ Harper,RE Koertzen,Chennai Super Kings,Delhi Capitals,Delhi Capitals,Chennai Super Kings,False,False,League,
142,2009,Port Elizabeth,2009-05-03,Kolkata Knight Riders,Kings XI Punjab,Kolkata Knight Riders,bat,normal,0,Kings XI Punjab,0,6,DPMD Jayawardene,St George's Park,S Asnani,MR Benson,Kolkata Knight Riders,Punjab Kings,Kolkata Knight Riders,Punjab Kings,False,False,League,
143,2009,Johannesburg,2009-05-03,Mumbai Indians,Royal Challengers Bangalore,Mumbai Indians,bat,normal,0,Royal Challengers Bangalore,0,9,JH Kallis,New Wanderers Stadium,RE Koertzen,TH Wijewardene,Mumbai Indians,Royal Challengers Bengaluru,Mumbai Indians,Royal Challengers Bengaluru,False,False,League,
144,2009,East London,2009-05-04,Chennai Super Kings,Deccan Chargers,Chennai Super Kings,bat,normal,0,Chennai Super Kings,78,0,MS Dhoni,Buffalo Park,BR Doctrove,M Erasmus,Chennai Super Kings,Deccan Chargers,Chennai Super Kings,Chennai Super Kings,False,False,League,
145,2009,Durban,2009-05-05,Rajasthan Royals,Kings XI Punjab,Kings XI Punjab,field,normal,0,Rajasthan Royals,78,0,GC Smith,Kingsmead,SS Hazare,IL Howell,Rajasthan Royals,Punjab Kings,Punjab Kings,Rajasthan Royals,False,False,League,
146,2009,Durban,2009-05-05,Kolkata Knight Riders,Delhi Daredevils,Kolkata Knight Riders,bat,normal,0,Delhi Daredevils,0,9,G Gambhir,Kingsmead,GAV Baxter,IL Howell,Kolkata Knight Riders,Delhi Capitals,Kolkata Knight Riders,Delhi Capitals,False,False,League,
147,2009,Centurion,2009-05-06,Deccan Chargers,Mumbai Indians,Deccan Chargers,bat,normal,0,Deccan Chargers,19,0,RG Sharma,SuperSport Park,MR Benson,HDPK Dharmasena,Deccan Chargers,Mumbai Indians,Deccan Chargers,Deccan Chargers,False,False,League,
148,2009,Centurion,2009-05-07,Royal Challengers Bangalore,Rajasthan Royals,Rajasthan Royals,field,normal,0,Rajasthan Royals,0,7,A Singh,SuperSport Park,K Hariharan,DJ Harper,Royal Challengers Bengaluru,Rajasthan Royals,Rajasthan Royals,Rajasthan Royals,False,False,League,
149,2009,Centurion,2009-05-07,Chennai Super Kings,Kings XI Punjab,Chennai Super Kings,bat,normal,1,Chennai Super Kings,12,0,ML Hayden,SuperSport Park,DJ Harper,TH Wijewardene,Chennai Super Kings,Punjab Kings,Chennai Super Kings,Chennai Super Kings,False,True,League,
150,2009,East London,2009-05-08,Mumbai Indians,Delhi Daredevils,Mumbai Indians,bat,normal,0,Delhi Daredevils,0,7,A Nehra,Buffalo Park,M Erasmus,SK Tarapore,Mumbai Indians,Delhi Capitals,Mumbai Indians,Delhi Capitals,False,False,League,
151,2009,Kimberley,2009-05-09,Deccan Chargers,Kings XI Punjab,Kings XI Punjab,field,normal,0,Kings XI Punjab,0,3,DPMD Jayawardene,De Beers Diamond Oval,GAV Baxter,AM Saheba,Deccan Chargers,Punjab Kings,Punjab Kings,Punjab Kings,False,False,League,
152,2009,Kimberley,2009-05-09,Rajasthan Royals,Chennai Super Kings,Rajasthan Royals,bat,normal,0,Chennai Super Kings,0,7,S Badrinath,De Beers Diamond Oval,GAV Baxter,HDPK Dharmasena,Rajasthan Royals,Chennai Super Kings,Rajasthan Royals,Chennai Super Kings,False,False,League,
153,2009,Port Elizabeth,2009-05-10,Mumbai Indians,Royal Challengers Bangalore,Mumbai Indians,bat,normal,0,Mumbai Indians,16,0,JP Duminy,St George's Park,BR Doctrove,BG Jerling,Mumbai Indians,Royal Challengers Bengaluru,Mumbai Indians,Mumbai Indians,False,False,League,
154,2009,Johannesburg,2009-05-10,Kolkata Knight Riders,Delhi Daredevils,Delhi Daredevils,field,normal,0,Delhi Daredevils,0,7,A Mishra,New Wanderers Stadium,SL Shastri,RB Tiffin,Kolkata Knight Riders,Delhi Capitals,Delhi Capitals,Delhi Capitals,False,False,League,
155,2009,Kimberley,2009-05-11,Deccan Chargers,Rajasthan Royals,Deccan Chargers,bat,normal,0,Deccan Chargers,53,0,DR Smith,De Beers Diamond Oval,GAV Baxter,HDPK Dharmasena,Deccan Chargers,Rajasthan Royals,Deccan Chargers,Deccan Chargers,False,False,League,
156,2009,Centurion,2009-05-12,Kolkata Knight Riders,Royal Challengers Bangalore,Royal Challengers Bangalore,field,normal,0,Royal Challengers Bangalore,0,6,LRPL Taylor,SuperSport Park,M Erasmus,SS Hazare,Kolkata Knight Riders,Royal Challengers Bengaluru,Royal Challengers Bengaluru,Royal Challengers Bengaluru,False,False,League,
157,2009,Centurion,2009-05-12,Kings XI Punjab,Mumbai Indians,Kings XI Punjab,bat,normal,0,Mumbai Indians,0,8,Harbhajan Singh,SuperSport Park,SS Hazare,RE Koertzen,Punjab Kings,Mumbai Indians,Punjab Kings,Mumbai Indians,False,False,League,
158,2009,Durban,2009-05-13,Delhi Daredevils,Deccan Chargers,Deccan Chargers,field,normal,0,Delhi Daredevils,12,0,R Bhatia,Kingsmead,DJ Harper,SL Shastri,Delhi Capitals,Deccan Chargers,Deccan Chargers,Delhi Capitals,False,False,League,
159,2009,Durban,2009-05-14,Chennai Super Kings,Royal Challengers Bangalore,Chennai Super Kings,bat,normal,0,Royal Challengers Bangalore,0,2,LRPL Taylor,Kingsmead,BR Doctrove,DJ Harper,Chennai Super Kings,Royal Challengers Bengaluru,Chennai Super Kings,Royal Challengers Bengaluru,False,False,League,
160,2009,Durban,2009-05-14,Rajasthan Royals,Mumbai Indians,Rajasthan Royals,bat,normal,0,Rajasthan Royals,2,0,SK Warne,Kingsmead,BR Doctrove,DJ Harper,Rajasthan Royals,Mumbai Indians,Rajasthan Royals,Rajasthan Royals,False,False,League,
161,2009,Bloemfontein,2009-05-15,Delhi Daredevils,Kings XI Punjab,Kings XI Punjab,field,normal,0,Kings XI Punjab,0,6,B Lee,OUTsurance Oval,HDPK Dharmasena,IL Howell,Delhi Capitals,Punjab Kings,Punjab Kings,Punjab Kings,False,False,League,
162,2009,Port Elizabeth,2009-05-16,Mumbai Indians,Chennai Super Kings,Mumbai Indians,bat,normal,0,Chennai Super Kings,0,7,ML Hayden,St George's Park,SK Tarapore,SJA Taufel,Mumbai Indians,Chennai Super Kings,Mumbai Indians,Chennai Super Kings,False,False,League,
163,2009,Johannesburg,2009-05-16,Kolkata Knight Riders,Deccan Chargers,Deccan Chargers,field,normal,0,Deccan Chargers,0,6,RG Sharma,New Wanderers Stadium,RE Koertzen,S Ravi,Kolkata Knight Riders,Deccan Chargers,Deccan Chargers,Deccan Chargers,False,False,League,
164,2009,Johannesburg,2009-05-17,Kings XI Punjab,Deccan Chargers,Deccan Chargers,field,normal,0,Kings XI Punjab,1,0,Yuvraj Singh,New Wanderers Stadium,S Ravi,RB Tiffin,Punjab Kings,Deccan Chargers,Deccan Chargers,Punjab Kings,False,False,League,
165,2009,Bloemfontein,2009-05-17,Delhi Daredevils,Rajasthan Royals,Delhi Daredevils,bat,normal,0,Delhi Daredevils,14,0,AB de Villiers,OUTsurance Oval,SS Hazare,IL Howell,Delhi Capitals,Rajasthan Royals,Delhi Capitals,Delhi Capitals,False,False,League,
166,2009,Centurion,2009-05-18,Chennai Super Kings,Kolkata Knight Riders,Chennai Super Kings,bat,normal,0,Kolkata Knight Riders,0,7,BJ Hodge,SuperSport Park,SJA Taufel,RB Tiffin,Chennai Super Kings,Kolkata Knight Riders,Chennai Super Kings,Kolkata Knight Riders,False,False,League,
167,2009,Johannesburg,2009-05-19,Delhi Daredevils,Royal Challengers Bangalore,Delhi Daredevils,bat,normal,0,Royal Challengers Bangalore,0,7,JH Kallis,New Wanderers Stadium,IL Howell,RB Tiffin,Delhi Capitals,Royal Challengers Bengaluru,Delhi Capitals,Royal Challengers Bengaluru,False,False,League,
168,2009,Durban,2009-05-20,Rajasthan Royals,Kolkata Knight Riders,Kolkata Knight Riders,field,normal,0,Kolkata Knight Riders,0,4,LR Shukla,Kingsmead,BG Jerling,SJA Taufel,Rajasthan Royals,Kolkata Knight Riders,Kolkata Knight Riders,Kolkata Knight Riders,False,False,League,
169,2009,Durban,2009-05-20,Chennai Super Kings,Kings XI Punjab,Chennai Super Kings,bat,normal,0,Chennai Super Kings,24,0,M Muralitharan,Kingsmead,BG Jerling,SJA Taufel,Chennai Super Kings,Punjab Kings,Chennai Super Kings,Chennai Super Kings,False,False,League,
170,2009,Centurion,2009-05-21,Mumbai Indians,Delhi Daredevils,Delhi Daredevils,field,normal,0,Delhi Daredevils,0,4,V Sehwag,SuperSport Park,IL Howell,S Ravi,Mumbai Indians,Delhi Capitals,Delhi Capitals,Delhi Capitals,False,False,League,
171,2009,Centurion,2009-05-21,Royal Challengers Bangalore,Deccan Chargers,Royal Challengers Bangalore,bat,normal,0,Royal Challengers Bangalore,12,0,MK Pandey,SuperSport Park,IL Howell,S Ravi,Royal Challengers Bengaluru,Deccan Chargers,Royal Challengers Bengaluru,Royal Challengers Bengaluru,False,False,League,
172,2009,Centurion,2009-05-22,Delhi Daredevils,Deccan Chargers,Deccan Chargers,field,normal,0,Deccan Chargers,0,6,AC Gilchrist,SuperSport Park,BR Doctrove,DJ Harper,Delhi Capitals,Deccan Chargers,Deccan Chargers,Deccan Chargers,False,False,Playoff,Semi-final 1
173,2009,Johannesburg,2009-05-23,Chennai Super Kings,Royal Challengers Bangalore,Royal Challengers Bangalore,field,normal,0,Royal Challengers Bangalore,0,6,MK Pandey,New Wanderers Stadium,RE Koertzen,SJA Taufel,Chennai Super Kings,Royal Challengers Bengaluru,Royal Challengers Bengaluru,Royal Challengers Bengaluru,False,False,Playoff,Semi-final 2
174,2009,Johannesburg,2009-05-24,Deccan Chargers,Royal Challengers Bangalore,Royal Challengers Bangalore,field,normal,0,Deccan Chargers,6,0,A Kumble,New Wanderers Stadium,RE Koertzen,SJA Taufel,Deccan Chargers,Royal Challengers Bengaluru,Royal Challengers Bengaluru,Deccan Chargers,False,False,Playoff,Final
175,2010,Navi Mumbai,2010-03-12,Kolkata Knight Riders,Deccan Chargers,Deccan Chargers,field,normal,0,Kolkata Knight Riders,11,0,AD Mathews,Dr DY Patil Sports Academy,RE Koertzen,RB Tiffin,Kolkata Knight Riders,Deccan Chargers,Deccan Chargers,Kolkata Knight Riders,False,False,League,
176,2010,Mumbai,2010-03-13,Mumbai Indians,Rajasthan Royals,Mumbai Indians,bat,normal,0,Mumbai Indians,4,0,YK Pathan,Brabourne Stadium,RE Koertzen,RB Tiffin,Mumbai Indians,Rajasthan Royals,Mumbai Indians,Mumbai Indians,False,False,League,
177,2010,Mohali,2010-03-13,Kings XI Punjab,Delhi Daredevils,Delhi Daredevils,field,normal,0,Delhi Daredevils,0,5,G Gambhir,Punjab Cricket Association IS Bindra Stadium,BR Doctrove,S Ravi,Punjab Kings,Delhi Capitals,Delhi Capitals,Delhi Capitals,False,False,League,
178,2010,Kolkata,2010-03-14,Royal Challengers Bangalore,Kolkata Knight Riders,Kolkata Knight Riders,field,normal,0,Kolkata Knight Riders,0,7,MK Tiwary,Eden Gardens,HDPK Dharmasena,AM Saheba,Royal Challengers Bengaluru,Kolkata Knight Riders,Kolkata Knight Riders,Kolkata Knight Riders,False,False,League,
179,2010,Chennai,2010-03-14,Deccan Chargers,Chennai Super Kings,Deccan Chargers,bat,normal,0,Deccan Chargers,31,0,WPUJC Vaas,"MA Chidambaram Stadium, Chepauk",K Hariharan,DJ Harper,Deccan Chargers,Chennai Super Kings,Deccan Chargers,Deccan Chargers,False,False,League,
180,2010,Ahmedabad,2010-03-15,Rajasthan Royals,Delhi Daredevils,Delhi Daredevils,field,normal,0,Delhi Daredevils,0,6,V Sehwag,Narendra Modi Stadium,BG Jerling,RE Koertzen,Rajasthan Royals,Delhi Capitals,Delhi Capitals,Delhi Capitals,False,False,League,
181,2010,Bengaluru,2010-03-16,Kings XI Punjab,Royal Challengers Bangalore,Kings XI Punjab,bat,normal,0,Royal Challengers Bangalore,0,8,JH Kallis,M Chinnaswamy Stadium,S Das,DJ Harper,Punjab Kings,Royal Challengers Bengaluru,Punjab Kings,Royal Challengers Bengaluru,False,False,League,
182,2010,Kolkata,2010-03-16,Chennai Super Kings,Kolkata Knight Riders,Chennai Super Kings,bat,normal,0,Chennai Super Kings,55,0,MS Dhoni,Eden Gardens,HDPK Dharmasena,AM Saheba,Chennai Super Kings,Kolkata Knight Riders,Chennai Super Kings,Chennai Super Kings,False,False,League,
183,2010,Delhi,2010-03-17,Mumbai Indians,Delhi Daredevils,Delhi Daredevils,field,normal,0,Mumbai Indians,98,0,SR Tendulkar,Arun Jaitley Stadium,BR Doctrove,SK Tarapore,Mumbai Indians,Delhi Capitals,Delhi Capitals,Mumbai Indians,False,False,League,
184,2010,Bengaluru,2010-03-18,Rajasthan Royals,Royal Challengers Bangalore,Royal Challengers Bangalore,field,normal,0,Royal Challengers Bangalore,0,10,JH Kallis,M Chinnaswamy Stadium,K Hariharan,DJ Harper,Rajasthan Royals,Royal Challengers Bengaluru,Royal Challengers Bengaluru,Royal Challengers Bengaluru,False,False,League,
185,2010,Delhi,2010-03-19,Delhi Daredevils,Chennai Super Kings,Delhi Daredevils,bat,normal,0,Chennai Super Kings,0,5,ML Hayden,Arun Jaitley Stadium,BR Doctrove,SK Tarapore,Delhi Capitals,Chennai Super Kings,Delhi Capitals,Chennai Super Kings,False,False,League,
186,2010,Cuttack,2010-03-19,Deccan Chargers,Kings XI Punjab,Kings XI Punjab,field,normal,0,Deccan Chargers,6,0,A Symonds,Barabati Stadium,BF Bowden,M Erasmus,Deccan Chargers,Punjab Kings,Punjab Kings,Deccan Chargers,False,False,League,
187,2010,Ahmedabad,2010-03-20,Rajasthan Royals,Kolkata Knight Riders,Rajasthan Royals,bat,normal,0,Rajasthan Royals,34,0,AA Jhunjhunwala,Narendra Modi Stadium,RE Koertzen,RB Tiffin,Rajasthan Royals,Kolkata Knight Riders,Rajasthan Royals,Rajasthan Royals,False,False,League,
188,2010,Mumbai,2010-03-20,Mumbai Indians,Royal Challengers Bangalore,Mumbai Indians,bat,normal,0,Royal Challengers Bangalore,0,7,JH Kallis,Brabourne Stadium,HDPK Dharmasena,SS Hazare,Mumbai Indians,Royal Challengers Bengaluru,Mumbai Indians,Royal Challengers Bengaluru,False,False,League,
189,2010,Cuttack,2010-03-21,Deccan Chargers,Delhi Daredevils,Deccan Chargers,bat,normal,0,Deccan Chargers,10,0,A Symonds,Barabati Stadium,BF Bowden,M Erasmus,Deccan Chargers,Delhi Capitals,Deccan Chargers,Deccan Chargers,False,False,League,
190,2010,Chennai,2010-03-21,Kings XI Punjab,Chennai Super Kings,Chennai Super Kings,field,tie,0,Kings XI Punjab,0,0,J Theron,"MA Chidambaram Stadium, Chepauk",K Hariharan,DJ Harper,Punjab Kings,Chennai Super Kings,Chennai Super Kings,Punjab Kings,False,False,League,
191,2010,Mumbai,2010-03-22,Kolkata Knight Riders,Mumbai Indians,Kolkata Knight Riders,bat,normal,0,Mumbai Indians,0,7,SR Tendulkar,Brabourne Stadium,SS Hazare,SJA Taufel,Kolkata Knight Riders,Mumbai Indians,Kolkata Knight Riders,Mumbai Indians,False,False,League,
192,2010,Bengaluru,2010-03-23,Royal Challengers Bangalore,Chennai Super Kings,Chennai Super Kings,field,normal,0,Royal Challengers Bangalore,36,0,RV Uthappa,M Chinnaswamy Stadium,RE Koertzen,RB Tiffin,Royal Challengers Bengaluru,Chennai Super Kings,Chennai Super Kings,Royal Challengers Bengaluru,False,False,League,
193,2010,Mohali,2010-03-24,Rajasthan Royals,Kings XI Punjab,Kings XI Punjab,field,normal,0,Rajasthan Royals,31,0,AC Voges,Punjab Cricket Association IS Bindra Stadium,BR Doctrove,SK Tarapore,Rajasthan Royals,Punjab Kings,Punjab Kings,Rajasthan Royals,False,False,League,
194,2010,Mumbai,2010-03-25,Chennai Super Kings,Mumbai Indians,Mumbai Indians,field,normal,0,Mumbai Indians,0,5,SR Tendulkar,Brabourne Stadium,BF Bowden,AM Saheba,Chennai Super Kings,Mumbai Indians,Mumbai Indians,Mumbai Indians,False,False,League,
197,2010,Bengaluru,2010-03-25,Delhi Daredevils,Royal Challengers Bangalore,Royal Challengers Bangalore,field,normal,0,Delhi Daredevils,17,0,KM Jadhav,M Chinnaswamy Stadium,BG Jerling,RE Koertzen,Delhi Capitals,Royal Challengers Bengaluru,Royal Challengers Bengaluru,Delhi Capitals,False,False,League,
195,2010,Ahmedabad,2010-03-26,Deccan Chargers,Rajasthan Royals,Deccan Chargers,bat,normal,0,Rajasthan Royals,0,8,YK Pathan,Narendra Modi Stadium,HDPK Dharmasena,SJA Taufel,Deccan Chargers,Rajasthan Royals,Deccan Chargers,Rajasthan Royals,False,False,League,
196,2010,Mohali,2010-03-27,Kolkata Knight Riders,Kings XI Punjab,Kolkata Knight Riders,bat,normal,0,Kolkata Knight Riders,39,0,MK Tiwary,Punjab Cricket Association IS Bindra Stadium,BR Doctrove,S Ravi,Kolkata Knight Riders,Punjab Kings,Kolkata Knight Riders,Kolkata Knight Riders,False,False,League,
198,2010,Ahmedabad,2010-03-28,Rajasthan Royals,Chennai Super Kings,Rajasthan Royals,bat,normal,0,Rajasthan Royals,17,0,NV Ojha,Narendra Modi Stadium,SS Hazare,SJA Taufel,Rajasthan Royals,Chennai Super Kings,Rajasthan Royals,Rajasthan Royals,False,False,League,
199,2010,Navi Mumbai,2010-03-28,Mumbai Indians,Deccan Chargers,Deccan Chargers,field,normal,0,Mumbai Indians,41,0,Harbhajan Singh,Dr DY Patil Sports Academy,S Das,K Hariharan,Mumbai Indians,Deccan Chargers,Deccan Chargers,Mumbai Indians,False,False,League,
200,2010,Delhi,2010-03-29,Delhi Daredevils,Kolkata Knight Riders,Delhi Daredevils,bat,normal,0,Delhi Daredevils,40,0,DA Warner,Arun Jaitley Stadium,SS Hazare,SJA Taufel,Delhi Capitals,Kolkata Knight Riders,Delhi Capitals,Delhi Capitals,False,False,League,
201,2010,Mumbai,2010-03-30,Kings XI Punjab,Mumbai Indians,Mumbai Indians,field,normal,0,Mumbai Indians,0,4,SL Malinga,Brabourne Stadium,BR Doctrove,SK Tarapore,Punjab Kings,Mumbai Indians,Mumbai Indians,Mumbai Indians,False,False,League,
202,2010,Chennai,2010-03-31,Royal Challengers Bangalore,Chennai Super Kings,Royal Challengers Bangalore,bat,normal,0,Chennai Super Kings,0,5,M Vijay,"MA Chidambaram Stadium, Chepauk",BG Jerling,RE Koertzen,Royal Challengers Bengaluru,Chennai Super Kings,Royal Challengers Bengaluru,Chennai Super Kings,False,False,League,
203,2010,Delhi,2010-03-31,Delhi Daredevils,Rajasthan Royals,Delhi Daredevils,bat,normal,0,Delhi Daredevils,67,0,KD Karthik,Arun Jaitley Stadium,HDPK Dharmasena,SJA Taufel,Delhi Capitals,Rajasthan Royals,Delhi Capitals,Delhi Capitals,False,False,League,
204,2010,Kolkata,2010-04-01,Kolkata Knight Riders,Deccan Chargers,Kolkata Knight Riders,bat,normal,0,Kolkata Knight Riders,24,0,SC Ganguly,Eden Gardens,K Hariharan,DJ Harper,Kolkata Knight Riders,Deccan Chargers,Kolkata Knight Riders,Kolkata Knight Riders,False,False,League,
205,2010,Mohali,2010-04-02,Kings XI Punjab,Royal Challengers Bangalore,Kings XI Punjab,bat,normal,0,Royal Challengers Bangalore,0,6,KP Pietersen,Punjab Cricket Association IS Bindra Stadium,BF Bowden,M Erasmus,Punjab Kings,Royal Challengers Bengaluru,Punjab Kings,Royal Challengers Bengaluru,False,False,League,
206,2010,Chennai,2010-04-03,Chennai Super Kings,Rajasthan Royals,Chennai Super Kings,bat,normal,0,Chennai Super Kings,23,0,M Vijay,"MA Chidambaram Stadium, Chepauk",RE Koertzen,RB Tiffin,Chennai Super Kings,Rajasthan Royals,Chennai Super Kings,Chennai Super Kings,False,False,League,
207,2010,Mumbai,2010-04-03,Mumbai Indians,Deccan Chargers,Mumbai Indians,bat,normal,0,Mumbai Indians,63,0,AT Rayudu,Brabourne Stadium,BR Doctrove,S Ravi,Mumbai Indians,Deccan Chargers,Mumbai Indians,Mumbai Indians,False,False,League,
208,2010,Kolkata,2010-04-04,Kolkata Knight Riders,Kings XI Punjab,Kolkata Knight Riders,bat,normal,0,Kings XI Punjab,0,8,DPMD Jayawardene,Eden Gardens,S Asnani,DJ Harper,Kolkata Knight Riders,Punjab Kings,Kolkata Knight Riders,Punjab Kings,False,False,League,
209,2010,Delhi,2010-04-04,Delhi Daredevils,Royal Challengers Bangalore,Delhi Daredevils,bat,normal,0,Delhi Daredevils,37,0,PD Collingwood,Arun Jaitley Stadium,BF Bowden,M Erasmus,Delhi Capitals,Royal Challengers Bengaluru,Delhi Capitals,Delhi Capitals,False,False,League,
210,2010,Nagpur,2010-04-05,Rajasthan Royals,Deccan Chargers,Rajasthan Royals,bat,normal,0,Rajasthan Royals,2,0,SK Warne,"Vidarbha Cricket Association Stadium, Jamtha",HDPK Dharmasena,SJA Taufel,Rajasthan Royals,Deccan Chargers,Rajasthan Royals,Rajasthan Royals,False,False,League,
211,2010,Chennai,2010-04-06,Chennai Super Kings,Mumbai Indians,Chennai Super Kings,bat,normal,0,Chennai Super Kings,24,0,SK Raina,"MA Chidambaram Stadium, Chepauk",S Asnani,DJ Harper,Chennai Super Kings,Mumbai Indians,Chennai Super Kings,Chennai Super Kings,False,False,League,
212,2010,Jaipur,2010-04-07,Kings XI Punjab,Rajasthan Royals,Kings XI Punjab,bat,normal,0,Rajasthan Royals,0,9,MJ Lumb,Sawai Mansingh Stadium,S Ravi,SK Tarapore,Punjab Kings,Rajasthan Royals,Punjab Kings,Rajasthan Royals,False,False,League,
213,2010,Kolkata,2010-04-07,Kolkata Knight Riders,Delhi Daredevils,Kolkata Knight Riders,bat,normal,0,Kolkata Knight Riders,14,0,SC Ganguly,Eden Gardens,BG Jerling,RE Koertzen,Kolkata Knight Riders,Delhi Capitals,Kolkata Knight Riders,Kolkata Knight Riders,False,False,League,
214,2010,Bengaluru,2010-04-08,Royal Challengers Bangalore,Deccan Chargers,Deccan Chargers,field,normal,0,Deccan Chargers,0,7,TL Suman,M Chinnaswamy Stadium,S Asnani,DJ Harper,Royal Challengers Bengaluru,Deccan Chargers,Deccan Chargers,Deccan Chargers,False,False,League,
215,2010,Mohali,2010-04-09,Mumbai Indians,Kings XI Punjab,Mumbai Indians,bat,normal,0,Kings XI Punjab,0,6,KC Sangakkara,Punjab Cricket Association IS Bindra Stadium,M Erasmus,AM Saheba,Mumbai Indians,Punjab Kings,Mumbai Indians,Punjab Kings,False,False,League,
216,2010,Nagpur,2010-04-10,Chennai Super Kings,Deccan Chargers,Chennai Super Kings,bat,normal,0,Deccan Chargers,0,6,RJ Harris,"Vidarbha Cricket Association Stadium, Jamtha",HDPK Dharmasena,SJA Taufel,Chennai Super Kings,Deccan Chargers,Chennai Super Kings,Deccan Chargers,False,False,League,
217,2010,Bengaluru,2010-04-10,Kolkata Knight Riders,Royal Challengers Bangalore,Royal Challengers Bangalore,field,normal,0,Royal Challengers Bangalore,0,7,R Vinay Kumar,M Chinnaswamy Stadium,K Hariharan,DJ Harper,Kolkata Knight Riders,Royal Challengers Bengaluru,Royal Challengers Bengaluru,Royal Challengers Bengaluru,False,False,League,
218,2010,Delhi,2010-04-11,Delhi Daredevils,Kings XI Punjab,Delhi Daredevils,bat,normal,0,Kings XI Punjab,0,7,PP Chawla,Arun Jaitley Stadium,BF Bowden,AM Saheba,Delhi Capitals,Punjab Kings,Delhi Capitals,Punjab Kings,False,False,League,
219,2010,Jaipur,2010-04-11,Mumbai Indians,Rajasthan Royals,Rajasthan Royals,field,normal,0,Mumbai Indians,37,0,SR Tendulkar,Sawai Mansingh Stadium,BR Doctrove,SK Tarapore,Mumbai Indians,Rajasthan Royals,Rajasthan Royals,Mumbai Indians,False,False,League,
220,2010,Nagpur,2010-04-12,Deccan Chargers,Royal Challengers Bangalore,Royal Challengers Bangalore,field,normal,0,Deccan Chargers,13,0,Harmeet Singh,"Vidarbha Cricket Association Stadium, Jamtha",RE Koertzen,RB Tiffin,Deccan Chargers,Royal Challengers Bengaluru,Royal Challengers Bengaluru,Deccan Chargers,False,False,League,
221,2010,Mumbai,2010-04-13,Mumbai Indians,Delhi Daredevils,Mumbai Indians,bat,normal,0,Mumbai Indians,39,0,KA Pollard,Brabourne Stadium,S Asnani,DJ Harper,Mumbai Indians,Delhi Capitals,Mumbai Indians,Mumbai Indians,False,False,League,
222,2010,Chennai,2010-04-13,Kolkata Knight Riders,Chennai Super Kings,Kolkata Knight Riders,bat,normal,0,Chennai Super Kings,0,9,R Ashwin,"MA Chidambaram Stadium, Chepauk",SS Hazare,SJA Taufel,Kolkata Knight Riders,Chennai Super Kings,Kolkata Knight Riders,Chennai Super Kings,False,False,League,
223,2010,Jaipur,2010-04-14,Rajasthan Royals,Royal Challengers Bangalore,Rajasthan Royals,bat,normal,0,Royal Challengers Bangalore,0,5,KP Pietersen,Sawai Mansingh Stadium,BR Doctrove,S Ravi,Rajasthan Royals,Royal Challengers Bengaluru,Rajasthan Royals,Royal Challengers Bengaluru,False,False,League,
224,2010,Chennai,2010-04-15,Chennai Super Kings,Delhi Daredevils,Chennai Super Kings,bat,normal,0,Delhi Daredevils,0,6,G Gambhir,"MA Chidambaram Stadium, Chepauk",HDPK Dharmasena,SS Hazare,Chennai Super Kings,Delhi Capitals,Chennai Super Kings,Delhi Capitals,False,False,League,
225,2010,Dharamsala,2010-04-16,Kings XI Punjab,Deccan Chargers,Deccan Chargers,field,normal,0,Deccan Chargers,0,5,RG Sharma,Himachal Pradesh Cricket Association Stadium,M Erasmus,AM Saheba,Punjab Kings,Deccan Chargers,Deccan Chargers,Deccan Chargers,False,False,League,
226,2010,Bengaluru,2010-04-17,Mumbai Indians,Royal Challengers Bangalore,Royal Challengers Bangalore,field,normal,0,Mumbai Indians,57,0,R McLaren,M Chinnaswamy Stadium,HDPK Dharmasena,SJA Taufel,Mumbai Indians,Royal Challengers Bengaluru,Royal Challengers Bengaluru,Mumbai Indians,False,False,League,
227,2010,Kolkata,2010-04-17,Rajasthan Royals,Kolkata Knight Riders,Rajasthan Royals,bat,normal,0,Kolkata Knight Riders,0,8,JD Unadkat,Eden Gardens,BG Jerling,RB Tiffin,Rajasthan Royals,Kolkata Knight Riders,Rajasthan Royals,Kolkata Knight Riders,False,False,League,
228,2010,Dharamsala,2010-04-18,Kings XI Punjab,Chennai Super Kings,Chennai Super Kings,field,normal,0,Chennai Super Kings,0,6,MS Dhoni,Himachal Pradesh Cricket Association Stadium,BF Bowden,AM Saheba,Punjab Kings,Chennai Super Kings,Chennai Super Kings,Chennai Super Kings,False,False,League,
229,2010,Delhi,2010-04-18,Deccan Chargers,Delhi Daredevils,Deccan Chargers,bat,normal,0,Deccan Chargers,11,0,A Symonds,Arun Jaitley Stadium,BR Doctrove,SK Tarapore,Deccan Chargers,Delhi Capitals,Deccan Chargers,Deccan Chargers,False,False,League,
230,2010,Kolkata,2010-04-19,Mumbai Indians,Kolkata Knight Riders,Mumbai Indians,bat,normal,0,Kolkata Knight Riders,0,9,M Kartik,Eden Gardens,BG Jerling,RE Koertzen,Mumbai Indians,Kolkata Knight Riders,Mumbai Indians,Kolkata Knight Riders,False,False,League,
231,2010,Navi Mumbai,2010-04-21,Mumbai Indians,Royal Challengers Bangalore,Mumbai Indians,bat,normal,0,Mumbai Indians,35,0,KA Pollard,Dr DY Patil Sports Academy,BR Doctrove,RB Tiffin,Mumbai Indians,Royal Challengers Bengaluru,Mumbai Indians,Mumbai Indians,False,False,Playoff,Semi-final 1
232,2010,Navi Mumbai,2010-04-22,Chennai Super Kings,Deccan Chargers,Chennai Super Kings,bat,normal,0,Chennai Super Kings,38,0,DE Bollinger,Dr DY Patil Sports Academy,BR Doctrove,RB Tiffin,Chennai Super Kings,Deccan Chargers,Chennai Super Kings,Chennai Super Kings,False,False,Playoff,Semi-final 2
233,2010,Navi Mumbai,2010-04-24,Deccan Chargers,Royal Challengers Bangalore,Deccan Chargers,bat,normal,0,Royal Challengers Bangalore,0,9,A Kumble,Dr DY Patil Sports Academy,RE Koertzen,SJA Taufel,Deccan Chargers,Royal Challengers Bengaluru,Deccan Chargers,Royal Challengers Bengaluru,False,False,Playoff,3rd place play-off
234,2010,Navi Mumbai,2010-04-25,Chennai Super Kings,Mumbai Indians,Chennai Super Kings,bat,normal,0,Chennai Super Kings,22,0,SK Raina,Dr DY Patil Sports Academy,RE Koertzen,SJA Taufel,Chennai Super Kings,Mumbai Indians,Chennai Super Kings,Chennai Super Kings,False,False,Playoff,Final
235,2011,Chennai,2011-04-08,Chennai Super Kings,Kolkata Knight Riders,Chennai Super Kings,bat,normal,0,Chennai Super Kings,2,0,S Anirudha,"MA Chidambaram Stadium, Chepauk",BR Doctrove,PR Reiffel,Chennai Super Kings,Kolkata Knight Riders,Chennai Super Kings,Chennai Super Kings,False,False,League,
236,2011,Hyderabad,2011-04-09,Deccan Chargers,Rajasthan Royals,Rajasthan Royals,field,normal,0,Rajasthan Royals,0,8,SK Trivedi,"Rajiv Gandhi International Stadium, Uppal",RE Koertzen,SK Tarapore,Deccan Chargers,Rajasthan Royals,Rajasthan Royals,Rajasthan Royals,False,False,League,
237,2011,Kochi,2011-04-09,Kochi Tuskers Kerala,Royal Challengers Bangalore,Kochi Tuskers Kerala,bat,normal,0,Royal Challengers Bangalore,0,6,AB de Villiers,Nehru Stadium,HDPK Dharmasena,K Hariharan,Kochi Tuskers Kerala,Royal Challengers Bengaluru,Kochi Tuskers Kerala,Royal Challengers Bengaluru,False,False,League,
238,2011,Delhi,2011-04-10,Delhi Daredevils,Mumbai Indians,Delhi Daredevils,bat,normal,0,Mumbai Indians,0,8,SL Malinga,Arun Jaitley Stadium,AM Saheba,RB Tiffin,Delhi Capitals,Mumbai Indians,Delhi Capitals,Mumbai Indians,False,False,League,
239,2011,Navi Mumbai,2011-04-10,Kings XI Punjab,Pune Warriors,Kings XI Punjab,bat,normal,0,Pune Warriors,0,7,SB Wagh,Dr DY Patil Sports Academy,BR Doctrove,PR Reiffel,Punjab Kings,Pune Warriors,Punjab Kings,Pune Warriors,False,False,League,
240,2011,Kolkata,2011-04-11,Kolkata Knight Riders,Deccan Chargers,Kolkata Knight Riders,bat,normal,0,Kolkata Knight Riders,9,0,JH Kallis,Eden Gardens,RE Koertzen,SK Tarapore,Kolkata Knight Riders,Deccan Chargers,Kolkata Knight Riders,Kolkata Knight Riders,False,False,League,
241,2011,Jaipur,2011-04-12,Delhi Daredevils,Rajasthan Royals,Delhi Daredevils,bat,normal,0,Rajasthan Royals,0,6,SK Warne,Sawai Mansingh Stadium,Aleem Dar,RB Tiffin,Delhi Capitals,Rajasthan Royals,Delhi Capitals,Rajasthan Royals,False,False,League,
242,2011,Bengaluru,2011-04-12,Royal Challengers Bangalore,Mumbai Indians,Mumbai Indians,field,normal,0,Mumbai Indians,0,9,SR Tendulkar,M Chinnaswamy Stadium,HDPK Dharmasena,AL Hill,Royal Challengers Bengaluru,Mumbai Indians,Mumbai Indians,Mumbai Indians,False,False,League,
243,2011,Mohali,2011-04-13,Chennai Super Kings,Kings XI Punjab,Kings XI Punjab,field,normal,0,Kings XI Punjab,0,6,PC Valthaty,Punjab Cricket Association IS Bindra Stadium,Asad Rauf,SL Shastri,Chennai Super Kings,Punjab Kings,Punjab Kings,Punjab Kings,False,False,League,
244,2011,Navi Mumbai,2011-04-13,Kochi Tuskers Kerala,Pune Warriors,Kochi Tuskers Kerala,bat,normal,0,Pune Warriors,0,4,MD Mishra,Dr DY Patil Sports Academy,S Asnani,PR Reiffel,Kochi Tuskers Kerala,Pune Warriors,Kochi Tuskers Kerala,Pune Warriors,False,False,League,
245,2011,Hyderabad,2011-04-14,Deccan Chargers,Royal Challengers Bangalore,Royal Challengers Bangalore,field,normal,0,Deccan Chargers,33,0,DW Steyn,"Rajiv Gandhi International Stadium, Uppal",RE Koertzen,S Ravi,Deccan Chargers,Royal Challengers Bengaluru,Royal Challengers Bengaluru,Deccan Chargers,False,False,League,
246,2011,Jaipur,2011-04-15,Rajasthan Royals,Kolkata Knight Riders,Kolkata Knight Riders,field,normal,0,Kolkata Knight Riders,0,9,G Gambhir,Sawai Mansingh Stadium,Aleem Dar,SS Hazare,Rajasthan Royals,Kolkata Knight Riders,Kolkata Knight Riders,Kolkata Knight Riders,False,False,League,
247,2011,Mumbai,2011-04-15,Mumbai Indians,Kochi Tuskers Kerala,Kochi Tuskers Kerala,field,normal,0,Kochi Tuskers Kerala,0,8,BB McCullum,Wankhede Stadium,BR Doctrove,PR Reiffel,Mumbai Indians,Kochi Tuskers Kerala,Kochi Tuskers Kerala,Kochi Tuskers Kerala,False,False,League,
248,2011,Chennai,2011-04-16,Chennai Super Kings,Royal Challengers Bangalore,Chennai Super Kings,bat,normal,0,Chennai Super Kings,21,0,MEK Hussey,"MA Chidambaram Stadium, Chepauk",HDPK Dharmasena,AL Hill,Chennai Super Kings,Royal Challengers Bengaluru,Chennai Super Kings,Chennai Super Kings,False,False,League,
249,2011,Hyderabad,2011-04-16,Deccan Chargers,Kings XI Punjab,Kings XI Punjab,field,normal,0,Kings XI Punjab,0,8,PC Valthaty,"Rajiv Gandhi International Stadium, Uppal",RE Koertzen,S Ravi,Deccan Chargers,Punjab Kings,Punjab Kings,Punjab Kings,False,False,League,
250,2011,Navi Mumbai,2011-04-17,Pune Warriors,Delhi Daredevils,Delhi Daredevils,field,normal,0,Delhi Daredevils,0,3,Yuvraj Singh,Dr DY Patil Sports Academy,Asad Rauf,AM Saheba,Pune Warriors,Delhi Capitals,Delhi Capitals,Delhi Capitals,False,False,League,
251,2011,Kolkata,2011-04-17,Rajasthan Royals,Kolkata Knight Riders,Kolkata Knight Riders,field,normal,0,Kolkata Knight Riders,0,8,L Balaji,Eden Gardens,Aleem Dar,RB Tiffin,Rajasthan Royals,Kolkata Knight Riders,Kolkata Knight Riders,Kolkata Knight Riders,False,False,League,
252,2011,Kochi,2011-04-18,Chennai Super Kings,Kochi Tuskers Kerala,Kochi Tuskers Kerala,field,normal,1,Kochi Tuskers Kerala,0,7,BB McCullum,Nehru Stadium,K Hariharan,AL Hill,Chennai Super Kings,Kochi Tuskers Kerala,Kochi Tuskers Kerala,Kochi Tuskers Kerala,False,True,League,
253,2011,Delhi,2011-04-19,Deccan Chargers,Delhi Daredevils,Deccan Chargers,bat,normal,0,Deccan Chargers,16,0,S Sohal,Arun Jaitley Stadium,PR Reiffel,RJ Tucker,Deccan Chargers,Delhi Capitals,Deccan Chargers,Deccan Chargers,False,False,League,
254,2011,Mumbai,2011-04-20,Pune Warriors,Mumbai Indians,Pune Warriors,bat,normal,0,Mumbai Indians,0,7,MM Patel,Wankhede Stadium,Asad Rauf,AM Saheba,Pune Warriors,Mumbai Indians,Pune Warriors,Mumbai Indians,False,False,League,
255,2011,Kolkata,2011-04-20,Kochi Tuskers Kerala,Kolkata Knight Riders,Kolkata Knight Riders,field,normal,0,Kochi Tuskers Kerala,6,0,DPMD Jayawardene,Eden Gardens,Aleem Dar,RB Tiffin,Kochi Tuskers Kerala,Kolkata Knight Riders,Kolkata Knight Riders,Kochi Tuskers Kerala,False,False,League,
256,2011,Mohali,2011-04-21,Kings XI Punjab,Rajasthan Royals,Rajasthan Royals,field,normal,0,Kings XI Punjab,48,0,SE Marsh,Punjab Cricket Association IS Bindra Stadium,S Asnani,PR Reiffel,Punjab Kings,Rajasthan Royals,Rajasthan Royals,Punjab Kings,False,False,League,
257,2011,Mumbai,2011-04-22,Mumbai Indians,Chennai Super Kings,Chennai Super Kings,field,normal,0,Mumbai Indians,8,0,Harbhajan Singh,Wankhede Stadium,Asad Rauf,AM Saheba,Mumbai Indians,Chennai Super Kings,Chennai Super Kings,Mumbai Indians,False,False,League,
258,2011,Kolkata,2011-04-22,Kolkata Knight Riders,Royal Challengers Bangalore,Royal Challengers Bangalore,field,normal,0,Royal Challengers Bangalore,0,9,CH Gayle,Eden Gardens,SS Hazare,RB Tiffin,Kolkata Knight Riders,Royal Challengers Bengaluru,Royal Challengers Bengaluru,Royal Challengers Bengaluru,False,False,League,
259,2011,Delhi,2011-04-23,Delhi Daredevils,Kings XI Punjab,Kings XI Punjab,field,normal,0,Delhi Daredevils,29,0,DA Warner,Arun Jaitley Stadium,S Asnani,RE Koertzen,Delhi Capitals,Punjab Kings,Punjab Kings,Delhi Capitals,False,False,League,
260,2011,Hyderabad,2011-04-24,Mumbai Indians,Deccan Chargers,Deccan Chargers,field,normal,0,Mumbai Indians,37,0,SL Malinga,"Rajiv Gandhi International Stadium, Uppal",HDPK Dharmasena,AL Hill,Mumbai Indians,Deccan Chargers,Deccan Chargers,Mumbai Indians,False,False,League,
261,2011,Jaipur,2011-04-24,Kochi Tuskers Kerala,Rajasthan Royals,Rajasthan Royals,field,normal,0,Rajasthan Royals,0,8,SK Warne,Sawai Mansingh Stadium,BR Doctrove,SK Tarapore,Kochi Tuskers Kerala,Rajasthan Royals,Rajasthan Royals,Rajasthan Royals,False,False,League,
262,2011,Chennai,2011-04-25,Chennai Super Kings,Pune Warriors,Pune Warriors,field,normal,0,Chennai Super Kings,25,0,MEK Hussey,"MA Chidambaram Stadium, Chepauk",Aleem Dar,RB Tiffin,Chennai Super Kings,Pune Warriors,Pune Warriors,Chennai Super Kings,False,False,League,
263,2011,Delhi,2011-04-26,Delhi Daredevils,Royal Challengers Bangalore,Royal Challengers Bangalore,field,normal,0,Royal Challengers Bangalore,0,3,V Kohli,Arun Jaitley Stadium,S Asnani,RJ Tucker,Delhi Capitals,Royal Challengers Bengaluru,Royal Challengers Bengaluru,Royal Challengers Bengaluru,False,False,League,
264,2011,Navi Mumbai,2011-04-27,Pune Warriors,Chennai Super Kings,Pune Warriors,bat,normal,0,Chennai Super Kings,0,8,DE Bollinger,Dr DY Patil Sports Academy,Asad Rauf,SL Shastri,Pune Warriors,Chennai Super Kings,Pune Warriors,Chennai Super Kings,False,False,League,
265,2011,Kochi,2011-04-27,Deccan Chargers,Kochi Tuskers Kerala,Kochi Tuskers Kerala,field,normal,0,Deccan Chargers,55,0,I Sharma,Nehru Stadium,HDPK Dharmasena,AL Hill,Deccan Chargers,Kochi Tuskers Kerala,Kochi Tuskers Kerala,Deccan Chargers,False,False,League,
266,2011,Delhi,2011-04-28,Kolkata Knight Riders,Delhi Daredevils,Delhi Daredevils,field,normal,0,Kolkata Knight Riders,17,0,MK Tiwary,Arun Jaitley Stadium,PR Reiffel,RJ Tucker,Kolkata Knight Riders,Delhi Capitals,Delhi Capitals,Kolkata Knight Riders,False,False,League,
267,2011,Jaipur,2011-04-29,Mumbai Indians,Rajasthan Royals,Rajasthan Royals,field,normal,0,Rajasthan Royals,0,7,J Botha,Sawai Mansingh Stadium,Asad Rauf,SK Tarapore,Mumbai Indians,Rajasthan Royals,Rajasthan Royals,Rajasthan Royals,False,False,League,
268,2011,Bengaluru,2011-04-29,Royal Challengers Bangalore,Pune Warriors,Pune Warriors,field,normal,0,Royal Challengers Bangalore,26,0,V Kohli,M Chinnaswamy Stadium,Aleem Dar,SS Hazare,Royal Challengers Bengaluru,Pune Warriors,Pune Warriors,Royal Challengers Bengaluru,False,False,League,
269,2011,Kochi,2011-04-30,Delhi Daredevils,Kochi Tuskers Kerala,Delhi Daredevils,bat,normal,0,Delhi Daredevils,38,0,V Sehwag,Nehru Stadium,HDPK Dharmasena,AL Hill,Delhi Capitals,Kochi Tuskers Kerala,Delhi Capitals,Delhi Capitals,False,False,League,
270,2011,Kolkata,2011-04-30,Kings XI Punjab,Kolkata Knight Riders,Kolkata Knight Riders,field,normal,0,Kolkata Knight Riders,0,8,Iqbal Abdulla,Eden Gardens,AM Saheba,SL Shastri,Punjab Kings,Kolkata Knight Riders,Kolkata Knight Riders,Kolkata Knight Riders,False,False,League,
271,2011,Jaipur,2011-05-01,Pune Warriors,Rajasthan Royals,Rajasthan Royals,field,normal,0,Rajasthan Royals,0,6,LRPL Taylor,Sawai Mansingh Stadium,SK Tarapore,SJA Taufel,Pune Warriors,Rajasthan Royals,Rajasthan Royals,Rajasthan Royals,False,False,League,
272,2011,Chennai,2011-05-01,Chennai Super Kings,Deccan Chargers,Chennai Super Kings,bat,normal,0,Chennai Super Kings,19,0,JA Morkel,"MA Chidambaram Stadium, Chepauk",Aleem Dar,RB Tiffin,Chennai Super Kings,Deccan Chargers,Chennai Super Kings,Chennai Super Kings,False,False,League,
273,2011,Mumbai,2011-05-02,Mumbai Indians,Kings XI Punjab,Kings XI Punjab,field,normal,0,Mumbai Indians,23,0,KA Pollard,Wankhede Stadium,HDPK Dharmasena,PR Reiffel,Mumbai Indians,Punjab Kings,Punjab Kings,Mumbai Indians,False,False,League,
274,2011,Delhi,2011-05-02,Delhi Daredevils,Kochi Tuskers Kerala,Kochi Tuskers Kerala,field,normal,0,Kochi Tuskers Kerala,0,7,P Parameswaran,Arun Jaitley Stadium,Asad Rauf,SL Shastri,Delhi Capitals,Kochi Tuskers Kerala,Kochi Tuskers Kerala,Kochi Tuskers Kerala,False,False,League,
275,2011,Hyderabad,2011-05-03,Kolkata Knight Riders,Deccan Chargers,Deccan Chargers,field,normal,0,Kolkata Knight Riders,20,0,YK Pathan,"Rajiv Gandhi International Stadium, Uppal",S Asnani,RJ Tucker,Kolkata Knight Riders,Deccan Chargers,Deccan Chargers,Kolkata Knight Riders,False,False,League,
276,2011,Chennai,2011-05-04,Rajasthan Royals,Chennai Super Kings,Rajasthan Royals,bat,normal,0,Chennai Super Kings,0,8,MEK Hussey,"MA Chidambaram Stadium, Chepauk",SS Hazare,RB Tiffin,Rajasthan Royals,Chennai Super Kings,Rajasthan Royals,Chennai Super Kings,False,False,League,
277,2011,Navi Mumbai,2011-05-04,Mumbai Indians,Pune Warriors,Pune Warriors,field,normal,0,Mumbai Indians,21,0,R Sharma,Dr DY Patil Sports Academy,HDPK Dharmasena,SJA Taufel,Mumbai Indians,Pune Warriors,Pune Warriors,Mumbai Indians,False,False,League,
278,2011,Kochi,2011-05-05,Kochi Tuskers Kerala,Kolkata Knight Riders,Kolkata Knight Riders,field,normal,0,Kochi Tuskers Kerala,17,0,BJ Hodge,Nehru Stadium,S Ravi,RJ Tucker,Kochi Tuskers Kerala,Kolkata Knight Riders,Kolkata Knight Riders,Kochi Tuskers Kerala,False,False,League,
279,2011,Hyderabad,2011-05-05,Deccan Chargers,Delhi Daredevils,Delhi Daredevils,field,normal,0,Delhi Daredevils,0,4,V Sehwag,"Rajiv Gandhi International Stadium, Uppal",Asad Rauf,AM Saheba,Deccan Chargers,Delhi Capitals,Delhi Capitals,Delhi Capitals,False,False,League,
280,2011,Bengaluru,2011-05-06,Royal Challengers Bangalore,Kings XI Punjab,Kings XI Punjab,field,normal,0,Royal Challengers Bangalore,85,0,CH Gayle,M Chinnaswamy Stadium,Aleem Dar,RB Tiffin,Royal Challengers Bengaluru,Punjab Kings,Punjab Kings,Royal Challengers Bengaluru,False,False,League,
281,2011,Kolkata,2011-05-07,Chennai Super Kings,Kolkata Knight Riders,Chennai Super Kings,bat,normal,1,Kolkata Knight Riders,10,0,Iqbal Abdulla,Eden Gardens,Asad Rauf,PR Reiffel,Chennai Super Kings,Kolkata Knight Riders,Chennai Super Kings,Kolkata Knight Riders,False,True,League,
282,2011,Mumbai,2011-05-07,Mumbai Indians,Delhi Daredevils,Delhi Daredevils,field,normal,0,Mumbai Indians,32,0,AT Rayudu,Wankhede Stadium,K Hariharan,SJA Taufel,Mumbai Indians,Delhi Capitals,Delhi Capitals,Mumbai Indians,False,False,League,
283,2011,Bengaluru,2011-05-08,Kochi Tuskers Kerala,Royal Challengers Bangalore,Kochi Tuskers Kerala,bat,normal,0,Royal Challengers Bangalore,0,9,CH Gayle,M Chinnaswamy Stadium,Aleem Dar,SS Hazare,Kochi Tuskers Kerala,Royal Challengers Bengaluru,Kochi Tuskers Kerala,Royal Challengers Bengaluru,False,False,League,
284,2011,Mohali,2011-05-08,Kings XI Punjab,Pune Warriors,Kings XI Punjab,bat,normal,0,Pune Warriors,0,5,R Sharma,Punjab Cricket Association IS Bindra Stadium,SK Tarapore,RJ Tucker,Punjab Kings,Pune Warriors,Punjab Kings,Pune Warriors,False,False,League,
285,2011,Jaipur,2011-05-09,Chennai Super Kings,Rajasthan Royals,Rajasthan Royals,field,normal,0,Chennai Super Kings,63,0,M Vijay,Sawai Mansingh Stadium,K Hariharan,SJA Taufel,Chennai Super Kings,Rajasthan Royals,Rajasthan Royals,Chennai Super Kings,False,False,League,
286,2011,Hyderabad,2011-05-10,Deccan Chargers,Pune Warriors,Deccan Chargers,bat,normal,0,Pune Warriors,0,6,MR Marsh,"Rajiv Gandhi International Stadium, Uppal",Asad Rauf,AM Saheba,Deccan Chargers,Pune Warriors,Deccan Chargers,Pune Warriors,False,False,League,
287,2011,Mohali,2011-05-10,Kings XI Punjab,Mumbai Indians,Mumbai Indians,field,normal,0,Kings XI Punjab,76,0,BA Bhatt,Punjab Cricket Association IS Bindra Stadium,SK Tarapore,RJ Tucker,Punjab Kings,Mumbai Indians,Mumbai Indians,Punjab Kings,False,False,League,
288,2011,Jaipur,2011-05-11,Rajasthan Royals,Royal Challengers Bangalore,Royal Challengers Bangalore,field,normal,0,Royal Challengers Bangalore,0,9,S Aravind,Sawai Mansingh Stadium,HDPK Dharmasena,K Hariharan,Rajasthan Royals,Royal Challengers Bengaluru,Royal Challengers Bengaluru,Royal Challengers Bengaluru,False,False,League,
289,2011,Chennai,2011-05-12,Chennai Super Kings,Delhi Daredevils,Chennai Super Kings,bat,normal,0,Chennai Super Kings,18,0,MS Dhoni,"MA Chidambaram Stadium, Chepauk",AM Saheba,SL Shastri,Chennai Super Kings,Delhi Capitals,Chennai Super Kings,Chennai Super Kings,False,False,League,
290,2011,Indore,2011-05-13,Kochi Tuskers Kerala,Kings XI Punjab,Kings XI Punjab,field,normal,0,Kings XI Punjab,0,6,KD Karthik,Holkar Cricket Stadium,S Asnani,RJ Tucker,Kochi Tuskers Kerala,Punjab Kings,Punjab Kings,Punjab Kings,False,False,League,
291,2011,Bengaluru,2011-05-14,Kolkata Knight Riders,Royal Challengers Bangalore,Royal Challengers Bangalore,field,normal,1,Royal Challengers Bangalore,0,4,CH Gayle,M Chinnaswamy Stadium,RE Koertzen,RB Tiffin,Kolkata Knight Riders,Royal Challengers Bengaluru,Royal Challengers Bengaluru,Royal Challengers Bengaluru,False,True,League,
292,2011,Mumbai,2011-05-14,Deccan Chargers,Mumbai Indians,Deccan Chargers,bat,normal,0,Deccan Chargers,10,0,A Mishra,Wankhede Stadium,S Ravi,SK Tarapore,Deccan Chargers,Mumbai Indians,Deccan Chargers,Deccan Chargers,False,False,League,
293,2011,Dharamsala,2011-05-15,Kings XI Punjab,Delhi Daredevils,Delhi Daredevils,field,normal,0,Kings XI Punjab,29,0,PP Chawla,Himachal Pradesh Cricket Association Stadium,Asad Rauf,SL Shastri,Punjab Kings,Delhi Capitals,Delhi Capitals,Punjab Kings,False,False,League,
294,2011,Indore,2011-05-15,Rajasthan Royals,Kochi Tuskers Kerala,Kochi Tuskers Kerala,field,normal,0,Kochi Tuskers Kerala,0,8,BJ Hodge,Holkar Cricket Stadium,PR Reiffel,RJ Tucker,Rajasthan Royals,Kochi Tuskers Kerala,Kochi Tuskers Kerala,Kochi Tuskers Kerala,False,False,League,
295,2011,Navi Mumbai,2011-05-16,Pune Warriors,Deccan Chargers,Deccan Chargers,field,normal,0,Deccan Chargers,0,6,A Mishra,Dr DY Patil Sports Academy,S Ravi,SK Tarapore,Pune Warriors,Deccan Chargers,Deccan Chargers,Deccan Chargers,False,False,League,
296,2011,Dharamsala,2011-05-17,Kings XI Punjab,Royal Challengers Bangalore,Kings XI Punjab,bat,normal,0,Kings XI Punjab,111,0,AC Gilchrist,Himachal Pradesh Cricket Association Stadium,Asad Rauf,AM Saheba,Punjab Kings,Royal Challengers Bengaluru,Punjab Kings,Punjab Kings,False,False,League,
297,2011,Chennai,2011-05-18,Chennai Super Kings,Kochi Tuskers Kerala,Chennai Super Kings,bat,normal,0,Chennai Super Kings,11,0,WP Saha,"MA Chidambaram Stadium, Chepauk",HDPK Dharmasena,RE Koertzen,Chennai Super Kings,Kochi Tuskers Kerala,Chennai Super Kings,Chennai Super Kings,False,False,League,
298,2011,Navi Mumbai,2011-05-19,Pune Warriors,Kolkata Knight Riders,Kolkata Knight Riders,field,normal,0,Kolkata Knight Riders,0,7,YK Pathan,Dr DY Patil Sports Academy,S Ravi,SJA Taufel,Pune Warriors,Kolkata Knight Riders,Kolkata Knight Riders,Kolkata Knight Riders,False,False,League,
299,2011,Mumbai,2011-05-20,Mumbai Indians,Rajasthan Royals,Mumbai Indians,bat,normal,0,Rajasthan Royals,0,10,SR Watson,Wankhede Stadium,RE Koertzen,PR Reiffel,Mumbai Indians,Rajasthan Royals,Mumbai Indians,Rajasthan Royals,False,False,League,
300,2011,Dharamsala,2011-05-21,Deccan Chargers,Kings XI Punjab,Kings XI Punjab,field,normal,0,Deccan Chargers,82,0,S Dhawan,Himachal Pradesh Cricket Association Stadium,Asad Rauf,AM Saheba,Deccan Chargers,Punjab Kings,Punjab Kings,Deccan Chargers,False,False,League,
301,2011,Delhi,2011-05-21,Delhi Daredevils,Pune Warriors,Delhi Daredevils,bat,no result,0,,0,0,,Arun Jaitley Stadium,SS Hazare,RJ Tucker,Delhi Capitals,Pune Warriors,Delhi Capitals,,True,False,League,
302,2011,Bengaluru,2011-05-22,Chennai Super Kings,Royal Challengers Bangalore,Royal Challengers Bangalore,field,normal,0,Royal Challengers Bangalore,0,8,CH Gayle,M Chinnaswamy Stadium,K Hariharan,RE Koertzen,Chennai Super Kings,Royal Challengers Bengaluru,Royal Challengers Bengaluru,Royal Challengers Bengaluru,False,False,League,
303,2011,Kolkata,2011-05-22,Kolkata Knight Riders,Mumbai Indians,Mumbai Indians,field,normal,0,Mumbai Indians,0,5,JEC Franklin,Eden Gardens,SK Tarapore,SJA Taufel,Kolkata Knight Riders,Mumbai Indians,Mumbai Indians,Mumbai Indians,False,False,League,
304,2011,Mumbai,2011-05-24,Royal Challengers Bangalore,Chennai Super Kings,Chennai Super Kings,field,normal,0,Chennai Super Kings,0,6,SK Raina,Wankhede Stadium,Asad Rauf,SJA Taufel,Royal Challengers Bengaluru,Chennai Super Kings,Chennai Super Kings,Chennai Super Kings,False,False,Playoff,Qualifier 1
305,2011,Mumbai,2011-05-25,Kolkata Knight Riders,Mumbai Indians,Mumbai Indians,field,normal,0,Mumbai Indians,0,4,MM Patel,Wankhede Stadium,Asad Rauf,SJA Taufel,Kolkata Knight Riders,Mumbai Indians,Mumbai Indians,Mumbai Indians,False,False,Playoff,Eliminator
306,2011,Chennai,2011-05-27,Royal Challengers Bangalore,Mumbai Indians,Mumbai Indians,field,normal,0,Royal Challengers Bangalore,43,0,CH Gayle,"MA Chidambaram Stadium, Chepauk",Asad Rauf,SJA Taufel,Royal Challengers Bengaluru,Mumbai Indians,Mumbai Indians,Royal Challengers Bengaluru,False,False,Playoff,Qualifier 2
307,2011,Chennai,2011-05-28,Chennai Super Kings,Royal Challengers Bangalore,Chennai Super Kings,bat,normal,0,Chennai Super Kings,58,0,M Vijay,"MA Chidambaram Stadium, Chepauk",Asad Rauf,SJA Taufel,Chennai Super Kings,Royal Challengers Bengaluru,Chennai Super Kings,Chennai Super Kings,False,False,Playoff,Final
308,2012,Chennai,2012-04-04,Chennai Super Kings,Mumbai Indians,Mumbai Indians,field,normal,0,Mumbai Indians,0,8,RE Levi,"MA Chidambaram Stadium, Chepauk",JD Cloete,SJA Taufel,Chennai Super Kings,Mumbai Indians,Mumbai Indians,Mumbai Indians,False,False,League,
309,2012,Kolkata,2012-04-05,Kolkata Knight Riders,Delhi Daredevils,Delhi Daredevils,field,normal,0,Delhi Daredevils,0,8,IK Pathan,Eden Gardens,S Asnani,HDPK Dharmasena,Kolkata Knight Riders,Delhi Capitals,Delhi Capitals,Delhi Capitals,False,False,League,
310,2012,Mumbai,2012-04-06,Pune Warriors,Mumbai Indians,Mumbai Indians,field,normal,0,Pune Warriors,28,0,SPD Smith,Wankhede Stadium,AK Chaudhary,SJA Taufel,Pune Warriors,Mumbai Indians,Mumbai Indians,Pune Warriors,False,False,League,
311,2012,Jaipur,2012-04-06,Rajasthan Royals,Kings XI Punjab,Kings XI Punjab,field,normal,0,Rajasthan Royals,31,0,AM Rahane,Sawai Mansingh Stadium,BF Bowden,SK Tarapore,Rajasthan Royals,Punjab Kings,Punjab Kings,Rajasthan Royals,False,False,League,
312,2012,Bengaluru,2012-04-07,Royal Challengers Bangalore,Delhi Daredevils,Delhi Daredevils,field,normal,0,Royal Challengers Bangalore,20,0,AB de Villiers,M Chinnaswamy Stadium,S Asnani,S Ravi,Royal Challengers Bengaluru,Delhi Capitals,Delhi Capitals,Royal Challengers Bengaluru,False,False,League,
313,2012,Visakhapatnam,2012-04-07,Chennai Super Kings,Deccan Chargers,Deccan Chargers,field,normal,0,Chennai Super Kings,74,0,RA Jadeja,Dr. Y.S. Rajasekhara Reddy ACA-VDCA Cricket Stadium,JD Cloete,HDPK Dharmasena,Chennai Super Kings,Deccan Chargers,Deccan Chargers,Chennai Super Kings,False,False,League,
314,2012,Jaipur,2012-04-08,Rajasthan Royals,Kolkata Knight Riders,Kolkata Knight Riders,field,normal,0,Rajasthan Royals,22,0,BJ Hodge,Sawai Mansingh Stadium,BF Bowden,VA Kulkarni,Rajasthan Royals,Kolkata Knight Riders,Kolkata Knight Riders,Rajasthan Royals,False,False,League,
315,2012,Pune,2012-04-08,Pune Warriors,Kings XI Punjab,Pune Warriors,bat,normal,0,Pune Warriors,22,0,MN Samuels,Maharashtra Cricket Association Stadium,S Das,SJA Taufel,Pune Warriors,Punjab Kings,Pune Warriors,Pune Warriors,False,False,League,
316,2012,Visakhapatnam,2012-04-09,Deccan Chargers,Mumbai Indians,Deccan Chargers,bat,normal,0,Mumbai Indians,0,5,RG Sharma,Dr. Y.S. Rajasekhara Reddy ACA-VDCA Cricket Stadium,AK Chaudhary,JD Cloete,Deccan Chargers,Mumbai Indians,Deccan Chargers,Mumbai Indians,False,False,League,
317,2012,Bengaluru,2012-04-10,Kolkata Knight Riders,Royal Challengers Bangalore,Royal Challengers Bangalore,field,normal,0,Kolkata Knight Riders,42,0,L Balaji,M Chinnaswamy Stadium,S Ravi,RJ Tucker,Kolkata Knight Riders,Royal Challengers Bengaluru,Royal Challengers Bengaluru,Kolkata Knight Riders,False,False,League,
318,2012,Delhi,2012-04-10,Chennai Super Kings,Delhi Daredevils,Delhi Daredevils,field,normal,0,Delhi Daredevils,0,8,M Morkel,Arun Jaitley Stadium,Asad Rauf,SK Tarapore,Chennai Super Kings,Delhi Capitals,Delhi Capitals,Delhi Capitals,False,False,League,
319,2012,Mumbai,2012-04-11,Mumbai Indians,Rajasthan Royals,Rajasthan Royals,field,normal,0,Mumbai Indians,27,0,KA Pollard,Wankhede Stadium,Aleem Dar,BNJ Oxenford,Mumbai Indians,Rajasthan Royals,Rajasthan Royals,Mumbai Indians,False,False,League,
320,2012,Chennai,2012-04-12,Royal Challengers Bangalore,Chennai Super Kings,Royal Challengers Bangalore,bat,normal,0,Chennai Super Kings,0,5,F du Plessis,"MA Chidambaram Stadium, Chepauk",HDPK Dharmasena,RJ Tucker,Royal Challengers Bengaluru,Chennai Super Kings,Royal Challengers Bengaluru,Chennai Super Kings,False,False,League,
321,2012,Mohali,2012-04-12,Pune Warriors,Kings XI Punjab,Kings XI Punjab,field,normal,0,Kings XI Punjab,0,7,AD Mascarenhas,Punjab Cricket Association IS Bindra Stadium,VA Kulkarni,SK Tarapore,Pune Warriors,Punjab Kings,Punjab Kings,Punjab Kings,False,False,League,
322,2012,Kolkata,2012-04-13,Rajasthan Royals,Kolkata Knight Riders,Rajasthan Royals,bat,normal,0,Kolkata Knight Riders,0,5,Shakib Al Hasan,Eden Gardens,Asad Rauf,S Asnani,Rajasthan Royals,Kolkata Knight Riders,Rajasthan Royals,Kolkata Knight Riders,False,False,League,
324,2012,Pune,2012-04-14,Chennai Super Kings,Pune Warriors,Chennai Super Kings,bat,normal,0,Pune Warriors,0,7,JD Ryder,Maharashtra Cricket Association Stadium,Aleem Dar,BNJ Oxenford,Chennai Super Kings,Pune Warriors,Chennai Super Kings,Pune Warriors,False,False,League,
325,2012,Kolkata,2012-04-15,Kings XI Punjab,Kolkata Knight Riders,Kolkata Knight Riders,field,normal,0,Kings XI Punjab,2,0,SP Narine,Eden Gardens,Asad Rauf,S Asnani,Punjab Kings,Kolkata Knight Riders,Kolkata Knight Riders,Punjab Kings,False,False,League,
326,2012,Bengaluru,2012-04-15,Rajasthan Royals,Royal Challengers Bangalore,Rajasthan Royals,bat,normal,0,Rajasthan Royals,59,0,AM Rahane,M Chinnaswamy Stadium,JD Cloete,RJ Tucker,Rajasthan Royals,Royal Challengers Bengaluru,Rajasthan Royals,Rajasthan Royals,False,False,League,
327,2012,Mumbai,2012-04-16,Mumbai Indians,Delhi Daredevils,Delhi Daredevils,field,normal,0,Delhi Daredevils,0,7,S Nadeem,Wankhede Stadium,BF Bowden,SK Tarapore,Mumbai Indians,Delhi Capitals,Delhi Capitals,Delhi Capitals,False,False,League,
328,2012,Jaipur,2012-04-17,Deccan Chargers,Rajasthan Royals,Deccan Chargers,bat,normal,0,Rajasthan Royals,0,5,BJ Hodge,Sawai Mansingh Stadium,Aleem Dar,BNJ Oxenford,Deccan Chargers,Rajasthan Royals,Deccan Chargers,Rajasthan Royals,False,False,League,
329,2012,Bengaluru,2012-04-17,Pune Warriors,Royal Challengers Bangalore,Pune Warriors,bat,normal,0,Royal Challengers Bangalore,0,6,CH Gayle,M Chinnaswamy Stadium,S Asnani,S Das,Pune Warriors,Royal Challengers Bengaluru,Pune Warriors,Royal Challengers Bengaluru,False,False,League,
330,2012,Mohali,2012-04-18,Kings XI Punjab,Kolkata Knight Riders,Kings XI Punjab,bat,normal,0,Kolkata Knight Riders,0,8,G Gambhir,Punjab Cricket Association IS Bindra Stadium,JD Cloete,RJ Tucker,Punjab Kings,Kolkata Knight Riders,Punjab Kings,Kolkata Knight Riders,False,False,League,
323,2012,Delhi,2012-04-19,Deccan Chargers,Delhi Daredevils,Deccan Chargers,bat,normal,0,Delhi Daredevils,0,5,KP Pietersen,Arun Jaitley Stadium,BF Bowden,SK Tarapore,Deccan Chargers,Delhi Capitals,Deccan Chargers,Delhi Capitals,False,False,League,
332,2012,Chennai,2012-04-19,Chennai Super Kings,Pune Warriors,Pune Warriors,field,normal,0,Chennai Super Kings,13,0,KMDN Kulasekara,"MA Chidambaram Stadium, Chepauk",Asad Rauf,S Das,Chennai Super Kings,Pune Warriors,Pune Warriors,Chennai Super Kings,False,False,League,
333,2012,Mohali,2012-04-20,Kings XI Punjab,Royal Challengers Bangalore,Royal Challengers Bangalore,field,normal,0,Royal Challengers Bangalore,0,5,CH Gayle,Punjab Cricket Association IS Bindra Stadium,S Ravi,RJ Tucker,Punjab Kings,Royal Challengers Bengaluru,Royal Challengers Bengaluru,Royal Challengers Bengaluru,False,False,League,
334,2012,Chennai,2012-04-21,Rajasthan Royals,Chennai Super Kings,Rajasthan Royals,bat,normal,0,Chennai Super Kings,0,7,F du Plessis,"MA Chidambaram Stadium, Chepauk",Aleem Dar,BNJ Oxenford,Rajasthan Royals,Chennai Super Kings,Rajasthan Royals,Chennai Super Kings,False,False,League,
335,2012,Delhi,2012-04-21,Pune Warriors,Delhi Daredevils,Delhi Daredevils,field,normal,0,Pune Warriors,20,0,SC Ganguly,Arun Jaitley Stadium,Asad Rauf,S Das,Pune Warriors,Delhi Capitals,Delhi Capitals,Pune Warriors,False,False,League,
336,2012,Mumbai,2012-04-22,Mumbai Indians,Kings XI Punjab,Mumbai Indians,bat,normal,0,Kings XI Punjab,0,6,SE Marsh,Wankhede Stadium,S Ravi,RJ Tucker,Mumbai Indians,Punjab Kings,Mumbai Indians,Punjab Kings,False,False,League,
337,2012,Cuttack,2012-04-22,Deccan Chargers,Kolkata Knight Riders,Kolkata Knight Riders,field,normal,0,Kolkata Knight Riders,0,5,B Lee,Barabati Stadium,BF Bowden,SK Tarapore,Deccan Chargers,Kolkata Knight Riders,Kolkata Knight Riders,Kolkata Knight Riders,False,False,League,
338,2012,Jaipur,2012-04-23,Royal Challengers Bangalore,Rajasthan Royals,Rajasthan Royals,field,normal,0,Royal Challengers Bangalore,46,0,AB de Villiers,Sawai Mansingh Stadium,Asad Rauf,S Asnani,Royal Challengers Bengaluru,Rajasthan Royals,Rajasthan Royals,Royal Challengers Bengaluru,False,False,League,
339,2012,Pune,2012-04-24,Pune Warriors,Delhi Daredevils,Pune Warriors,bat,normal,0,Delhi Daredevils,0,8,V Sehwag,Maharashtra Cricket Association Stadium,S Ravi,RJ Tucker,Pune Warriors,Delhi Capitals,Pune Warriors,Delhi Capitals,False,False,League,
340,2012,Mohali,2012-04-25,Kings XI Punjab,Mumbai Indians,Kings XI Punjab,bat,normal,0,Mumbai Indians,0,4,AT Rayudu,Punjab Cricket Association IS Bindra Stadium,Aleem Dar,BNJ Oxenford,Punjab Kings,Mumbai Indians,Punjab Kings,Mumbai Indians,False,False,League,
341,2012,Pune,2012-04-26,Deccan Chargers,Pune Warriors,Deccan Chargers,bat,normal,0,Deccan Chargers,18,0,CL White,Maharashtra Cricket Association Stadium,S Ravi,RJ Tucker,Deccan Chargers,Pune Warriors,Deccan Chargers,Deccan Chargers,False,False,League,
342,2012,Delhi,2012-04-27,Delhi Daredevils,Mumbai Indians,Mumbai Indians,field,normal,0,Delhi Daredevils,37,0,V Sehwag,Arun Jaitley Stadium,Aleem Dar,BNJ Oxenford,Delhi Capitals,Mumbai Indians,Mumbai Indians,Delhi Capitals,False,False,League,
343,2012,Chennai,2012-04-28,Kings XI Punjab,Chennai Super Kings,Kings XI Punjab,bat,normal,0,Kings XI Punjab,7,0,Mandeep Singh,"MA Chidambaram Stadium, Chepauk",BF Bowden,SK Tarapore,Punjab Kings,Chennai Super Kings,Punjab Kings,Punjab Kings,False,False,League,
344,2012,Kolkata,2012-04-28,Kolkata Knight Riders,Royal Challengers Bangalore,Kolkata Knight Riders,bat,normal,0,Kolkata Knight Riders,47,0,G Gambhir,Eden Gardens,Asad Rauf,BR Doctrove,Kolkata Knight Riders,Royal Challengers Bengaluru,Kolkata Knight Riders,Kolkata Knight Riders,False,False,League,
345,2012,Delhi,2012-04-29,Delhi Daredevils,Rajasthan Royals,Delhi Daredevils,bat,normal,0,Delhi Daredevils,1,0,V Sehwag,Arun Jaitley Stadium,S Ravi,RJ Tucker,Delhi Capitals,Rajasthan Royals,Delhi Capitals,Delhi Capitals,False,False,League,
346,2012,Mumbai,2012-04-29,Deccan Chargers,Mumbai Indians,Mumbai Indians,field,normal,0,Mumbai Indians,0,5,DW Steyn,Wankhede Stadium,AK Chaudhary,BNJ Oxenford,Deccan Chargers,Mumbai Indians,Mumbai Indians,Mumbai Indians,False,False,League,
347,2012,Chennai,2012-04-30,Chennai Super Kings,Kolkata Knight Riders,Chennai Super Kings,bat,normal,0,Kolkata Knight Riders,0,5,G Gambhir,"MA Chidambaram Stadium, Chepauk",BF Bowden,C Shamshuddin,Chennai Super Kings,Kolkata Knight Riders,Chennai Super Kings,Kolkata Knight Riders,False,False,League,
348,2012,Cuttack,2012-05-01,Deccan Chargers,Pune Warriors,Deccan Chargers,bat,normal,0,Deccan Chargers,13,0,KC Sangakkara,Barabati Stadium,Aleem Dar,AK Chaudhary,Deccan Chargers,Pune Warriors,Deccan Chargers,Deccan Chargers,False,False,League,
349,2012,Jaipur,2012-05-01,Rajasthan Royals,Delhi Daredevils,Rajasthan Royals,bat,normal,0,Delhi Daredevils,0,6,P Negi,Sawai Mansingh Stadium,JD Cloete,SJA Taufel,Rajasthan Royals,Delhi Capitals,Rajasthan Royals,Delhi Capitals,False,False,League,
350,2012,Bengaluru,2012-05-02,Royal Challengers Bangalore,Kings XI Punjab,Kings XI Punjab,field,normal,0,Kings XI Punjab,0,4,Azhar Mahmood,M Chinnaswamy Stadium,BF Bowden,C Shamshuddin,Royal Challengers Bengaluru,Punjab Kings,Punjab Kings,Punjab Kings,False,False,League,
351,2012,Pune,2012-05-03,Mumbai Indians,Pune Warriors,Mumbai Indians,bat,normal,0,Mumbai Indians,1,0,SL Malinga,Maharashtra Cricket Association Stadium,Asad Rauf,S Asnani,Mumbai Indians,Pune Warriors,Mumbai Indians,Mumbai Indians,False,False,League,
352,2012,Chennai,2012-05-04,Chennai Super Kings,Deccan Chargers,Chennai Super Kings,bat,normal,0,Chennai Super Kings,10,0,SK Raina,"MA Chidambaram Stadium, Chepauk",HDPK Dharmasena,BNJ Oxenford,Chennai Super Kings,Deccan Chargers,Chennai Super Kings,Chennai Super Kings,False,False,League,
353,2012,Kolkata,2012-05-05,Kolkata Knight Riders,Pune Warriors,Kolkata Knight Riders,bat,normal,0,Kolkata Knight Riders,7,0,SP Narine,Eden Gardens,BF Bowden,SK Tarapore,Kolkata Knight Riders,Pune Warriors,Kolkata Knight Riders,Kolkata Knight Riders,False,False,League,
354,2012,Mohali,2012-05-05,Rajasthan Royals,Kings XI Punjab,Rajasthan Royals,bat,normal,0,Rajasthan Royals,43,0,SR Watson,Punjab Cricket Association IS Bindra Stadium,JD Cloete,SJA Taufel,Rajasthan Royals,Punjab Kings,Rajasthan Royals,Rajasthan Royals,False,False,League,
355,2012,Mumbai,2012-05-06,Chennai Super Kings,Mumbai Indians,Mumbai Indians,field,normal,0,Mumbai Indians,0,2,DR Smith,Wankhede Stadium,Asad Rauf,S Asnani,Chennai Super Kings,Mumbai Indians,Mumbai Indians,Mumbai Indians,False,False,League,
356,2012,Bengaluru,2012-05-06,Deccan Chargers,Royal Challengers Bangalore,Royal Challengers Bangalore,field,normal,0,Royal Challengers Bangalore,0,5,AB de Villiers,M Chinnaswamy Stadium,HDPK Dharmasena,BNJ Oxenford,Deccan Chargers,Royal Challengers Bengaluru,Royal Challengers Bengaluru,Royal Challengers Bengaluru,False,False,League,
357,2012,Delhi,2012-05-07,Delhi Daredevils,Kolkata Knight Riders,Delhi Daredevils,bat,normal,0,Kolkata Knight Riders,0,6,JH Kallis,Arun Jaitley Stadium,JD Cloete,S Ravi,Delhi Capitals,Kolkata Knight Riders,Delhi Capitals,Kolkata Knight Riders,False,False,League,
358,2012,Pune,2012-05-08,Pune Warriors,Rajasthan Royals,Pune Warriors,bat,normal,0,Rajasthan Royals,0,7,SR Watson,Maharashtra Cricket Association Stadium,Asad Rauf,BR Doctrove,Pune Warriors,Rajasthan Royals,Pune Warriors,Rajasthan Royals,False,False,League,
359,2012,Hyderabad,2012-05-08,Kings XI Punjab,Deccan Chargers,Deccan Chargers,field,normal,0,Kings XI Punjab,25,0,Mandeep Singh,"Rajiv Gandhi International Stadium, Uppal",HDPK Dharmasena,BNJ Oxenford,Punjab Kings,Deccan Chargers,Deccan Chargers,Punjab Kings,False,False,League,
360,2012,Mumbai,2012-05-09,Mumbai Indians,Royal Challengers Bangalore,Royal Challengers Bangalore,field,normal,0,Royal Challengers Bangalore,0,9,CH Gayle,Wankhede Stadium,BF Bowden,VA Kulkarni,Mumbai Indians,Royal Challengers Bengaluru,Royal Challengers Bengaluru,Royal Challengers Bengaluru,False,False,League,
331,2012,Hyderabad,2012-05-10,Deccan Chargers,Delhi Daredevils,Deccan Chargers,bat,normal,0,Delhi Daredevils,0,9,DA Warner,"Rajiv Gandhi International Stadium, Uppal",JD Cloete,SJA Taufel,Deccan Chargers,Delhi Capitals,Deccan Chargers,Delhi Capitals,False,False,League,
361,2012,Jaipur,2012-05-10,Rajasthan Royals,Chennai Super Kings,Chennai Super Kings,field,normal,0,Chennai Super Kings,0,4,BW Hilfenhaus,Sawai Mansingh Stadium,BNJ Oxenford,C Shamshuddin,Rajasthan Royals,Chennai Super Kings,Chennai Super Kings,Chennai Super Kings,False,False,League,
362,2012,Pune,2012-05-11,Royal Challengers Bangalore,Pune Warriors,Pune Warriors,field,normal,0,Royal Challengers Bangalore,35,0,CH Gayle,Maharashtra Cricket Association Stadium,BF Bowden,SK Tarapore,Royal Challengers Bengaluru,Pune Warriors,Pune Warriors,Royal Challengers Bengaluru,False,False,League,
363,2012,Kolkata,2012-05-12,Mumbai Indians,Kolkata Knight Riders,Mumbai Indians,bat,normal,0,Mumbai Indians,27,0,RG Sharma,Eden Gardens,S Ravi,SJA Taufel,Mumbai Indians,Kolkata Knight Riders,Mumbai Indians,Mumbai Indians,False,False,League,
364,2012,Chennai,2012-05-12,Delhi Daredevils,Chennai Super Kings,Chennai Super Kings,field,normal,0,Chennai Super Kings,0,9,BW Hilfenhaus,"MA Chidambaram Stadium, Chepauk",S Das,BR Doctrove,Delhi Capitals,Chennai Super Kings,Chennai Super Kings,Chennai Super Kings,False,False,League,
365,2012,Jaipur,2012-05-13,Rajasthan Royals,Pune Warriors,Rajasthan Royals,bat,normal,0,Rajasthan Royals,45,0,A Chandila,Sawai Mansingh Stadium,BF Bowden,SK Tarapore,Rajasthan Royals,Pune Warriors,Rajasthan Royals,Rajasthan Royals,False,False,League,
366,2012,Mohali,2012-05-13,Deccan Chargers,Kings XI Punjab,Deccan Chargers,bat,normal,0,Kings XI Punjab,0,4,DJ Hussey,Punjab Cricket Association IS Bindra Stadium,HDPK Dharmasena,BNJ Oxenford,Deccan Chargers,Punjab Kings,Deccan Chargers,Punjab Kings,False,False,League,
367,2012,Bengaluru,2012-05-14,Royal Challengers Bangalore,Mumbai Indians,Mumbai Indians,field,normal,0,Mumbai Indians,0,5,AT Rayudu,M Chinnaswamy Stadium,S Das,BR Doctrove,Royal Challengers Bengaluru,Mumbai Indians,Mumbai Indians,Mumbai Indians,False,False,League,
368,2012,Kolkata,2012-05-14,Kolkata Knight Riders,Chennai Super Kings,Chennai Super Kings,field,normal,0,Chennai Super Kings,0,5,MEK Hussey,Eden Gardens,JD Cloete,SJA Taufel,Kolkata Knight Riders,Chennai Super Kings,Chennai Super Kings,Chennai Super Kings,False,False,League,
369,2012,Delhi,2012-05-15,Kings XI Punjab,Delhi Daredevils,Kings XI Punjab,bat,normal,0,Delhi Daredevils,0,5,UT Yadav,Arun Jaitley Stadium,HDPK Dharmasena,BNJ Oxenford,Punjab Kings,Delhi Capitals,Punjab Kings,Delhi Capitals,False,False,League,
370,2012,Mumbai,2012-05-16,Kolkata Knight Riders,Mumbai Indians,Mumbai Indians,field,normal,0,Kolkata Knight Riders,32,0,SP Narine,Wankhede Stadium,S Das,BR Doctrove,Kolkata Knight Riders,Mumbai Indians,Mumbai Indians,Kolkata Knight Riders,False,False,League,
371,2012,Dharamsala,2012-05-17,Chennai Super Kings,Kings XI Punjab,Kings XI Punjab,field,normal,0,Kings XI Punjab,0,6,AC Gilchrist,Himachal Pradesh Cricket Association Stadium,VA Kulkarni,SK Tarapore,Chennai Super Kings,Punjab Kings,Punjab Kings,Punjab Kings,False,False,League,
372,2012,Delhi,2012-05-17,Royal Challengers Bangalore,Delhi Daredevils,Delhi Daredevils,field,normal,0,Royal Challengers Bangalore,21,0,CH Gayle,Arun Jaitley Stadium,HDPK Dharmasena,C Shamshuddin,Royal Challengers Bengaluru,Delhi Capitals,Delhi Capitals,Royal Challengers Bengaluru,False,False,League,
373,2012,Hyderabad,2012-05-18,Rajasthan Royals,Deccan Chargers,Rajasthan Royals,bat,normal,0,Deccan Chargers,0,5,DW Steyn,"Rajiv Gandhi International Stadium, Uppal",S Ravi,SJA Taufel,Rajasthan Royals,Deccan Chargers,Rajasthan Royals,Deccan Chargers,False,False,League,
374,2012,Dharamsala,2012-05-19,Kings XI Punjab,Delhi Daredevils,Delhi Daredevils,field,normal,0,Delhi Daredevils,0,6,UT Yadav,Himachal Pradesh Cricket Association Stadium,BF Bowden,VA Kulkarni,Punjab Kings,Delhi Capitals,Delhi Capitals,Delhi Capitals,False,False,League,
375,2012,Pune,2012-05-19,Kolkata Knight Riders,Pune Warriors,Kolkata Knight Riders,bat,normal,0,Kolkata Knight Riders,34,0,Shakib Al Hasan,Maharashtra Cricket Association Stadium,S Asnani,BR Doctrove,Kolkata Knight Riders,Pune Warriors,Kolkata Knight Riders,Kolkata Knight Riders,False,False,League,
376,2012,Hyderabad,2012-05-20,Deccan Chargers,Royal Challengers Bangalore,Royal Challengers Bangalore,field,normal,0,Deccan Chargers,9,0,DW Steyn,"Rajiv Gandhi International Stadium, Uppal",S Ravi,SJA Taufel,Deccan Chargers,Royal Challengers Bengaluru,Royal Challengers Bengaluru,Deccan Chargers,False,False,League,
377,2012,Jaipur,2012-05-20,Rajasthan Royals,Mumbai Indians,Rajasthan Royals,bat,normal,0,Mumbai Indians,0,10,DR Smith,Sawai Mansingh Stadium,HDPK Dharmasena,C Shamshuddin,Rajasthan Royals,Mumbai Indians,Rajasthan Royals,Mumbai Indians,False,False,League,
378,2012,Pune,2012-05-22,Kolkata Knight Riders,Delhi Daredevils,Kolkata Knight Riders,bat,normal,0,Kolkata Knight Riders,18,0,YK Pathan,Maharashtra Cricket Association Stadium,BR Doctrove,SJA Taufel,Kolkata Knight Riders,Delhi Capitals,Kolkata Knight Riders,Kolkata Knight Riders,False,False,Playoff,Qualifier 1
379,2012,Bengaluru,2012-05-23,Chennai Super Kings,Mumbai Indians,Mumbai Indians,field,normal,0,Chennai Super Kings,38,0,MS Dhoni,M Chinnaswamy Stadium,BF Bowden,HDPK Dharmasena,Chennai Super Kings,Mumbai Indians,Mumbai Indians,Chennai Super Kings,False,False,Playoff,Eliminator
380,2012,Chennai,2012-05-25,Chennai Super Kings,Delhi Daredevils,Delhi Daredevils,field,normal,0,Chennai Super Kings,86,0,M Vijay,"MA Chidambaram Stadium, Chepauk",BR Doctrove,SJA Taufel,Chennai Super Kings,Delhi Capitals,Delhi Capitals,Chennai Super Kings,False,False,Playoff,Qualifier 2
381,2012,Chennai,2012-05-27,Chennai Super Kings,Kolkata Knight Riders,Chennai Super Kings,bat,normal,0,Kolkata Knight Riders,0,5,MS Bisla,"MA Chidambaram Stadium, Chepauk",BF Bowden,SJA Taufel,Chennai Super Kings,Kolkata Knight Riders,Chennai Super Kings,Kolkata Knight Riders,False,False,Playoff,Final
382,2013,Kolkata,2013-04-03,Delhi Daredevils,Kolkata Knight Riders,Kolkata Knight Riders,field,normal,0,Kolkata Knight Riders,0,6,SP Narine,Eden Gardens,S Ravi,SJA Taufel,Delhi Capitals,Kolkata Knight Riders,Kolkata Knight Riders,Kolkata Knight Riders,False,False,League,
383,2013,Bengaluru,2013-04-04,Royal Challengers Bangalore,Mumbai Indians,Mumbai Indians,field,normal,0,Royal Challengers Bangalore,2,0,CH Gayle,M Chinnaswamy Stadium,VA Kulkarni,C Shamshuddin,Royal Challengers Bengaluru,Mumbai Indians,Mumbai Indians,Royal Challengers Bengaluru,False,False,League,
384,2013,Hyderabad,2013-04-05,Sunrisers Hyderabad,Pune Warriors,Pune Warriors,field,normal,0,Sunrisers Hyderabad,22,0,A Mishra,"Rajiv Gandhi International Stadium, Uppal",S Ravi,SJA Taufel,Sunrisers Hyderabad,Pune Warriors,Pune Warriors,Sunrisers Hyderabad,False,False,League,
385,2013,Delhi,2013-04-06,Rajasthan Royals,Delhi Daredevils,Rajasthan Royals,bat,normal,0,Rajasthan Royals,5,0,R Dravid,Arun Jaitley Stadium,S Das,C Shamshuddin,Rajasthan Royals,Delhi Capitals,Rajasthan Royals,Rajasthan Royals,False,False,League,
386,2013,Chennai,2013-04-06,Mumbai Indians,Chennai Super Kings,Mumbai Indians,bat,normal,0,Mumbai Indians,9,0,KA Pollard,"MA Chidambaram Stadium, Chepauk",M Erasmus,VA Kulkarni,Mumbai Indians,Chennai Super Kings,Mumbai Indians,Mumbai Indians,False,False,League,
387,2013,Pune,2013-04-07,Pune Warriors,Kings XI Punjab,Pune Warriors,bat,normal,0,Kings XI Punjab,0,8,M Vohra,Maharashtra Cricket Association Stadium,S Asnani,SJA Taufel,Pune Warriors,Punjab Kings,Pune Warriors,Punjab Kings,False,False,League,
388,2013,Hyderabad,2013-04-07,Royal Challengers Bangalore,Sunrisers Hyderabad,Royal Challengers Bangalore,bat,tie,0,Sunrisers Hyderabad,0,0,GH Vihari,"Rajiv Gandhi International Stadium, Uppal",AK Chaudhary,S Ravi,Royal Challengers Bengaluru,Sunrisers Hyderabad,Royal Challengers Bengaluru,Sunrisers Hyderabad,False,False,League,
389,2013,Jaipur,2013-04-08,Rajasthan Royals,Kolkata Knight Riders,Kolkata Knight Riders,field,normal,0,Rajasthan Royals,19,0,SK Trivedi,Sawai Mansingh Stadium,Aleem Dar,S Das,Rajasthan Royals,Kolkata Knight Riders,Kolkata Knight Riders,Rajasthan Royals,False,False,League,
390,2013,Mumbai,2013-04-09,Mumbai Indians,Delhi Daredevils,Mumbai Indians,bat,normal,0,Mumbai Indians,44,0,KD Karthik,Wankhede Stadium,M Erasmus,VA Kulkarni,Mumbai Indians,Delhi Capitals,Mumbai Indians,Mumbai Indians,False,False,League,
432,2013,Bengaluru,2013-04-09,Sunrisers Hyderabad,Royal Challengers Bangalore,Sunrisers Hyderabad,bat,normal,0,Royal Challengers Bangalore,0,7,V Kohli,M Chinnaswamy Stadium,S Ravi,SJA Taufel,Sunrisers Hyderabad,Royal Challengers Bengaluru,Sunrisers Hyderabad,Royal Challengers Bengaluru,False,False,League,
391,2013,Mohali,2013-04-10,Kings XI Punjab,Chennai Super Kings,Chennai Super Kings,field,normal,0,Chennai Super Kings,0,10,MEK Hussey,Punjab Cricket Association IS Bindra Stadium,Aleem Dar,C Shamshuddin,Punjab Kings,Chennai Super Kings,Chennai Super Kings,Chennai Super Kings,False,False,League,
392,2013,Bengaluru,2013-04-11,Kolkata Knight Riders,Royal Challengers Bangalore,Royal Challengers Bangalore,field,normal,0,Royal Challengers Bangalore,0,8,CH Gayle,M Chinnaswamy Stadium,Asad Rauf,AK Chaudhary,Kolkata Knight Riders,Royal Challengers Bengaluru,Royal Challengers Bengaluru,Royal Challengers Bengaluru,False,False,League,
393,2013,Pune,2013-04-11,Rajasthan Royals,Pune Warriors,Rajasthan Royals,bat,normal,0,Pune Warriors,0,7,AJ Finch,Maharashtra Cricket Association Stadium,M Erasmus,K Srinath,Rajasthan Royals,Pune Warriors,Rajasthan Royals,Pune Warriors,False,False,League,
394,2013,Delhi,2013-04-12,Delhi Daredevils,Sunrisers Hyderabad,Delhi Daredevils,bat,normal,0,Sunrisers Hyderabad,0,3,A Mishra,Arun Jaitley Stadium,Aleem Dar,Subroto Das,Delhi Capitals,Sunrisers Hyderabad,Delhi Capitals,Sunrisers Hyderabad,False,False,League,
395,2013,Mumbai,2013-04-13,Mumbai Indians,Pune Warriors,Mumbai Indians,bat,normal,0,Mumbai Indians,41,0,RG Sharma,Wankhede Stadium,S Ravi,SJA Taufel,Mumbai Indians,Pune Warriors,Mumbai Indians,Mumbai Indians,False,False,League,
396,2013,Chennai,2013-04-13,Royal Challengers Bangalore,Chennai Super Kings,Chennai Super Kings,field,normal,0,Chennai Super Kings,0,4,RA Jadeja,"MA Chidambaram Stadium, Chepauk",Asad Rauf,AK Chaudhary,Royal Challengers Bengaluru,Chennai Super Kings,Chennai Super Kings,Chennai Super Kings,False,False,League,
397,2013,Kolkata,2013-04-14,Kolkata Knight Riders,Sunrisers Hyderabad,Kolkata Knight Riders,bat,normal,0,Kolkata Knight Riders,48,0,G Gambhir,Eden Gardens,M Erasmus,VA Kulkarni,Kolkata Knight Riders,Sunrisers Hyderabad,Kolkata Knight Riders,Kolkata Knight Riders,False,False,League,
398,2013,Jaipur,2013-04-14,Kings XI Punjab,Rajasthan Royals,Rajasthan Royals,field,normal,0,Rajasthan Royals,0,6,JP Faulkner,Sawai Mansingh Stadium,Aleem Dar,C Shamshuddin,Punjab Kings,Rajasthan Royals,Rajasthan Royals,Rajasthan Royals,False,False,League,
399,2013,Chennai,2013-04-15,Pune Warriors,Chennai Super Kings,Pune Warriors,bat,normal,0,Pune Warriors,24,0,SPD Smith,"MA Chidambaram Stadium, Chepauk",Asad Rauf,AK Chaudhary,Pune Warriors,Chennai Super Kings,Pune Warriors,Pune Warriors,False,False,League,
400,2013,Mohali,2013-04-16,Kings XI Punjab,Kolkata Knight Riders,Kolkata Knight Riders,field,normal,0,Kings XI Punjab,4,0,MS Gony,Punjab Cricket Association IS Bindra Stadium,CK Nandan,SJA Taufel,Punjab Kings,Kolkata Knight Riders,Kolkata Knight Riders,Punjab Kings,False,False,League,
401,2013,Bengaluru,2013-04-16,Delhi Daredevils,Royal Challengers Bangalore,Royal Challengers Bangalore,field,tie,0,Royal Challengers Bangalore,0,0,V Kohli,M Chinnaswamy Stadium,M Erasmus,VA Kulkarni,Delhi Capitals,Royal Challengers Bengaluru,Royal Challengers Bengaluru,Royal Challengers Bengaluru,False,False,League,
402,2013,Pune,2013-04-17,Sunrisers Hyderabad,Pune Warriors,Pune Warriors,field,normal,0,Sunrisers Hyderabad,11,0,A Mishra,Maharashtra Cricket Association Stadium,Asad Rauf,AK Chaudhary,Sunrisers Hyderabad,Pune Warriors,Pune Warriors,Sunrisers Hyderabad,False,False,League,
403,2013,Jaipur,2013-04-17,Rajasthan Royals,Mumbai Indians,Rajasthan Royals,bat,normal,0,Rajasthan Royals,87,0,AM Rahane,Sawai Mansingh Stadium,Aleem Dar,C Shamshuddin,Rajasthan Royals,Mumbai Indians,Rajasthan Royals,Rajasthan Royals,False,False,League,
404,2013,Delhi,2013-04-18,Chennai Super Kings,Delhi Daredevils,Chennai Super Kings,bat,normal,0,Chennai Super Kings,86,0,MEK Hussey,Arun Jaitley Stadium,M Erasmus,VA Kulkarni,Chennai Super Kings,Delhi Capitals,Chennai Super Kings,Chennai Super Kings,False,False,League,
405,2013,Hyderabad,2013-04-19,Kings XI Punjab,Sunrisers Hyderabad,Kings XI Punjab,bat,normal,0,Sunrisers Hyderabad,0,5,GH Vihari,"Rajiv Gandhi International Stadium, Uppal",HDPK Dharmasena,CK Nandan,Punjab Kings,Sunrisers Hyderabad,Punjab Kings,Sunrisers Hyderabad,False,False,League,
406,2013,Kolkata,2013-04-20,Kolkata Knight Riders,Chennai Super Kings,Kolkata Knight Riders,bat,normal,0,Chennai Super Kings,0,4,RA Jadeja,Eden Gardens,Asad Rauf,AK Chaudhary,Kolkata Knight Riders,Chennai Super Kings,Kolkata Knight Riders,Chennai Super Kings,False,False,League,
407,2013,Bengaluru,2013-04-20,Rajasthan Royals,Royal Challengers Bangalore,Royal Challengers Bangalore,field,normal,0,Royal Challengers Bangalore,0,7,R Vinay Kumar,M Chinnaswamy Stadium,Aleem Dar,C Shamshuddin,Rajasthan Royals,Royal Challengers Bengaluru,Royal Challengers Bengaluru,Royal Challengers Bengaluru,False,False,League,
408,2013,Delhi,2013-04-21,Mumbai Indians,Delhi Daredevils,Mumbai Indians,bat,normal,0,Delhi Daredevils,0,9,V Sehwag,Arun Jaitley Stadium,HDPK Dharmasena,S Ravi,Mumbai Indians,Delhi Capitals,Mumbai Indians,Delhi Capitals,False,False,League,
409,2013,Mohali,2013-04-21,Pune Warriors,Kings XI Punjab,Kings XI Punjab,field,normal,0,Kings XI Punjab,0,7,DA Miller,Punjab Cricket Association IS Bindra Stadium,M Erasmus,K Srinath,Pune Warriors,Punjab Kings,Punjab Kings,Punjab Kings,False,False,League,
410,2013,Chennai,2013-04-22,Rajasthan Royals,Chennai Super Kings,Rajasthan Royals,bat,normal,0,Chennai Super Kings,0,5,MEK Hussey,"MA Chidambaram Stadium, Chepauk",S Asnani,AK Chaudhary,Rajasthan Royals,Chennai Super Kings,Rajasthan Royals,Chennai Super Kings,False,False,League,
411,2013,Bengaluru,2013-04-23,Royal Challengers Bangalore,Pune Warriors,Pune Warriors,field,normal,0,Royal Challengers Bangalore,130,0,CH Gayle,M Chinnaswamy Stadium,Aleem Dar,C Shamshuddin,Royal Challengers Bengaluru,Pune Warriors,Pune Warriors,Royal Challengers Bengaluru,False,False,League,
443,2013,Delhi,2013-04-23,Delhi Daredevils,Kings XI Punjab,Kings XI Punjab,field,normal,0,Kings XI Punjab,0,5,Harmeet Singh,Arun Jaitley Stadium,VA Kulkarni,K Srinath,Delhi Capitals,Punjab Kings,Punjab Kings,Punjab Kings,False,False,League,
413,2013,Kolkata,2013-04-24,Kolkata Knight Riders,Mumbai Indians,Kolkata Knight Riders,bat,normal,0,Mumbai Indians,0,5,DR Smith,Eden Gardens,HDPK Dharmasena,S Ravi,Kolkata Knight Riders,Mumbai Indians,Kolkata Knight Riders,Mumbai Indians,False,False,League,
414,2013,Chennai,2013-04-25,Sunrisers Hyderabad,Chennai Super Kings,Sunrisers Hyderabad,bat,normal,0,Chennai Super Kings,0,5,MS Dhoni,"MA Chidambaram Stadium, Chepauk",Aleem Dar,S Das,Sunrisers Hyderabad,Chennai Super Kings,Sunrisers Hyderabad,Chennai Super Kings,False,False,League,
415,2013,Kolkata,2013-04-26,Kings XI Punjab,Kolkata Knight Riders,Kings XI Punjab,bat,normal,0,Kolkata Knight Riders,0,6,JH Kallis,Eden Gardens,CK Nandan,S Ravi,Punjab Kings,Kolkata Knight Riders,Punjab Kings,Kolkata Knight Riders,False,False,League,
416,2013,Jaipur,2013-04-27,Sunrisers Hyderabad,Rajasthan Royals,Sunrisers Hyderabad,bat,normal,0,Rajasthan Royals,0,8,JP Faulkner,Sawai Mansingh Stadium,VA Kulkarni,K Srinath,Sunrisers Hyderabad,Rajasthan Royals,Sunrisers Hyderabad,Rajasthan Royals,False,False,League,
417,2013,Mumbai,2013-04-27,Mumbai Indians,Royal Challengers Bangalore,Mumbai Indians,bat,normal,0,Mumbai Indians,58,0,DR Smith,Wankhede Stadium,Asad Rauf,S Asnani,Mumbai Indians,Royal Challengers Bengaluru,Mumbai Indians,Mumbai Indians,False,False,League,
418,2013,Chennai,2013-04-28,Chennai Super Kings,Kolkata Knight Riders,Kolkata Knight Riders,field,normal,0,Chennai Super Kings,14,0,MEK Hussey,"MA Chidambaram Stadium, Chepauk",Aleem Dar,SJA Taufel,Chennai Super Kings,Kolkata Knight Riders,Kolkata Knight Riders,Chennai Super Kings,False,False,League,
419,2013,Raipur,2013-04-28,Delhi Daredevils,Pune Warriors,Pune Warriors,field,normal,0,Delhi Daredevils,15,0,DA Warner,Shaheed Veer Narayan Singh International Stadium,CK Nandan,S Ravi,Delhi Capitals,Pune Warriors,Pune Warriors,Delhi Capitals,False,False,League,
420,2013,Jaipur,2013-04-29,Royal Challengers Bangalore,Rajasthan Royals,Rajasthan Royals,field,normal,0,Rajasthan Royals,0,4,SV Samson,Sawai Mansingh Stadium,M Erasmus,K Srinath,Royal Challengers Bengaluru,Rajasthan Royals,Rajasthan Royals,Rajasthan Royals,False,False,League,
421,2013,Mumbai,2013-04-29,Mumbai Indians,Kings XI Punjab,Mumbai Indians,bat,normal,0,Mumbai Indians,4,0,RG Sharma,Wankhede Stadium,Asad Rauf,AK Chaudhary,Mumbai Indians,Punjab Kings,Mumbai Indians,Mumbai Indians,False,False,League,
422,2013,Pune,2013-04-30,Chennai Super Kings,Pune Warriors,Chennai Super Kings,bat,normal,0,Chennai Super Kings,37,0,MS Dhoni,Maharashtra Cricket Association Stadium,S Das,SJA Taufel,Chennai Super Kings,Pune Warriors,Chennai Super Kings,Chennai Super Kings,False,False,League,
423,2013,Hyderabad,2013-05-01,Mumbai Indians,Sunrisers Hyderabad,Mumbai Indians,bat,normal,0,Sunrisers Hyderabad,0,7,I Sharma,"Rajiv Gandhi International Stadium, Uppal",Asad Rauf,S Asnani,Mumbai Indians,Sunrisers Hyderabad,Mumbai Indians,Sunrisers Hyderabad,False,False,League,
424,2013,Raipur,2013-05-01,Kolkata Knight Riders,Delhi Daredevils,Kolkata Knight Riders,bat,normal,0,Delhi Daredevils,0,7,DA Warner,Shaheed Veer Narayan Singh International Stadium,HDPK Dharmasena,CK Nandan,Kolkata Knight Riders,Delhi Capitals,Kolkata Knight Riders,Delhi Capitals,False,False,League,
425,2013,Chennai,2013-05-02,Chennai Super Kings,Kings XI Punjab,Chennai Super Kings,bat,normal,0,Chennai Super Kings,15,0,SK Raina,"MA Chidambaram Stadium, Chepauk",M Erasmus,VA Kulkarni,Chennai Super Kings,Punjab Kings,Chennai Super Kings,Chennai Super Kings,False,False,League,
426,2013,Pune,2013-05-02,Royal Challengers Bangalore,Pune Warriors,Royal Challengers Bangalore,bat,normal,0,Royal Challengers Bangalore,17,0,AB de Villiers,Maharashtra Cricket Association Stadium,Aleem Dar,C Shamshuddin,Royal Challengers Bengaluru,Pune Warriors,Royal Challengers Bengaluru,Royal Challengers Bengaluru,False,False,League,
427,2013,Kolkata,2013-05-03,Rajasthan Royals,Kolkata Knight Riders,Rajasthan Royals,bat,normal,0,Kolkata Knight Riders,0,8,YK Pathan,Eden Gardens,HDPK Dharmasena,CK Nandan,Rajasthan Royals,Kolkata Knight Riders,Rajasthan Royals,Kolkata Knight Riders,False,False,League,
428,2013,Hyderabad,2013-05-04,Delhi Daredevils,Sunrisers Hyderabad,Delhi Daredevils,bat,normal,0,Sunrisers Hyderabad,0,6,DJG Sammy,"Rajiv Gandhi International Stadium, Uppal",Asad Rauf,S Asnani,Delhi Capitals,Sunrisers Hyderabad,Delhi Capitals,Sunrisers Hyderabad,False,False,League,
430,2013,Mumbai,2013-05-05,Mumbai Indians,Chennai Super Kings,Mumbai Indians,bat,normal,0,Mumbai Indians,60,0,MG Johnson,Wankhede Stadium,HDPK Dharmasena,CK Nandan,Mumbai Indians,Chennai Super Kings,Mumbai Indians,Mumbai Indians,False,False,League,
431,2013,Jaipur,2013-05-05,Pune Warriors,Rajasthan Royals,Pune Warriors,bat,normal,0,Rajasthan Royals,0,5,AM Rahane,Sawai Mansingh Stadium,C Shamshuddin,RJ Tucker,Pune Warriors,Rajasthan Royals,Pune Warriors,Rajasthan Royals,False,False,League,
448,2013,Mohali,2013-05-06,Royal Challengers Bangalore,Kings XI Punjab,Kings XI Punjab,field,normal,0,Kings XI Punjab,0,6,DA Miller,Punjab Cricket Association IS Bindra Stadium,VA Kulkarni,NJ Llong,Royal Challengers Bengaluru,Punjab Kings,Punjab Kings,Punjab Kings,False,False,League,
433,2013,Jaipur,2013-05-07,Delhi Daredevils,Rajasthan Royals,Delhi Daredevils,bat,normal,0,Rajasthan Royals,0,9,AM Rahane,Sawai Mansingh Stadium,Aleem Dar,RJ Tucker,Delhi Capitals,Rajasthan Royals,Delhi Capitals,Rajasthan Royals,False,False,League,
434,2013,Mumbai,2013-05-07,Mumbai Indians,Kolkata Knight Riders,Mumbai Indians,bat,normal,0,Mumbai Indians,65,0,SR Tendulkar,Wankhede Stadium,HDPK Dharmasena,S Ravi,Mumbai Indians,Kolkata Knight Riders,Mumbai Indians,Mumbai Indians,False,False,League,
435,2013,Hyderabad,2013-05-08,Chennai Super Kings,Sunrisers Hyderabad,Sunrisers Hyderabad,field,normal,0,Chennai Super Kings,77,0,SK Raina,"Rajiv Gandhi International Stadium, Uppal",S Das,NJ Llong,Chennai Super Kings,Sunrisers Hyderabad,Sunrisers Hyderabad,Chennai Super Kings,False,False,League,
436,2013,Mohali,2013-05-09,Kings XI Punjab,Rajasthan Royals,Rajasthan Royals,field,normal,0,Rajasthan Royals,0,8,KK Cooper,Punjab Cricket Association IS Bindra Stadium,HDPK Dharmasena,S Ravi,Punjab Kings,Rajasthan Royals,Rajasthan Royals,Rajasthan Royals,False,False,League,
437,2013,Pune,2013-05-09,Kolkata Knight Riders,Pune Warriors,Kolkata Knight Riders,bat,normal,0,Kolkata Knight Riders,46,0,G Gambhir,Maharashtra Cricket Association Stadium,Asad Rauf,S Asnani,Kolkata Knight Riders,Pune Warriors,Kolkata Knight Riders,Kolkata Knight Riders,False,False,League,
438,2013,Delhi,2013-05-10,Royal Challengers Bangalore,Delhi Daredevils,Delhi Daredevils,field,normal,0,Royal Challengers Bangalore,4,0,JD Unadkat,Arun Jaitley Stadium,NJ Llong,K Srinath,Royal Challengers Bengaluru,Delhi Capitals,Delhi Capitals,Royal Challengers Bengaluru,False,False,League,
439,2013,Pune,2013-05-11,Pune Warriors,Mumbai Indians,Pune Warriors,bat,normal,0,Mumbai Indians,0,5,MG Johnson,Maharashtra Cricket Association Stadium,Asad Rauf,AK Chaudhary,Pune Warriors,Mumbai Indians,Pune Warriors,Mumbai Indians,False,False,League,
440,2013,Mohali,2013-05-11,Sunrisers Hyderabad,Kings XI Punjab,Kings XI Punjab,field,normal,0,Sunrisers Hyderabad,30,0,PA Patel,Punjab Cricket Association IS Bindra Stadium,S Das,RJ Tucker,Sunrisers Hyderabad,Punjab Kings,Punjab Kings,Sunrisers Hyderabad,False,False,League,
441,2013,Ranchi,2013-05-12,Royal Challengers Bangalore,Kolkata Knight Riders,Kolkata Knight Riders,field,normal,0,Kolkata Knight Riders,0,5,JH Kallis,JSCA International Stadium Complex,NJ Llong,K Srinath,Royal Challengers Bengaluru,Kolkata Knight Riders,Kolkata Knight Riders,Kolkata Knight Riders,False,False,League,
442,2013,Jaipur,2013-05-12,Chennai Super Kings,Rajasthan Royals,Rajasthan Royals,field,normal,0,Rajasthan Royals,0,5,SR Watson,Sawai Mansingh Stadium,HDPK Dharmasena,CK Nandan,Chennai Super Kings,Rajasthan Royals,Rajasthan Royals,Rajasthan Royals,False,False,League,
444,2013,Mumbai,2013-05-13,Sunrisers Hyderabad,Mumbai Indians,Sunrisers Hyderabad,bat,normal,0,Mumbai Indians,0,7,KA Pollard,Wankhede Stadium,AK Chaudhary,SJA Taufel,Sunrisers Hyderabad,Mumbai Indians,Sunrisers Hyderabad,Mumbai Indians,False,False,League,
429,2013,Bengaluru,2013-05-14,Royal Challengers Bangalore,Kings XI Punjab,Kings XI Punjab,field,normal,0,Kings XI Punjab,0,7,AC Gilchrist,M Chinnaswamy Stadium,HDPK Dharmasena,S Ravi,Royal Challengers Bengaluru,Punjab Kings,Punjab Kings,Punjab Kings,False,False,League,
446,2013,Chennai,2013-05-14,Chennai Super Kings,Delhi Daredevils,Chennai Super Kings,bat,normal,0,Chennai Super Kings,33,0,MS Dhoni,"MA Chidambaram Stadium, Chepauk",C Shamshuddin,RJ Tucker,Chennai Super Kings,Delhi Capitals,Chennai Super Kings,Chennai Super Kings,False,False,League,
445,2013,Ranchi,2013-05-15,Pune Warriors,Kolkata Knight Riders,Kolkata Knight Riders,field,normal,0,Pune Warriors,7,0,MK Pandey,JSCA International Stadium Complex,NJ Llong,K Srinath,Pune Warriors,Kolkata Knight Riders,Kolkata Knight Riders,Pune Warriors,False,False,League,
447,2013,Mumbai,2013-05-15,Mumbai Indians,Rajasthan Royals,Rajasthan Royals,field,normal,0,Mumbai Indians,14,0,AP Tare,Wankhede Stadium,Asad Rauf,S Asnani,Mumbai Indians,Rajasthan Royals,Rajasthan Royals,Mumbai Indians,False,False,League,
412,2013,Dharamsala,2013-05-16,Kings XI Punjab,Delhi Daredevils,Delhi Daredevils,field,normal,0,Kings XI Punjab,7,0,DA Miller,Himachal Pradesh Cricket Association Stadium,HDPK Dharmasena,S Ravi,Punjab Kings,Delhi Capitals,Delhi Capitals,Punjab Kings,False,False,League,
449,2013,Hyderabad,2013-05-17,Sunrisers Hyderabad,Rajasthan Royals,Sunrisers Hyderabad,bat,normal,0,Sunrisers Hyderabad,23,0,A Mishra,"Rajiv Gandhi International Stadium, Uppal",Asad Rauf,AK Chaudhary,Sunrisers Hyderabad,Rajasthan Royals,Sunrisers Hyderabad,Sunrisers Hyderabad,False,False,League,
450,2013,Dharamsala,2013-05-18,Kings XI Punjab,Mumbai Indians,Mumbai Indians,field,normal,0,Kings XI Punjab,50,0,Azhar Mahmood,Himachal Pradesh Cricket Association Stadium,HDPK Dharmasena,CK Nandan,Punjab Kings,Mumbai Indians,Mumbai Indians,Punjab Kings,False,False,League,
452,2013,Bengaluru,2013-05-18,Royal Challengers Bangalore,Chennai Super Kings,Chennai Super Kings,field,normal,0,Royal Challengers Bangalore,24,0,V Kohli,M Chinnaswamy Stadium,C Shamshuddin,RJ Tucker,Royal Challengers Bengaluru,Chennai Super Kings,Chennai Super Kings,Royal Challengers Bengaluru,False,False,League,
451,2013,Pune,2013-05-19,Pune Warriors,Delhi Daredevils,Pune Warriors,bat,normal,0,Pune Warriors,38,0,LJ Wright,Maharashtra Cricket Association Stadium,NJ Llong,SJA Taufel,Pune Warriors,Delhi Capitals,Pune Warriors,Pune Warriors,False,False,League,
453,2013,Hyderabad,2013-05-19,Kolkata Knight Riders,Sunrisers Hyderabad,Kolkata Knight Riders,bat,normal,0,Sunrisers Hyderabad,0,5,PA Patel,"Rajiv Gandhi International Stadium, Uppal",Asad Rauf,S Asnani,Kolkata Knight Riders,Sunrisers Hyderabad,Kolkata Knight Riders,Sunrisers Hyderabad,False,False,League,
454,2013,Delhi,2013-05-21,Chennai Super Kings,Mumbai Indians,Chennai Super Kings,bat,normal,0,Chennai Super Kings,48,0,MEK Hussey,Arun Jaitley Stadium,NJ Llong,RJ Tucker,Chennai Super Kings,Mumbai Indians,Chennai Super Kings,Chennai Super Kings,False,False,Playoff,Qualifier 1
455,2013,Delhi,2013-05-22,Sunrisers Hyderabad,Rajasthan Royals,Sunrisers Hyderabad,bat,normal,0,Rajasthan Royals,0,4,BJ Hodge,Arun Jaitley Stadium,S Ravi,RJ Tucker,Sunrisers Hyderabad,Rajasthan Royals,Sunrisers Hyderabad,Rajasthan Royals,False,False,Playoff,Eliminator
456,2013,Kolkata,2013-05-24,Rajasthan Royals,Mumbai Indians,Rajasthan Royals,bat,normal,0,Mumbai Indians,0,4,Harbhajan Singh,Eden Gardens,C Shamshuddin,SJA Taufel,Rajasthan Royals,Mumbai Indians,Rajasthan Royals,Mumbai Indians,False,False,Playoff,Qualifier 2
457,2013,Kolkata,2013-05-26,Mumbai Indians,Chennai Super Kings,Mumbai Indians,bat,normal,0,Mumbai Indians,23,0,KA Pollard,Eden Gardens,HDPK Dharmasena,SJA Taufel,Mumbai Indians,Chennai Super Kings,Mumbai Indians,Mumbai Indians,False,False,Playoff,Final
458,2014,Abu Dhabi,2014-04-16,Kolkata Knight Riders,Mumbai Indians,Kolkata Knight Riders,bat,normal,0,Kolkata Knight Riders,41,0,JH Kallis,Zayed Cricket Stadium,M Erasmus,RK Illingworth,Kolkata Knight Riders,Mumbai Indians,Kolkata Knight Riders,Kolkata Knight Riders,False,False,League,
459,2014,Sharjah,2014-04-17,Delhi Daredevils,Royal Challengers Bangalore,Royal Challengers Bangalore,field,normal,0,Royal Challengers Bangalore,0,8,YS Chahal,Sharjah Cricket Stadium,Aleem Dar,S Ravi,Delhi Capitals,Royal Challengers Bengaluru,Royal Challengers Bengaluru,Royal Challengers Bengaluru,False,False,League,
460,2014,Abu Dhabi,2014-04-18,Chennai Super Kings,Kings XI Punjab,Chennai Super Kings,bat,normal,0,Kings XI Punjab,0,6,GJ Maxwell,Zayed Cricket Stadium,RK Illingworth,C Shamshuddin,Chennai Super Kings,Punjab Kings,Chennai Super Kings,Punjab Kings,False,False,League,
461,2014,Abu Dhabi,2014-04-18,Sunrisers Hyderabad,Rajasthan Royals,Rajasthan Royals,field,normal,0,Rajasthan Royals,0,4,AM Rahane,Zayed Cricket Stadium,BF Bowden,RK Illingworth,Sunrisers Hyderabad,Rajasthan Royals,Rajasthan Royals,Rajasthan Royals,False,False,League,
462,2014,Dubai,2014-04-19,Mumbai Indians,Royal Challengers Bangalore,Royal Challengers Bangalore,field,normal,0,Royal Challengers Bangalore,0,7,PA Patel,Dubai International Cricket Stadium,Aleem Dar,AK Chaudhary,Mumbai Indians,Royal Challengers Bengaluru,Royal Challengers Bengaluru,Royal Challengers Bengaluru,False,False,League,
463,2014,Dubai,2014-04-19,Kolkata Knight Riders,Delhi Daredevils,Kolkata Knight Riders,bat,normal,0,Delhi Daredevils,0,4,JP Duminy,Dubai International Cricket Stadium,Aleem Dar,VA Kulkarni,Kolkata Knight Riders,Delhi Capitals,Kolkata Knight Riders,Delhi Capitals,False,False,League,
464,2014,Sharjah,2014-04-20,Rajasthan Royals,Kings XI Punjab,Kings XI Punjab,field,normal,0,Kings XI Punjab,0,7,GJ Maxwell,Sharjah Cricket Stadium,BF Bowden,M Erasmus,Rajasthan Royals,Punjab Kings,Punjab Kings,Punjab Kings,False,False,League,
465,2014,Abu Dhabi,2014-04-21,Chennai Super Kings,Delhi Daredevils,Chennai Super Kings,bat,normal,0,Chennai Super Kings,93,0,SK Raina,Zayed Cricket Stadium,RK Illingworth,C Shamshuddin,Chennai Super Kings,Delhi Capitals,Chennai Super Kings,Chennai Super Kings,False,False,League,
466,2014,Sharjah,2014-04-22,Kings XI Punjab,Sunrisers Hyderabad,Sunrisers Hyderabad,field,normal,0,Kings XI Punjab,72,0,GJ Maxwell,Sharjah Cricket Stadium,M Erasmus,S Ravi,Punjab Kings,Sunrisers Hyderabad,Sunrisers Hyderabad,Punjab Kings,False,False,League,
467,2014,Dubai,2014-04-23,Chennai Super Kings,Rajasthan Royals,Rajasthan Royals,field,normal,0,Chennai Super Kings,7,0,RA Jadeja,Dubai International Cricket Stadium,HDPK Dharmasena,RK Illingworth,Chennai Super Kings,Rajasthan Royals,Rajasthan Royals,Chennai Super Kings,False,False,League,
468,2014,Sharjah,2014-04-24,Kolkata Knight Riders,Royal Challengers Bangalore,Royal Challengers Bangalore,field,normal,0,Kolkata Knight Riders,2,0,CA Lynn,Sharjah Cricket Stadium,Aleem Dar,VA Kulkarni,Kolkata Knight Riders,Royal Challengers Bengaluru,Royal Challengers Bengaluru,Kolkata Knight Riders,False,False,League,
469,2014,Dubai,2014-04-25,Sunrisers Hyderabad,Delhi Daredevils,Sunrisers Hyderabad,bat,normal,0,Sunrisers Hyderabad,4,0,AJ Finch,Dubai International Cricket Stadium,M Erasmus,S Ravi,Sunrisers Hyderabad,Delhi Capitals,Sunrisers Hyderabad,Sunrisers Hyderabad,False,False,League,
470,2014,Dubai,2014-04-25,Mumbai Indians,Chennai Super Kings,Mumbai Indians,bat,normal,0,Chennai Super Kings,0,7,MM Sharma,Dubai International Cricket Stadium,BF Bowden,M Erasmus,Mumbai Indians,Chennai Super Kings,Mumbai Indians,Chennai Super Kings,False,False,League,
471,2014,Abu Dhabi,2014-04-26,Royal Challengers Bangalore,Rajasthan Royals,Rajasthan Royals,field,normal,0,Rajasthan Royals,0,6,PV Tambe,Zayed Cricket Stadium,HDPK Dharmasena,C Shamshuddin,Royal Challengers Bengaluru,Rajasthan Royals,Rajasthan Royals,Rajasthan Royals,False,False,League,
472,2014,Abu Dhabi,2014-04-26,Kings XI Punjab,Kolkata Knight Riders,Kolkata Knight Riders,field,normal,0,Kings XI Punjab,23,0,Sandeep Sharma,Zayed Cricket Stadium,HDPK Dharmasena,RK Illingworth,Punjab Kings,Kolkata Knight Riders,Kolkata Knight Riders,Punjab Kings,False,False,League,
473,2014,Sharjah,2014-04-27,Mumbai Indians,Delhi Daredevils,Mumbai Indians,bat,normal,0,Delhi Daredevils,0,6,M Vijay,Sharjah Cricket Stadium,Aleem Dar,VA Kulkarni,Mumbai Indians,Delhi Capitals,Mumbai Indians,Delhi Capitals,False,False,League,
474,2014,Sharjah,2014-04-27,Sunrisers Hyderabad,Chennai Super Kings,Sunrisers Hyderabad,bat,normal,0,Chennai Super Kings,0,5,DR Smith,Sharjah Cricket Stadium,AK Chaudhary,VA Kulkarni,Sunrisers Hyderabad,Chennai Super Kings,Sunrisers Hyderabad,Chennai Super Kings,False,False,League,
475,2014,Dubai,2014-04-28,Royal Challengers Bangalore,Kings XI Punjab,Kings XI Punjab,field,normal,0,Kings XI Punjab,0,5,Sandeep Sharma,Dubai International Cricket Stadium,BF Bowden,S Ravi,Royal Challengers Bengaluru,Punjab Kings,Punjab Kings,Punjab Kings,False,False,League,
476,2014,Abu Dhabi,2014-04-29,Rajasthan Royals,Kolkata Knight Riders,Rajasthan Royals,bat,tie,0,Rajasthan Royals,0,0,JP Faulkner,Zayed Cricket Stadium,Aleem Dar,AK Chaudhary,Rajasthan Royals,Kolkata Knight Riders,Rajasthan Royals,Rajasthan Royals,False,False,League,
477,2014,Dubai,2014-04-30,Sunrisers Hyderabad,Mumbai Indians,Mumbai Indians,field,normal,0,Sunrisers Hyderabad,15,0,B Kumar,Dubai International Cricket Stadium,HDPK Dharmasena,M Erasmus,Sunrisers Hyderabad,Mumbai Indians,Mumbai Indians,Sunrisers Hyderabad,False,False,League,
478,2014,Ranchi,2014-05-02,Chennai Super Kings,Kolkata Knight Riders,Chennai Super Kings,bat,normal,0,Chennai Super Kings,34,0,RA Jadeja,JSCA International Stadium Complex,AK Chaudhary,NJ Llong,Chennai Super Kings,Kolkata Knight Riders,Chennai Super Kings,Chennai Super Kings,False,False,League,
479,2014,Mumbai,2014-05-03,Kings XI Punjab,Mumbai Indians,Kings XI Punjab,bat,normal,0,Mumbai Indians,0,5,CJ Anderson,Wankhede Stadium,BNJ Oxenford,C Shamshuddin,Punjab Kings,Mumbai Indians,Punjab Kings,Mumbai Indians,False,False,League,
480,2014,Delhi,2014-05-03,Delhi Daredevils,Rajasthan Royals,Rajasthan Royals,field,normal,0,Rajasthan Royals,0,7,KK Nair,Arun Jaitley Stadium,SS Hazare,S Ravi,Delhi Capitals,Rajasthan Royals,Rajasthan Royals,Rajasthan Royals,False,False,League,
481,2014,Bengaluru,2014-05-04,Sunrisers Hyderabad,Royal Challengers Bangalore,Royal Challengers Bangalore,field,normal,0,Royal Challengers Bangalore,0,4,AB de Villiers,M Chinnaswamy Stadium,HDPK Dharmasena,VA Kulkarni,Sunrisers Hyderabad,Royal Challengers Bengaluru,Royal Challengers Bengaluru,Royal Challengers Bengaluru,False,False,League,
482,2014,Ahmedabad,2014-05-05,Rajasthan Royals,Kolkata Knight Riders,Kolkata Knight Riders,field,normal,0,Rajasthan Royals,10,0,PV Tambe,Narendra Modi Stadium,NJ Llong,CK Nandan,Rajasthan Royals,Kolkata Knight Riders,Kolkata Knight Riders,Rajasthan Royals,False,False,League,
483,2014,Delhi,2014-05-05,Delhi Daredevils,Chennai Super Kings,Chennai Super Kings,field,normal,0,Chennai Super Kings,0,8,DR Smith,Arun Jaitley Stadium,RM Deshpande,BNJ Oxenford,Delhi Capitals,Chennai Super Kings,Chennai Super Kings,Chennai Super Kings,False,False,League,
484,2014,Mumbai,2014-05-06,Mumbai Indians,Royal Challengers Bangalore,Royal Challengers Bangalore,field,normal,0,Mumbai Indians,19,0,RG Sharma,Wankhede Stadium,S Ravi,K Srinath,Mumbai Indians,Royal Challengers Bengaluru,Royal Challengers Bengaluru,Mumbai Indians,False,False,League,
485,2014,Delhi,2014-05-07,Delhi Daredevils,Kolkata Knight Riders,Delhi Daredevils,bat,normal,0,Kolkata Knight Riders,0,8,G Gambhir,Arun Jaitley Stadium,BNJ Oxenford,C Shamshuddin,Delhi Capitals,Kolkata Knight Riders,Delhi Capitals,Kolkata Knight Riders,False,False,League,
486,2014,Cuttack,2014-05-07,Kings XI Punjab,Chennai Super Kings,Chennai Super Kings,field,normal,0,Kings XI Punjab,44,0,GJ Maxwell,Barabati Stadium,HDPK Dharmasena,PG Pathak,Punjab Kings,Chennai Super Kings,Chennai Super Kings,Punjab Kings,False,False,League,
487,2014,Ahmedabad,2014-05-08,Sunrisers Hyderabad,Rajasthan Royals,Rajasthan Royals,field,normal,0,Sunrisers Hyderabad,32,0,B Kumar,Narendra Modi Stadium,AK Chaudhary,NJ Llong,Sunrisers Hyderabad,Rajasthan Royals,Rajasthan Royals,Sunrisers Hyderabad,False,False,League,
488,2014,Bengaluru,2014-05-09,Kings XI Punjab,Royal Challengers Bangalore,Royal Challengers Bangalore,field,normal,0,Kings XI Punjab,32,0,Sandeep Sharma,M Chinnaswamy Stadium,S Ravi,K Srinath,Punjab Kings,Royal Challengers Bengaluru,Royal Challengers Bengaluru,Punjab Kings,False,False,League,
489,2014,Delhi,2014-05-10,Delhi Daredevils,Sunrisers Hyderabad,Sunrisers Hyderabad,field,normal,1,Sunrisers Hyderabad,0,8,DW Steyn,Arun Jaitley Stadium,RM Deshpande,BNJ Oxenford,Delhi Capitals,Sunrisers Hyderabad,Sunrisers Hyderabad,Sunrisers Hyderabad,False,True,League,
490,2014,Mumbai,2014-05-10,Mumbai Indians,Chennai Super Kings,Chennai Super Kings,field,normal,0,Chennai Super Kings,0,4,DR Smith,Wankhede Stadium,HDPK Dharmasena,VA Kulkarni,Mumbai Indians,Chennai Super Kings,Chennai Super Kings,Chennai Super Kings,False,False,League,
491,2014,Cuttack,2014-05-11,Kings XI Punjab,Kolkata Knight Riders,Kolkata Knight Riders,field,normal,0,Kolkata Knight Riders,0,9,G Gambhir,Barabati Stadium,NJ Llong,CK Nandan,Punjab Kings,Kolkata Knight Riders,Kolkata Knight Riders,Kolkata Knight Riders,False,False,League,
492,2014,Bengaluru,2014-05-11,Royal Challengers Bangalore,Rajasthan Royals,Royal Challengers Bangalore,bat,normal,0,Rajasthan Royals,0,5,JP Faulkner,M Chinnaswamy Stadium,S Ravi,RJ Tucker,Royal Challengers Bengaluru,Rajasthan Royals,Royal Challengers Bengaluru,Rajasthan Royals,False,False,League,
493,2014,Hyderabad,2014-05-12,Sunrisers Hyderabad,Mumbai Indians,Sunrisers Hyderabad,bat,normal,0,Mumbai Indians,0,7,AT Rayudu,"Rajiv Gandhi International Stadium, Uppal",HDPK Dharmasena,VA Kulkarni,Sunrisers Hyderabad,Mumbai Indians,Sunrisers Hyderabad,Mumbai Indians,False,False,League,
494,2014,Ranchi,2014-05-13,Rajasthan Royals,Chennai Super Kings,Rajasthan Royals,bat,normal,0,Chennai Super Kings,0,5,RA Jadeja,JSCA International Stadium Complex,BNJ Oxenford,C Shamshuddin,Rajasthan Royals,Chennai Super Kings,Rajasthan Royals,Chennai Super Kings,False,False,League,
495,2014,Bengaluru,2014-05-13,Royal Challengers Bangalore,Delhi Daredevils,Delhi Daredevils,field,normal,0,Royal Challengers Bangalore,16,0,Yuvraj Singh,M Chinnaswamy Stadium,K Srinath,RJ Tucker,Royal Challengers Bengaluru,Delhi Capitals,Delhi Capitals,Royal Challengers Bengaluru,False,False,League,
496,2014,Hyderabad,2014-05-14,Sunrisers Hyderabad,Kings XI Punjab,Kings XI Punjab,field,normal,0,Kings XI Punjab,0,6,WP Saha,"Rajiv Gandhi International Stadium, Uppal",VA Kulkarni,PG Pathak,Sunrisers Hyderabad,Punjab Kings,Punjab Kings,Punjab Kings,False,False,League,
497,2014,Cuttack,2014-05-14,Mumbai Indians,Kolkata Knight Riders,Kolkata Knight Riders,field,normal,0,Kolkata Knight Riders,0,6,RV Uthappa,Barabati Stadium,AK Chaudhary,NJ Llong,Mumbai Indians,Kolkata Knight Riders,Kolkata Knight Riders,Kolkata Knight Riders,False,False,League,
498,2014,Ahmedabad,2014-05-15,Rajasthan Royals,Delhi Daredevils,Delhi Daredevils,field,normal,0,Rajasthan Royals,62,0,AM Rahane,Narendra Modi Stadium,S Ravi,RJ Tucker,Rajasthan Royals,Delhi Capitals,Delhi Capitals,Rajasthan Royals,False,False,League,
499,2014,Ranchi,2014-05-18,Chennai Super Kings,Royal Challengers Bangalore,Chennai Super Kings,bat,normal,0,Royal Challengers Bangalore,0,5,AB de Villiers,JSCA International Stadium Complex,BNJ Oxenford,C Shamshuddin,Chennai Super Kings,Royal Challengers Bengaluru,Chennai Super Kings,Royal Challengers Bengaluru,False,False,League,
500,2014,Hyderabad,2014-05-18,Sunrisers Hyderabad,Kolkata Knight Riders,Sunrisers Hyderabad,bat,normal,0,Kolkata Knight Riders,0,7,UT Yadav,"Rajiv Gandhi International Stadium, Uppal",NJ Llong,CK Nandan,Sunrisers Hyderabad,Kolkata Knight Riders,Sunrisers Hyderabad,Kolkata Knight Riders,False,False,League,
501,2014,Ahmedabad,2014-05-19,Mumbai Indians,Rajasthan Royals,Mumbai Indians,bat,normal,0,Mumbai Indians,25,0,MEK Hussey,Narendra Modi Stadium,S Ravi,RJ Tucker,Mumbai Indians,Rajasthan Royals,Mumbai Indians,Mumbai Indians,False,False,League,
502,2014,Delhi,2014-05-19,Delhi Daredevils,Kings XI Punjab,Kings XI Punjab,field,normal,0,Kings XI Punjab,0,4,AR Patel,Arun Jaitley Stadium,HDPK Dharmasena,PG Pathak,Delhi Capitals,Punjab Kings,Punjab Kings,Punjab Kings,False,False,League,
503,2014,Hyderabad,2014-05-20,Royal Challengers Bangalore,Sunrisers Hyderabad,Royal Challengers Bangalore,bat,normal,0,Sunrisers Hyderabad,0,7,DA Warner,"Rajiv Gandhi International Stadium, Uppal",AK Chaudhary,NJ Llong,Royal Challengers Bengaluru,Sunrisers Hyderabad,Royal Challengers Bengaluru,Sunrisers Hyderabad,False,False,League,
504,2014,Kolkata,2014-05-20,Chennai Super Kings,Kolkata Knight Riders,Kolkata Knight Riders,field,normal,0,Kolkata Knight Riders,0,8,RV Uthappa,Eden Gardens,RM Deshpande,C Shamshuddin,Chennai Super Kings,Kolkata Knight Riders,Kolkata Knight Riders,Kolkata Knight Riders,False,False,League,
505,2014,Mohali,2014-05-21,Kings XI Punjab,Mumbai Indians,Mumbai Indians,field,normal,0,Mumbai Indians,0,7,LMP Simmons,Punjab Cricket Association IS Bindra Stadium,HDPK Dharmasena,VA Kulkarni,Punjab Kings,Mumbai Indians,Mumbai Indians,Mumbai Indians,False,False,League,
506,2014,Kolkata,2014-05-22,Kolkata Knight Riders,Royal Challengers Bangalore,Royal Challengers Bangalore,field,normal,0,Kolkata Knight Riders,30,0,RV Uthappa,Eden Gardens,AK Chaudhary,CK Nandan,Kolkata Knight Riders,Royal Challengers Bengaluru,Royal Challengers Bengaluru,Kolkata Knight Riders,False,False,League,
507,2014,Ranchi,2014-05-22,Chennai Super Kings,Sunrisers Hyderabad,Sunrisers Hyderabad,field,normal,0,Sunrisers Hyderabad,0,6,DA Warner,JSCA International Stadium Complex,BNJ Oxenford,C Shamshuddin,Chennai Super Kings,Sunrisers Hyderabad,Sunrisers Hyderabad,Sunrisers Hyderabad,False,False,League,
508,2014,Mumbai,2014-05-23,Mumbai Indians,Delhi Daredevils,Delhi Daredevils,field,normal,0,Mumbai Indians,15,0,MEK Hussey,Wankhede Stadium,S Ravi,RJ Tucker,Mumbai Indians,Delhi Capitals,Delhi Capitals,Mumbai Indians,False,False,League,
509,2014,Mohali,2014-05-23,Kings XI Punjab,Rajasthan Royals,Rajasthan Royals,field,normal,0,Kings XI Punjab,16,0,SE Marsh,Punjab Cricket Association IS Bindra Stadium,HDPK Dharmasena,PG Pathak,Punjab Kings,Rajasthan Royals,Rajasthan Royals,Punjab Kings,False,False,League,
510,2014,Bengaluru,2014-05-24,Royal Challengers Bangalore,Chennai Super Kings,Chennai Super Kings,field,normal,0,Chennai Super Kings,0,8,MS Dhoni,M Chinnaswamy Stadium,AK Chaudhary,NJ Llong,Royal Challengers Bengaluru,Chennai Super Kings,Chennai Super Kings,Chennai Super Kings,False,False,League,
511,2014,Kolkata,2014-05-24,Sunrisers Hyderabad,Kolkata Knight Riders,Kolkata Knight Riders,field,normal,0,Kolkata Knight Riders,0,4,YK Pathan,Eden Gardens,RM Deshpande,BNJ Oxenford,Sunrisers Hyderabad,Kolkata Knight Riders,Kolkata Knight Riders,Kolkata Knight Riders,False,False,League,
512,2014,Mohali,2014-05-25,Delhi Daredevils,Kings XI Punjab,Kings XI Punjab,field,normal,0,Kings XI Punjab,0,7,M Vohra,Punjab Cricket Association IS Bindra Stadium,HDPK Dharmasena,VA Kulkarni,Delhi Capitals,Punjab Kings,Punjab Kings,Punjab Kings,False,False,League,
513,2014,Mumbai,2014-05-25,Rajasthan Royals,Mumbai Indians,Mumbai Indians,field,normal,0,Mumbai Indians,0,5,CJ Anderson,Wankhede Stadium,K Srinath,RJ Tucker,Rajasthan Royals,Mumbai Indians,Mumbai Indians,Mumbai Indians,False,False,League,
514,2014,Kolkata,2014-05-27,Kolkata Knight Riders,Kings XI Punjab,Kings XI Punjab,field,normal,0,Kolkata Knight Riders,28,0,UT Yadav,Eden Gardens,NJ Llong,S Ravi,Kolkata Knight Riders,Punjab Kings,Punjab Kings,Kolkata Knight Riders,False,False,Playoff,Qualifier 1
515,2014,Mumbai,2014-05-28,Mumbai Indians,Chennai Super Kings,Chennai Super Kings,field,normal,0,Chennai Super Kings,0,7,SK Raina,Brabourne Stadium,VA Kulkarni,BNJ Oxenford,Mumbai Indians,Chennai Super Kings,Chennai Super Kings,Chennai Super Kings,False,False,Playoff,Eliminator
516,2014,Mumbai,2014-05-30,Kings XI Punjab,Chennai Super Kings,Chennai Super Kings,field,normal,0,Kings XI Punjab,24,0,V Sehwag,Wankhede Stadium,HDPK Dharmasena,RJ Tucker,Punjab Kings,Chennai Super Kings,Chennai Super Kings,Punjab Kings,False,False,Playoff,Qualifier 2
517,2014,Bengaluru,2014-06-01,Kings XI Punjab,Kolkata Knight Riders,Kolkata Knight Riders,field,normal,0,Kolkata Knight Riders,0,3,MK Pandey,M Chinnaswamy Stadium,HDPK Dharmasena,BNJ Oxenford,Punjab Kings,Kolkata Knight Riders,Kolkata Knight Riders,Kolkata Knight Riders,False,False,Playoff,Final
518,2015,Kolkata,2015-04-08,Mumbai Indians,Kolkata Knight Riders,Kolkata Knight Riders,field,normal,0,Kolkata Knight Riders,0,7,M Morkel,Eden Gardens,S Ravi,C Shamshuddin,Mumbai Indians,Kolkata Knight Riders,Kolkata Knight Riders,Kolkata Knight Riders,False,False,League,
519,2015,Chennai,2015-04-09,Chennai Super Kings,Delhi Daredevils,Delhi Daredevils,field,normal,0,Chennai Super Kings,1,0,A Nehra,"MA Chidambaram Stadium, Chepauk",RK Illingworth,VA Kulkarni,Chennai Super Kings,Delhi Capitals,Delhi Capitals,Chennai Super Kings,False,False,League,
520,2015,Pune,2015-04-10,Rajasthan Royals,Kings XI Punjab,Kings XI Punjab,field,normal,0,Rajasthan Royals,26,0,JP Faulkner,Maharashtra Cricket Association Stadium,SD Fry,CB Gaffaney,Rajasthan Royals,Punjab Kings,Punjab Kings,Rajasthan Royals,False,False,League,
521,2015,Chennai,2015-04-11,Chennai Super Kings,Sunrisers Hyderabad,Chennai Super Kings,bat,normal,0,Chennai Super Kings,45,0,BB McCullum,"MA Chidambaram Stadium, Chepauk",RK Illingworth,VA Kulkarni,Chennai Super Kings,Sunrisers Hyderabad,Chennai Super Kings,Chennai Super Kings,False,False,League,
522,2015,Kolkata,2015-04-11,Kolkata Knight Riders,Royal Challengers Bangalore,Royal Challengers Bangalore,field,normal,0,Royal Challengers Bangalore,0,3,CH Gayle,Eden Gardens,S Ravi,C Shamshuddin,Kolkata Knight Riders,Royal Challengers Bengaluru,Royal Challengers Bengaluru,Royal Challengers Bengaluru,False,False,League,
523,2015,Delhi,2015-04-12,Delhi Daredevils,Rajasthan Royals,Rajasthan Royals,field,normal,0,Rajasthan Royals,0,3,DJ Hooda,Arun Jaitley Stadium,SD Fry,CB Gaffaney,Delhi Capitals,Rajasthan Royals,Rajasthan Royals,Rajasthan Royals,False,False,League,
524,2015,Mumbai,2015-04-12,Kings XI Punjab,Mumbai Indians,Mumbai Indians,field,normal,0,Kings XI Punjab,18,0,GJ Bailey,Wankhede Stadium,AK Chaudhary,K Srinivasan,Punjab Kings,Mumbai Indians,Mumbai Indians,Punjab Kings,False,False,League,
525,2015,Bengaluru,2015-04-13,Royal Challengers Bangalore,Sunrisers Hyderabad,Sunrisers Hyderabad,field,normal,0,Sunrisers Hyderabad,0,8,DA Warner,M Chinnaswamy Stadium,RM Deshpande,RK Illingworth,Royal Challengers Bengaluru,Sunrisers Hyderabad,Sunrisers Hyderabad,Sunrisers Hyderabad,False,False,League,
526,2015,Ahmedabad,2015-04-14,Mumbai Indians,Rajasthan Royals,Mumbai Indians,bat,normal,0,Rajasthan Royals,0,7,SPD Smith,Narendra Modi Stadium,AK Chaudhary,SD Fry,Mumbai Indians,Rajasthan Royals,Mumbai Indians,Rajasthan Royals,False,False,League,
528,2015,Pune,2015-04-15,Kings XI Punjab,Delhi Daredevils,Kings XI Punjab,bat,normal,0,Delhi Daredevils,0,5,MA Agarwal,Maharashtra Cricket Association Stadium,CB Gaffaney,K Srinath,Punjab Kings,Delhi Capitals,Punjab Kings,Delhi Capitals,False,False,League,
529,2015,Visakhapatnam,2015-04-16,Sunrisers Hyderabad,Rajasthan Royals,Rajasthan Royals,field,normal,0,Rajasthan Royals,0,6,AM Rahane,Dr. Y.S. Rajasekhara Reddy ACA-VDCA Cricket Stadium,PG Pathak,S Ravi,Sunrisers Hyderabad,Rajasthan Royals,Rajasthan Royals,Rajasthan Royals,False,False,League,
530,2015,Mumbai,2015-04-17,Mumbai Indians,Chennai Super Kings,Mumbai Indians,bat,normal,0,Chennai Super Kings,0,6,A Nehra,Wankhede Stadium,AK Chaudhary,M Erasmus,Mumbai Indians,Chennai Super Kings,Mumbai Indians,Chennai Super Kings,False,False,League,
531,2015,Visakhapatnam,2015-04-18,Delhi Daredevils,Sunrisers Hyderabad,Delhi Daredevils,bat,normal,0,Delhi Daredevils,4,0,JP Duminy,Dr. Y.S. Rajasekhara Reddy ACA-VDCA Cricket Stadium,PG Pathak,S Ravi,Delhi Capitals,Sunrisers Hyderabad,Delhi Capitals,Delhi Capitals,False,False,League,
532,2015,Pune,2015-04-18,Kings XI Punjab,Kolkata Knight Riders,Kolkata Knight Riders,field,normal,0,Kolkata Knight Riders,0,4,AD Russell,Maharashtra Cricket Association Stadium,SD Fry,CK Nandan,Punjab Kings,Kolkata Knight Riders,Kolkata Knight Riders,Kolkata Knight Riders,False,False,League,
533,2015,Ahmedabad,2015-04-19,Chennai Super Kings,Rajasthan Royals,Chennai Super Kings,bat,normal,0,Rajasthan Royals,0,8,AM Rahane,Narendra Modi Stadium,AK Chaudhary,M Erasmus,Chennai Super Kings,Rajasthan Royals,Chennai Super Kings,Rajasthan Royals,False,False,League,
534,2015,Bengaluru,2015-04-19,Mumbai Indians,Royal Challengers Bangalore,Royal Challengers Bangalore,field,normal,0,Mumbai Indians,18,0,Harbhajan Singh,M Chinnaswamy Stadium,RK Illingworth,VA Kulkarni,Mumbai Indians,Royal Challengers Bengaluru,Royal Challengers Bengaluru,Mumbai Indians,False,False,League,
535,2015,Delhi,2015-04-20,Delhi Daredevils,Kolkata Knight Riders,Kolkata Knight Riders,field,normal,0,Kolkata Knight Riders,0,6,UT Yadav,Arun Jaitley Stadium,SD Fry,CB Gaffaney,Delhi Capitals,Kolkata Knight Riders,Kolkata Knight Riders,Kolkata Knight Riders,False,False,League,
536,2015,Ahmedabad,2015-04-21,Rajasthan Royals,Kings XI Punjab,Kings XI Punjab,field,tie,0,Kings XI Punjab,0,0,SE Marsh,Narendra Modi Stadium,M Erasmus,S Ravi,Rajasthan Royals,Punjab Kings,Punjab Kings,Punjab Kings,False,False,League,
537,2015,Visakhapatnam,2015-04-22,Sunrisers Hyderabad,Kolkata Knight Riders,Kolkata Knight Riders,field,normal,1,Sunrisers Hyderabad,16,0,DA Warner,Dr. Y.S. Rajasekhara Reddy ACA-VDCA Cricket Stadium,RK Illingworth,VA Kulkarni,Sunrisers Hyderabad,Kolkata Knight Riders,Kolkata Knight Riders,Sunrisers Hyderabad,False,True,League,
538,2015,Bengaluru,2015-04-22,Chennai Super Kings,Royal Challengers Bangalore,Royal Challengers Bangalore,field,normal,0,Chennai Super Kings,27,0,SK Raina,M Chinnaswamy Stadium,JD Cloete,C Shamshuddin,Chennai Super Kings,Royal Challengers Bengaluru,Royal Challengers Bengaluru,Chennai Super Kings,False,False,League,
539,2015,Delhi,2015-04-23,Delhi Daredevils,Mumbai Indians,Mumbai Indians,field,normal,0,Delhi Daredevils,37,0,SS Iyer,Arun Jaitley Stadium,SD Fry,CK Nandan,Delhi Capitals,Mumbai Indians,Mumbai Indians,Delhi Capitals,False,False,League,
540,2015,Ahmedabad,2015-04-24,Rajasthan Royals,Royal Challengers Bangalore,Royal Challengers Bangalore,field,normal,0,Royal Challengers Bangalore,0,9,MA Starc,Narendra Modi Stadium,M Erasmus,S Ravi,Rajasthan Royals,Royal Challengers Bengaluru,Royal Challengers Bengaluru,Royal Challengers Bengaluru,False,False,League,
541,2015,Mumbai,2015-04-25,Mumbai Indians,Sunrisers Hyderabad,Mumbai Indians,bat,normal,0,Mumbai Indians,20,0,SL Malinga,Wankhede Stadium,HDPK Dharmasena,CB Gaffaney,Mumbai Indians,Sunrisers Hyderabad,Mumbai Indians,Mumbai Indians,False,False,League,
542,2015,Chennai,2015-04-25,Chennai Super Kings,Kings XI Punjab,Chennai Super Kings,bat,normal,0,Chennai Super Kings,97,0,BB McCullum,"MA Chidambaram Stadium, Chepauk",JD Cloete,C Shamshuddin,Chennai Super Kings,Punjab Kings,Chennai Super Kings,Chennai Super Kings,False,False,League,
543,2015,Delhi,2015-04-26,Delhi Daredevils,Royal Challengers Bangalore,Royal Challengers Bangalore,field,normal,0,Royal Challengers Bangalore,0,10,VR Aaron,Arun Jaitley Stadium,M Erasmus,S Ravi,Delhi Capitals,Royal Challengers Bengaluru,Royal Challengers Bengaluru,Royal Challengers Bengaluru,False,False,League,
544,2015,Mohali,2015-04-27,Sunrisers Hyderabad,Kings XI Punjab,Kings XI Punjab,field,normal,0,Sunrisers Hyderabad,20,0,TA Boult,Punjab Cricket Association IS Bindra Stadium,HDPK Dharmasena,CB Gaffaney,Sunrisers Hyderabad,Punjab Kings,Punjab Kings,Sunrisers Hyderabad,False,False,League,
547,2015,Chennai,2015-04-28,Chennai Super Kings,Kolkata Knight Riders,Kolkata Knight Riders,field,normal,0,Chennai Super Kings,2,0,DJ Bravo,"MA Chidambaram Stadium, Chepauk",RM Deshpande,VA Kulkarni,Chennai Super Kings,Kolkata Knight Riders,Kolkata Knight Riders,Chennai Super Kings,False,False,League,
546,2015,Bengaluru,2015-04-29,Royal Challengers Bangalore,Rajasthan Royals,Rajasthan Royals,field,no result,0,,0,0,,M Chinnaswamy Stadium,JD Cloete,PG Pathak,Royal Challengers Bengaluru,Rajasthan Royals,Rajasthan Royals,,True,False,League,
527,2015,Kolkata,2015-04-30,Chennai Super Kings,Kolkata Knight Riders,Kolkata Knight Riders,field,normal,0,Kolkata Knight Riders,0,7,AD Russell,Eden Gardens,AK Chaudhary,M Erasmus,Chennai Super Kings,Kolkata Knight Riders,Kolkata Knight Riders,Kolkata Knight Riders,False,False,League,
548,2015,Delhi,2015-05-01,Kings XI Punjab,Delhi Daredevils,Delhi Daredevils,field,normal,0,Delhi Daredevils,0,9,NM Coulter-Nile,Arun Jaitley Stadium,RK Illingworth,S Ravi,Punjab Kings,Delhi Capitals,Delhi Capitals,Delhi Capitals,False,False,League,
549,2015,Mumbai,2015-05-01,Mumbai Indians,Rajasthan Royals,Rajasthan Royals,field,normal,0,Mumbai Indians,8,0,AT Rayudu,Wankhede Stadium,HDPK Dharmasena,CK Nandan,Mumbai Indians,Rajasthan Royals,Rajasthan Royals,Mumbai Indians,False,False,League,
550,2015,Bengaluru,2015-05-02,Kolkata Knight Riders,Royal Challengers Bangalore,Royal Challengers Bangalore,field,normal,0,Royal Challengers Bangalore,0,7,Mandeep Singh,M Chinnaswamy Stadium,JD Cloete,PG Pathak,Kolkata Knight Riders,Royal Challengers Bengaluru,Royal Challengers Bengaluru,Royal Challengers Bengaluru,False,False,League,
551,2015,Hyderabad,2015-05-02,Sunrisers Hyderabad,Chennai Super Kings,Chennai Super Kings,field,normal,0,Sunrisers Hyderabad,22,0,DA Warner,"Rajiv Gandhi International Stadium, Uppal",AK Chaudhary,K Srinivasan,Sunrisers Hyderabad,Chennai Super Kings,Chennai Super Kings,Sunrisers Hyderabad,False,False,League,
552,2015,Mohali,2015-05-03,Mumbai Indians,Kings XI Punjab,Mumbai Indians,bat,normal,0,Mumbai Indians,23,0,LMP Simmons,Punjab Cricket Association IS Bindra Stadium,RK Illingworth,VA Kulkarni,Mumbai Indians,Punjab Kings,Mumbai Indians,Mumbai Indians,False,False,League,
553,2015,Mumbai,2015-05-03,Rajasthan Royals,Delhi Daredevils,Delhi Daredevils,field,normal,0,Rajasthan Royals,14,0,AM Rahane,Brabourne Stadium,HDPK Dharmasena,CB Gaffaney,Rajasthan Royals,Delhi Capitals,Delhi Capitals,Rajasthan Royals,False,False,League,
554,2015,Chennai,2015-05-04,Chennai Super Kings,Royal Challengers Bangalore,Chennai Super Kings,bat,normal,0,Chennai Super Kings,24,0,SK Raina,"MA Chidambaram Stadium, Chepauk",C Shamshuddin,K Srinath,Chennai Super Kings,Royal Challengers Bengaluru,Chennai Super Kings,Chennai Super Kings,False,False,League,
555,2015,Kolkata,2015-05-04,Kolkata Knight Riders,Sunrisers Hyderabad,Sunrisers Hyderabad,field,normal,0,Kolkata Knight Riders,35,0,UT Yadav,Eden Gardens,AK Chaudhary,M Erasmus,Kolkata Knight Riders,Sunrisers Hyderabad,Sunrisers Hyderabad,Kolkata Knight Riders,False,False,League,
556,2015,Mumbai,2015-05-05,Delhi Daredevils,Mumbai Indians,Delhi Daredevils,bat,normal,0,Mumbai Indians,0,5,Harbhajan Singh,Wankhede Stadium,HDPK Dharmasena,CB Gaffaney,Delhi Capitals,Mumbai Indians,Delhi Capitals,Mumbai Indians,False,False,League,
557,2015,Bengaluru,2015-05-06,Royal Challengers Bangalore,Kings XI Punjab,Kings XI Punjab,field,normal,0,Royal Challengers Bangalore,138,0,CH Gayle,M Chinnaswamy Stadium,RK Illingworth,VA Kulkarni,Royal Challengers Bengaluru,Punjab Kings,Punjab Kings,Royal Challengers Bengaluru,False,False,League,
545,2015,Kolkata,2015-05-07,Kolkata Knight Riders,Delhi Daredevils,Kolkata Knight Riders,bat,normal,0,Kolkata Knight Riders,13,0,PP Chawla,Eden Gardens,AK Chaudhary,M Erasmus,Kolkata Knight Riders,Delhi Capitals,Kolkata Knight Riders,Kolkata Knight Riders,False,False,League,
558,2015,Mumbai,2015-05-07,Sunrisers Hyderabad,Rajasthan Royals,Rajasthan Royals,field,normal,0,Sunrisers Hyderabad,7,0,EJG Morgan,Brabourne Stadium,JD Cloete,C Shamshuddin,Sunrisers Hyderabad,Rajasthan Royals,Rajasthan Royals,Sunrisers Hyderabad,False,False,League,
559,2015,Chennai,2015-05-08,Chennai Super Kings,Mumbai Indians,Chennai Super Kings,bat,normal,0,Mumbai Indians,0,6,HH Pandya,"MA Chidambaram Stadium, Chepauk",CB Gaffaney,CK Nandan,Chennai Super Kings,Mumbai Indians,Chennai Super Kings,Mumbai Indians,False,False,League,
560,2015,Kolkata,2015-05-09,Kings XI Punjab,Kolkata Knight Riders,Kings XI Punjab,bat,normal,0,Kolkata Knight Riders,0,1,AD Russell,Eden Gardens,AK Chaudhary,HDPK Dharmasena,Punjab Kings,Kolkata Knight Riders,Punjab Kings,Kolkata Knight Riders,False,False,League,
561,2015,Raipur,2015-05-09,Sunrisers Hyderabad,Delhi Daredevils,Sunrisers Hyderabad,bat,normal,0,Sunrisers Hyderabad,6,0,MC Henriques,Shaheed Veer Narayan Singh International Stadium,VA Kulkarni,S Ravi,Sunrisers Hyderabad,Delhi Capitals,Sunrisers Hyderabad,Sunrisers Hyderabad,False,False,League,
562,2015,Mumbai,2015-05-10,Royal Challengers Bangalore,Mumbai Indians,Royal Challengers Bangalore,bat,normal,0,Royal Challengers Bangalore,39,0,AB de Villiers,Wankhede Stadium,JD Cloete,C Shamshuddin,Royal Challengers Bengaluru,Mumbai Indians,Royal Challengers Bengaluru,Royal Challengers Bengaluru,False,False,League,
563,2015,Chennai,2015-05-10,Chennai Super Kings,Rajasthan Royals,Chennai Super Kings,bat,normal,0,Chennai Super Kings,12,0,RA Jadeja,"MA Chidambaram Stadium, Chepauk",M Erasmus,CK Nandan,Chennai Super Kings,Rajasthan Royals,Chennai Super Kings,Chennai Super Kings,False,False,League,
564,2015,Hyderabad,2015-05-11,Sunrisers Hyderabad,Kings XI Punjab,Sunrisers Hyderabad,bat,normal,0,Sunrisers Hyderabad,5,0,DA Warner,"Rajiv Gandhi International Stadium, Uppal",AK Chaudhary,HDPK Dharmasena,Sunrisers Hyderabad,Punjab Kings,Sunrisers Hyderabad,Sunrisers Hyderabad,False,False,League,
565,2015,Raipur,2015-05-12,Chennai Super Kings,Delhi Daredevils,Chennai Super Kings,bat,normal,0,Delhi Daredevils,0,6,Z Khan,Shaheed Veer Narayan Singh International Stadium,RK Illingworth,VA Kulkarni,Chennai Super Kings,Delhi Capitals,Chennai Super Kings,Delhi Capitals,False,False,League,
566,2015,Mohali,2015-05-13,Kings XI Punjab,Royal Challengers Bangalore,Royal Challengers Bangalore,field,normal,0,Kings XI Punjab,22,0,AR Patel,Punjab Cricket Association IS Bindra Stadium,JD Cloete,C Shamshuddin,Punjab Kings,Royal Challengers Bengaluru,Royal Challengers Bengaluru,Punjab Kings,False,False,League,
567,2015,Mumbai,2015-05-14,Mumbai Indians,Kolkata Knight Riders,Kolkata Knight Riders,field,normal,0,Mumbai Indians,5,0,HH Pandya,Wankhede Stadium,RK Illingworth,VA Kulkarni,Mumbai Indians,Kolkata Knight Riders,Kolkata Knight Riders,Mumbai Indians,False,False,League,
568,2015,Hyderabad,2015-05-15,Sunrisers Hyderabad,Royal Challengers Bangalore,Sunrisers Hyderabad,bat,normal,1,Royal Challengers Bangalore,0,6,V Kohli,"Rajiv Gandhi International Stadium, Uppal",AK Chaudhary,HDPK Dharmasena,Sunrisers Hyderabad,Royal Challengers Bengaluru,Sunrisers Hyderabad,Royal Challengers Bengaluru,False,True,League,
569,2015,Mohali,2015-05-16,Kings XI Punjab,Chennai Super Kings,Kings XI Punjab,bat,normal,0,Chennai Super Kings,0,7,P Negi,Punjab Cricket Association IS Bindra Stadium,CK Nandan,C Shamshuddin,Punjab Kings,Chennai Super Kings,Punjab Kings,Chennai Super Kings,False,False,League,
570,2015,Mumbai,2015-05-16,Rajasthan Royals,Kolkata Knight Riders,Rajasthan Royals,bat,normal,0,Rajasthan Royals,9,0,SR Watson,Brabourne Stadium,RM Deshpande,RK Illingworth,Rajasthan Royals,Kolkata Knight Riders,Rajasthan Royals,Rajasthan Royals,False,False,League,
571,2015,Bengaluru,2015-05-17,Delhi Daredevils,Royal Challengers Bangalore,Royal Challengers Bangalore,field,no result,0,,0,0,,M Chinnaswamy Stadium,HDPK Dharmasena,K Srinivasan,Delhi Capitals,Royal Challengers Bengaluru,Royal Challengers Bengaluru,,True,False,League,
572,2015,Hyderabad,2015-05-17,Sunrisers Hyderabad,Mumbai Indians,Sunrisers Hyderabad,bat,normal,0,Mumbai Indians,0,9,MJ McClenaghan,"Rajiv Gandhi International Stadium, Uppal",CB Gaffaney,K Srinath,Sunrisers Hyderabad,Mumbai Indians,Sunrisers Hyderabad,Mumbai Indians,False,False,League,
573,2015,Mumbai,2015-05-19,Mumbai Indians,Chennai Super Kings,Mumbai Indians,bat,normal,0,Mumbai Indians,25,0,KA Pollard,Wankhede Stadium,HDPK Dharmasena,RK Illingworth,Mumbai Indians,Chennai Super Kings,Mumbai Indians,Mumbai Indians,False,False,Playoff,Qualifier 1
574,2015,Pune,2015-05-20,Royal Challengers Bangalore,Rajasthan Royals,Royal Challengers Bangalore,bat,normal,0,Royal Challengers Bangalore,71,0,AB de Villiers,Maharashtra Cricket Association Stadium,AK Chaudhary,C Shamshuddin,Royal Challengers Bengaluru,Rajasthan Royals,Royal Challengers Bengaluru,Royal Challengers Bengaluru,False,False,Playoff,Eliminator
575,2015,Ranchi,2015-05-22,Royal Challengers Bangalore,Chennai Super Kings,Chennai Super Kings,field,normal,0,Chennai Super Kings,0,3,A Nehra,JSCA International Stadium Complex,AK Chaudhary,CB Gaffaney,Royal Challengers Bengaluru,Chennai Super Kings,Chennai Super Kings,Chennai Super Kings,False,False,Playoff,Qualifier 2
576,2015,Kolkata,2015-05-24,Mumbai Indians,Chennai Super Kings,Chennai Super Kings,field,normal,0,Mumbai Indians,41,0,RG Sharma,Eden Gardens,HDPK Dharmasena,RK Illingworth,Mumbai Indians,Chennai Super Kings,Chennai Super Kings,Mumbai Indians,False,False,Playoff,Final
577,2016,Mumbai,2016-04-09,Mumbai Indians,Rising Pune Supergiants,Mumbai Indians,bat,normal,0,Rising Pune Supergiants,0,9,AM Rahane,Wankhede Stadium,HDPK Dharmasena,CK Nandan,Mumbai Indians,Rising Pune Supergiant,Mumbai Indians,Rising Pune Supergiant,False,False,League,
578,2016,Kolkata,2016-04-10,Delhi Daredevils,Kolkata Knight Riders,Kolkata Knight Riders,field,normal,0,Kolkata Knight Riders,0,9,AD Russell,Eden Gardens,S Ravi,C Shamshuddin,Delhi Capitals,Kolkata Knight Riders,Kolkata Knight Riders,Kolkata Knight Riders,False,False,League,
579,2016,Mohali,2016-04-11,Kings XI Punjab,Gujarat Lions,Gujarat Lions,field,normal,0,Gujarat Lions,0,5,AJ Finch,Punjab Cricket Association IS Bindra Stadium,AK Chaudhary,VA Kulkarni,Punjab Kings,Gujarat Lions,Gujarat Lions,Gujarat Lions,False,False,League,
580,2016,Bengaluru,2016-04-12,Royal Challengers Bangalore,Sunrisers Hyderabad,Sunrisers Hyderabad,field,normal,0,Royal Challengers Bangalore,45,0,AB de Villiers,M Chinnaswamy Stadium,HDPK Dharmasena,VK Sharma,Royal Challengers Bengaluru,Sunrisers Hyderabad,Sunrisers Hyderabad,Royal Challengers Bengaluru,False,False,League,
581,2016,Kolkata,2016-04-13,Kolkata Knight Riders,Mumbai Indians,Mumbai Indians,field,normal,0,Mumbai Indians,0,6,RG Sharma,Eden Gardens,Nitin Menon,S Ravi,Kolkata Knight Riders,Mumbai Indians,Mumbai Indians,Mumbai Indians,False,False,League,
582,2016,Rajkot,2016-04-14,Rising Pune Supergiants,Gujarat Lions,Rising Pune Supergiants,bat,normal,0,Gujarat Lions,0,7,AJ Finch,Saurashtra Cricket Association Stadium,VA Kulkarni,CK Nandan,Rising Pune Supergiant,Gujarat Lions,Rising Pune Supergiant,Gujarat Lions,False,False,League,
583,2016,Delhi,2016-04-15,Kings XI Punjab,Delhi Daredevils,Delhi Daredevils,field,normal,0,Delhi Daredevils,0,8,A Mishra,Arun Jaitley Stadium,S Ravi,C Shamshuddin,Punjab Kings,Delhi Capitals,Delhi Capitals,Delhi Capitals,False,False,League,
584,2016,Hyderabad,2016-04-16,Sunrisers Hyderabad,Kolkata Knight Riders,Sunrisers Hyderabad,bat,normal,0,Kolkata Knight Riders,0,8,G Gambhir,"Rajiv Gandhi International Stadium, Uppal",AK Chaudhary,CK Nandan,Sunrisers Hyderabad,Kolkata Knight Riders,Sunrisers Hyderabad,Kolkata Knight Riders,False,False,League,
585,2016,Mumbai,2016-04-16,Mumbai Indians,Gujarat Lions,Gujarat Lions,field,normal,0,Gujarat Lions,0,3,AJ Finch,Wankhede Stadium,HDPK Dharmasena,VK Sharma,Mumbai Indians,Gujarat Lions,Gujarat Lions,Gujarat Lions,False,False,League,
586,2016,Mohali,2016-04-17,Rising Pune Supergiants,Kings XI Punjab,Rising Pune Supergiants,bat,normal,0,Kings XI Punjab,0,6,M Vohra,Punjab Cricket Association IS Bindra Stadium,S Ravi,C Shamshuddin,Rising Pune Supergiant,Punjab Kings,Rising Pune Supergiant,Punjab Kings,False,False,League,
587,2016,Bengaluru,2016-04-17,Royal Challengers Bangalore,Delhi Daredevils,Delhi Daredevils,field,normal,0,Delhi Daredevils,0,7,Q de Kock,M Chinnaswamy Stadium,VA Kulkarni,A Nand Kishore,Royal Challengers Bengaluru,Delhi Capitals,Delhi Capitals,Delhi Capitals,False,False,League,
588,2016,Hyderabad,2016-04-18,Mumbai Indians,Sunrisers Hyderabad,Sunrisers Hyderabad,field,normal,0,Sunrisers Hyderabad,0,7,DA Warner,"Rajiv Gandhi International Stadium, Uppal",HDPK Dharmasena,VK Sharma,Mumbai Indians,Sunrisers Hyderabad,Sunrisers Hyderabad,Sunrisers Hyderabad,False,False,League,
589,2016,Mohali,2016-04-19,Kings XI Punjab,Kolkata Knight Riders,Kolkata Knight Riders,field,normal,0,Kolkata Knight Riders,0,6,RV Uthappa,Punjab Cricket Association IS Bindra Stadium,S Ravi,C Shamshuddin,Punjab Kings,Kolkata Knight Riders,Kolkata Knight Riders,Kolkata Knight Riders,False,False,League,
590,2016,Mumbai,2016-04-20,Royal Challengers Bangalore,Mumbai Indians,Mumbai Indians,field,normal,0,Mumbai Indians,0,6,RG Sharma,Wankhede Stadium,AK Chaudhary,CK Nandan,Royal Challengers Bengaluru,Mumbai Indians,Mumbai Indians,Mumbai Indians,False,False,League,
591,2016,Rajkot,2016-04-21,Gujarat Lions,Sunrisers Hyderabad,Sunrisers Hyderabad,field,normal,0,Sunrisers Hyderabad,0,10,B Kumar,Saurashtra Cricket Association Stadium,K Bharatan,HDPK Dharmasena,Gujarat Lions,Sunrisers Hyderabad,Sunrisers Hyderabad,Sunrisers Hyderabad,False,False,League,
592,2016,Pune,2016-04-22,Royal Challengers Bangalore,Rising Pune Supergiants,Rising Pune Supergiants,field,normal,0,Royal Challengers Bangalore,13,0,AB de Villiers,Maharashtra Cricket Association Stadium,CB Gaffaney,VK Sharma,Royal Challengers Bengaluru,Rising Pune Supergiant,Rising Pune Supergiant,Royal Challengers Bengaluru,False,False,League,
593,2016,Delhi,2016-04-23,Delhi Daredevils,Mumbai Indians,Mumbai Indians,field,normal,0,Delhi Daredevils,10,0,SV Samson,Arun Jaitley Stadium,S Ravi,C Shamshuddin,Delhi Capitals,Mumbai Indians,Mumbai Indians,Delhi Capitals,False,False,League,
594,2016,Hyderabad,2016-04-23,Kings XI Punjab,Sunrisers Hyderabad,Sunrisers Hyderabad,field,normal,0,Sunrisers Hyderabad,0,5,Mustafizur Rahman,"Rajiv Gandhi International Stadium, Uppal",AK Chaudhary,CK Nandan,Punjab Kings,Sunrisers Hyderabad,Sunrisers Hyderabad,Sunrisers Hyderabad,False,False,League,
595,2016,Rajkot,2016-04-24,Royal Challengers Bangalore,Gujarat Lions,Royal Challengers Bangalore,bat,normal,0,Gujarat Lions,0,6,V Kohli,Saurashtra Cricket Association Stadium,K Bharatan,BNJ Oxenford,Royal Challengers Bengaluru,Gujarat Lions,Royal Challengers Bengaluru,Gujarat Lions,False,False,League,
596,2016,Pune,2016-04-24,Rising Pune Supergiants,Kolkata Knight Riders,Kolkata Knight Riders,field,normal,0,Kolkata Knight Riders,0,2,SA Yadav,Maharashtra Cricket Association Stadium,CB Gaffaney,A Nand Kishore,Rising Pune Supergiant,Kolkata Knight Riders,Kolkata Knight Riders,Kolkata Knight Riders,False,False,League,
597,2016,Mohali,2016-04-25,Mumbai Indians,Kings XI Punjab,Kings XI Punjab,field,normal,0,Mumbai Indians,25,0,PA Patel,Punjab Cricket Association IS Bindra Stadium,Nitin Menon,RJ Tucker,Mumbai Indians,Punjab Kings,Punjab Kings,Mumbai Indians,False,False,League,
598,2016,Hyderabad,2016-04-26,Sunrisers Hyderabad,Rising Pune Supergiants,Rising Pune Supergiants,field,normal,1,Rising Pune Supergiants,34,0,AB Dinda,"Rajiv Gandhi International Stadium, Uppal",AY Dandekar,CK Nandan,Sunrisers Hyderabad,Rising Pune Supergiant,Rising Pune Supergiant,Rising Pune Supergiant,False,True,League,
599,2016,Delhi,2016-04-27,Gujarat Lions,Delhi Daredevils,Delhi Daredevils,field,normal,0,Gujarat Lions,1,0,CH Morris,Arun Jaitley Stadium,M Erasmus,S Ravi,Gujarat Lions,Delhi Capitals,Delhi Capitals,Gujarat Lions,False,False,League,
600,2016,Mumbai,2016-04-28,Kolkata Knight Riders,Mumbai Indians,Mumbai Indians,field,normal,0,Mumbai Indians,0,6,RG Sharma,Wankhede Stadium,Nitin Menon,RJ Tucker,Kolkata Knight Riders,Mumbai Indians,Mumbai Indians,Mumbai Indians,False,False,League,
601,2016,Pune,2016-04-29,Rising Pune Supergiants,Gujarat Lions,Gujarat Lions,field,normal,0,Gujarat Lions,0,3,DR Smith,Maharashtra Cricket Association Stadium,CB Gaffaney,BNJ Oxenford,Rising Pune Supergiant,Gujarat Lions,Gujarat Lions,Gujarat Lions,False,False,League,
602,2016,Delhi,2016-04-30,Delhi Daredevils,Kolkata Knight Riders,Kolkata Knight Riders,field,normal,0,Delhi Daredevils,27,0,CR Brathwaite,Arun Jaitley Stadium,KN Ananthapadmanabhan,M Erasmus,Delhi Capitals,Kolkata Knight Riders,Kolkata Knight Riders,Delhi Capitals,False,False,League,
603,2016,Hyderabad,2016-04-30,Sunrisers Hyderabad,Royal Challengers Bangalore,Royal Challengers Bangalore,field,normal,0,Sunrisers Hyderabad,15,0,DA Warner,"Rajiv Gandhi International Stadium, Uppal",AK Chaudhary,HDPK Dharmasena,Sunrisers Hyderabad,Royal Challengers Bengaluru,Royal Challengers Bengaluru,Sunrisers Hyderabad,False,False,League,
604,2016,Rajkot,2016-05-01,Kings XI Punjab,Gujarat Lions,Gujarat Lions,field,normal,0,Kings XI Punjab,23,0,AR Patel,Saurashtra Cricket Association Stadium,BNJ Oxenford,VK Sharma,Punjab Kings,Gujarat Lions,Gujarat Lions,Punjab Kings,False,False,League,
605,2016,Pune,2016-05-01,Rising Pune Supergiants,Mumbai Indians,Mumbai Indians,field,normal,0,Mumbai Indians,0,8,RG Sharma,Maharashtra Cricket Association Stadium,AY Dandekar,RJ Tucker,Rising Pune Supergiant,Mumbai Indians,Mumbai Indians,Mumbai Indians,False,False,League,
606,2016,Bengaluru,2016-05-02,Royal Challengers Bangalore,Kolkata Knight Riders,Kolkata Knight Riders,field,normal,0,Kolkata Knight Riders,0,5,AD Russell,M Chinnaswamy Stadium,M Erasmus,S Ravi,Royal Challengers Bengaluru,Kolkata Knight Riders,Kolkata Knight Riders,Kolkata Knight Riders,False,False,League,
607,2016,Rajkot,2016-05-03,Gujarat Lions,Delhi Daredevils,Delhi Daredevils,field,normal,0,Delhi Daredevils,0,8,RR Pant,Saurashtra Cricket Association Stadium,CB Gaffaney,BNJ Oxenford,Gujarat Lions,Delhi Capitals,Delhi Capitals,Delhi Capitals,False,False,League,
608,2016,Kolkata,2016-05-04,Kolkata Knight Riders,Kings XI Punjab,Kings XI Punjab,field,normal,0,Kolkata Knight Riders,7,0,AD Russell,Eden Gardens,AK Chaudhary,HDPK Dharmasena,Kolkata Knight Riders,Punjab Kings,Punjab Kings,Kolkata Knight Riders,False,False,League,
609,2016,Delhi,2016-05-05,Delhi Daredevils,Rising Pune Supergiants,Rising Pune Supergiants,field,normal,0,Rising Pune Supergiants,0,7,AM Rahane,Arun Jaitley Stadium,C Shamshuddin,RJ Tucker,Delhi Capitals,Rising Pune Supergiant,Rising Pune Supergiant,Rising Pune Supergiant,False,False,League,
610,2016,Hyderabad,2016-05-06,Gujarat Lions,Sunrisers Hyderabad,Sunrisers Hyderabad,field,normal,0,Sunrisers Hyderabad,0,5,B Kumar,"Rajiv Gandhi International Stadium, Uppal",M Erasmus,S Ravi,Gujarat Lions,Sunrisers Hyderabad,Sunrisers Hyderabad,Sunrisers Hyderabad,False,False,League,
611,2016,Bengaluru,2016-05-07,Rising Pune Supergiants,Royal Challengers Bangalore,Royal Challengers Bangalore,field,normal,0,Royal Challengers Bangalore,0,7,V Kohli,M Chinnaswamy Stadium,CB Gaffaney,BNJ Oxenford,Rising Pune Supergiant,Royal Challengers Bengaluru,Royal Challengers Bengaluru,Royal Challengers Bengaluru,False,False,League,
612,2016,Mohali,2016-05-07,Kings XI Punjab,Delhi Daredevils,Delhi Daredevils,field,normal,0,Kings XI Punjab,9,0,MP Stoinis,Punjab Cricket Association IS Bindra Stadium,HDPK Dharmasena,CK Nandan,Punjab Kings,Delhi Capitals,Delhi Capitals,Punjab Kings,False,False,League,
613,2016,Visakhapatnam,2016-05-08,Sunrisers Hyderabad,Mumbai Indians,Mumbai Indians,field,normal,0,Sunrisers Hyderabad,85,0,A Nehra,Dr. Y.S. Rajasekhara Reddy ACA-VDCA Cricket Stadium,S Ravi,C Shamshuddin,Sunrisers Hyderabad,Mumbai Indians,Mumbai Indians,Sunrisers Hyderabad,False,False,League,
614,2016,Kolkata,2016-05-08,Kolkata Knight Riders,Gujarat Lions,Gujarat Lions,field,normal,0,Gujarat Lions,0,5,P Kumar,Eden Gardens,M Erasmus,RJ Tucker,Kolkata Knight Riders,Gujarat Lions,Gujarat Lions,Gujarat Lions,False,False,League,
615,2016,Mohali,2016-05-09,Royal Challengers Bangalore,Kings XI Punjab,Kings XI Punjab,field,normal,0,Royal Challengers Bangalore,1,0,SR Watson,Punjab Cricket Association IS Bindra Stadium,AK Chaudhary,HDPK Dharmasena,Royal Challengers Bengaluru,Punjab Kings,Punjab Kings,Royal Challengers Bengaluru,False,False,League,
616,2016,Visakhapatnam,2016-05-10,Sunrisers Hyderabad,Rising Pune Supergiants,Sunrisers Hyderabad,bat,normal,0,Sunrisers Hyderabad,4,0,A Zampa,Dr. Y.S. Rajasekhara Reddy ACA-VDCA Cricket Stadium,CB Gaffaney,VK Sharma,Sunrisers Hyderabad,Rising Pune Supergiant,Sunrisers Hyderabad,Sunrisers Hyderabad,False,False,League,
617,2016,Bengaluru,2016-05-11,Royal Challengers Bangalore,Mumbai Indians,Mumbai Indians,field,normal,0,Mumbai Indians,0,6,KH Pandya,M Chinnaswamy Stadium,AY Dandekar,C Shamshuddin,Royal Challengers Bengaluru,Mumbai Indians,Mumbai Indians,Mumbai Indians,False,False,League,
618,2016,Hyderabad,2016-05-12,Sunrisers Hyderabad,Delhi Daredevils,Delhi Daredevils,field,normal,0,Delhi Daredevils,0,7,CH Morris,"Rajiv Gandhi International Stadium, Uppal",K Bharatan,M Erasmus,Sunrisers Hyderabad,Delhi Capitals,Delhi Capitals,Delhi Capitals,False,False,League,
619,2016,Visakhapatnam,2016-05-13,Mumbai Indians,Kings XI Punjab,Mumbai Indians,bat,normal,0,Kings XI Punjab,0,7,MP Stoinis,Dr. Y.S. Rajasekhara Reddy ACA-VDCA Cricket Stadium,HDPK Dharmasena,CK Nandan,Mumbai Indians,Punjab Kings,Mumbai Indians,Punjab Kings,False,False,League,
620,2016,Bengaluru,2016-05-14,Royal Challengers Bangalore,Gujarat Lions,Gujarat Lions,field,normal,0,Royal Challengers Bangalore,144,0,AB de Villiers,M Chinnaswamy Stadium,AY Dandekar,VK Sharma,Royal Challengers Bengaluru,Gujarat Lions,Gujarat Lions,Royal Challengers Bengaluru,False,False,League,
621,2016,Kolkata,2016-05-14,Rising Pune Supergiants,Kolkata Knight Riders,Rising Pune Supergiants,bat,normal,1,Kolkata Knight Riders,0,8,YK Pathan,Eden Gardens,A Nand Kishore,BNJ Oxenford,Rising Pune Supergiant,Kolkata Knight Riders,Rising Pune Supergiant,Kolkata Knight Riders,False,True,League,
622,2016,Mohali,2016-05-15,Kings XI Punjab,Sunrisers Hyderabad,Kings XI Punjab,bat,normal,0,Sunrisers Hyderabad,0,7,HM Amla,Punjab Cricket Association IS Bindra Stadium,KN Ananthapadmanabhan,M Erasmus,Punjab Kings,Sunrisers Hyderabad,Punjab Kings,Sunrisers Hyderabad,False,False,League,
623,2016,Visakhapatnam,2016-05-15,Mumbai Indians,Delhi Daredevils,Delhi Daredevils,field,normal,0,Mumbai Indians,80,0,KH Pandya,Dr. Y.S. Rajasekhara Reddy ACA-VDCA Cricket Stadium,Nitin Menon,CK Nandan,Mumbai Indians,Delhi Capitals,Delhi Capitals,Mumbai Indians,False,False,League,
624,2016,Kolkata,2016-05-16,Kolkata Knight Riders,Royal Challengers Bangalore,Royal Challengers Bangalore,field,normal,0,Royal Challengers Bangalore,0,9,V Kohli,Eden Gardens,CB Gaffaney,A Nand Kishore,Kolkata Knight Riders,Royal Challengers Bengaluru,Royal Challengers Bengaluru,Royal Challengers Bengaluru,False,False,League,
625,2016,Visakhapatnam,2016-05-17,Delhi Daredevils,Rising Pune Supergiants,Rising Pune Supergiants,field,normal,1,Rising Pune Supergiants,19,0,AB Dinda,Dr. Y.S. Rajasekhara Reddy ACA-VDCA Cricket Stadium,Nitin Menon,C Shamshuddin,Delhi Capitals,Rising Pune Supergiant,Rising Pune Supergiant,Rising Pune Supergiant,False,True,League,
626,2016,Bengaluru,2016-05-18,Royal Challengers Bangalore,Kings XI Punjab,Kings XI Punjab,field,normal,1,Royal Challengers Bangalore,82,0,V Kohli,M Chinnaswamy Stadium,KN Ananthapadmanabhan,M Erasmus,Royal Challengers Bengaluru,Punjab Kings,Punjab Kings,Royal Challengers Bengaluru,False,True,League,
627,2016,Kanpur,2016-05-19,Kolkata Knight Riders,Gujarat Lions,Gujarat Lions,field,normal,0,Gujarat Lions,0,6,DR Smith,Green Park,AK Chaudhary,CK Nandan,Kolkata Knight Riders,Gujarat Lions,Gujarat Lions,Gujarat Lions,False,False,League,
628,2016,Raipur,2016-05-20,Sunrisers Hyderabad,Delhi Daredevils,Delhi Daredevils,field,normal,0,Delhi Daredevils,0,6,KK Nair,Shaheed Veer Narayan Singh International Stadium,A Nand Kishore,BNJ Oxenford,Sunrisers Hyderabad,Delhi Capitals,Delhi Capitals,Delhi Capitals,False,False,League,
629,2016,Visakhapatnam,2016-05-21,Kings XI Punjab,Rising Pune Supergiants,Kings XI Punjab,bat,normal,0,Rising Pune Supergiants,0,4,MS Dhoni,Dr. Y.S. Rajasekhara Reddy ACA-VDCA Cricket Stadium,HDPK Dharmasena,Nitin Menon,Punjab Kings,Rising Pune Supergiant,Punjab Kings,Rising Pune Supergiant,False,False,League,
630,2016,Kanpur,2016-05-21,Mumbai Indians,Gujarat Lions,Gujarat Lions,field,normal,0,Gujarat Lions,0,6,SK Raina,Green Park,AK Chaudhary,CK Nandan,Mumbai Indians,Gujarat Lions,Gujarat Lions,Gujarat Lions,False,False,League,
631,2016,Kolkata,2016-05-22,Kolkata Knight Riders,Sunrisers Hyderabad,Sunrisers Hyderabad,field,normal,0,Kolkata Knight Riders,22,0,YK Pathan,Eden Gardens,KN Ananthapadmanabhan,M Erasmus,Kolkata Knight Riders,Sunrisers Hyderabad,Sunrisers Hyderabad,Kolkata Knight Riders,False,False,League,
632,2016,Raipur,2016-05-22,Delhi Daredevils,Royal Challengers Bangalore,Royal Challengers Bangalore,field,normal,0,Royal Challengers Bangalore,0,6,V Kohli,Shaheed Veer Narayan Singh International Stadium,A Nand Kishore,BNJ Oxenford,Delhi Capitals,Royal Challengers Bengaluru,Royal Challengers Bengaluru,Royal Challengers Bengaluru,False,False,League,
633,2016,Bengaluru,2016-05-24,Gujarat Lions,Royal Challengers Bangalore,Royal Challengers Bangalore,field,normal,0,Royal Challengers Bangalore,0,4,AB de Villiers,M Chinnaswamy Stadium,AK Chaudhary,HDPK Dharmasena,Gujarat Lions,Royal Challengers Bengaluru,Royal Challengers Bengaluru,Royal Challengers Bengaluru,False,False,Playoff,Qualifier 1
634,2016,Delhi,2016-05-25,Sunrisers Hyderabad,Kolkata Knight Riders,Kolkata Knight Riders,field,normal,0,Sunrisers Hyderabad,22,0,MC Henriques,Arun Jaitley Stadium,M Erasmus,C Shamshuddin,Sunrisers Hyderabad,Kolkata Knight Riders,Kolkata Knight Riders,Sunrisers Hyderabad,False,False,Playoff,Eliminator
635,2016,Delhi,2016-05-27,Gujarat Lions,Sunrisers Hyderabad,Sunrisers Hyderabad,field,normal,0,Sunrisers Hyderabad,0,4,DA Warner,Arun Jaitley Stadium,M Erasmus,CK Nandan,Gujarat Lions,Sunrisers Hyderabad,Sunrisers Hyderabad,Sunrisers Hyderabad,False,False,Playoff,Qualifier 2
636,2016,Bengaluru,2016-05-29,Sunrisers Hyderabad,Royal Challengers Bangalore,Sunrisers Hyderabad,bat,normal,0,Sunrisers Hyderabad,8,0,BCJ Cutting,M Chinnaswamy Stadium,HDPK Dharmasena,BNJ Oxenford,Sunrisers Hyderabad,Royal Challengers Bengaluru,Sunrisers Hyderabad,Sunrisers Hyderabad,False,False,Playoff,Final
1,2017,Hyderabad,2017-04-05,Sunrisers Hyderabad,Royal Challengers Bangalore,Royal Challengers Bangalore,field,normal,0,Sunrisers Hyderabad,35,0,Yuvraj Singh,"Rajiv Gandhi International Stadium, Uppal",AY Dandekar,NJ Llong,Sunrisers Hyderabad,Royal Challengers Bengaluru,Royal Challengers Bengaluru,Sunrisers Hyderabad,False,False,League,
2,2017,Pune,2017-04-06,Mumbai Indians,Rising Pune Supergiant,Rising Pune Supergiant,field,normal,0,Rising Pune Supergiant,0,7,SPD Smith,Maharashtra Cricket Association Stadium,A Nand Kishore,S Ravi,Mumbai Indians,Rising Pune Supergiant,Rising Pune Supergiant,Rising Pune Supergiant,False,False,League,
3,2017,Rajkot,2017-04-07,Gujarat Lions,Kolkata Knight Riders,Kolkata Knight Riders,field,normal,0,Kolkata Knight Riders,0,10,CA Lynn,Saurashtra Cricket Association Stadium,Nitin Menon,CK Nandan,Gujarat Lions,Kolkata Knight Riders,Kolkata Knight Riders,Kolkata Knight Riders,False,False,League,
4,2017,Indore,2017-04-08,Rising Pune Supergiant,Kings XI Punjab,Kings XI Punjab,field,normal,0,Kings XI Punjab,0,6,GJ Maxwell,Holkar Cricket Stadium,AK Chaudhary,C Shamshuddin,Rising Pune Supergiant,Punjab Kings,Punjab Kings,Punjab Kings,False,False,League,
5,2017,Bengaluru,2017-04-08,Royal Challengers Bangalore,Delhi Daredevils,Royal Challengers Bangalore,bat,normal,0,Royal Challengers Bangalore,15,0,KM Jadhav,M Chinnaswamy Stadium,,,Royal Challengers Bengaluru,Delhi Capitals,Royal Challengers Bengaluru,Royal Challengers Bengaluru,False,False,League,
6,2017,Hyderabad,2017-04-09,Gujarat Lions,Sunrisers Hyderabad,Sunrisers Hyderabad,field,normal,0,Sunrisers Hyderabad,0,9,Rashid Khan,"Rajiv Gandhi International Stadium, Uppal",A Deshmukh,NJ Llong,Gujarat Lions,Sunrisers Hyderabad,Sunrisers Hyderabad,Sunrisers Hyderabad,False,False,League,
7,2017,Mumbai,2017-04-09,Kolkata Knight Riders,Mumbai Indians,Mumbai Indians,field,normal,0,Mumbai Indians,0,4,N Rana,Wankhede Stadium,Nitin Menon,CK Nandan,Kolkata Knight Riders,Mumbai Indians,Mumbai Indians,Mumbai Indians,False,False,League,
8,2017,Indore,2017-04-10,Royal Challengers Bangalore,Kings XI Punjab,Royal Challengers Bangalore,bat,normal,0,Kings XI Punjab,0,8,AR Patel,Holkar Cricket Stadium,AK Chaudhary,C Shamshuddin,Royal Challengers Bengaluru,Punjab Kings,Royal Challengers Bengaluru,Punjab Kings,False,False,League,
9,2017,Pune,2017-04-11,Delhi Daredevils,Rising Pune Supergiant,Rising Pune Supergiant,field,normal,0,Delhi Daredevils,97,0,SV Samson,Maharashtra Cricket Association Stadium,AY Dandekar,S Ravi,Delhi Capitals,Rising Pune Supergiant,Rising Pune Supergiant,Delhi Capitals,False,False,League,
10,2017,Mumbai,2017-04-12,Sunrisers Hyderabad,Mumbai Indians,Mumbai Indians,field,normal,0,Mumbai Indians,0,4,JJ Bumrah,Wankhede Stadium,Nitin Menon,CK Nandan,Sunrisers Hyderabad,Mumbai Indians,Mumbai Indians,Mumbai Indians,False,False,League,
11,2017,Kolkata,2017-04-13,Kings XI Punjab,Kolkata Knight Riders,Kolkata Knight Riders,field,normal,0,Kolkata Knight Riders,0,8,SP Narine,Eden Gardens,A Deshmukh,NJ Llong,Punjab Kings,Kolkata Knight Riders,Kolkata Knight Riders,Kolkata Knight Riders,False,False,League,
12,2017,Bengaluru,2017-04-14,Royal Challengers Bangalore,Mumbai Indians,Mumbai Indians,field,normal,0,Mumbai Indians,0,4,KA Pollard,M Chinnaswamy Stadium,KN Ananthapadmanabhan,AK Chaudhary,Royal Challengers Bengaluru,Mumbai Indians,Mumbai Indians,Mumbai Indians,False,False,League,
13,2017,Rajkot,2017-04-14,Rising Pune Supergiant,Gujarat Lions,Gujarat Lions,field,normal,0,Gujarat Lions,0,7,AJ Tye,Saurashtra Cricket Association Stadium,A Nand Kishore,S Ravi,Rising Pune Supergiant,Gujarat Lions,Gujarat Lions,Gujarat Lions,False,False,League,
14,2017,Kolkata,2017-04-15,Kolkata Knight Riders,Sunrisers Hyderabad,Sunrisers Hyderabad,field,normal,0,Kolkata Knight Riders,17,0,RV Uthappa,Eden Gardens,AY Dandekar,NJ Llong,Kolkata Knight Riders,Sunrisers Hyderabad,Sunrisers Hyderabad,Kolkata Knight Riders,False,False,League,
15,2017,Delhi,2017-04-15,Delhi Daredevils,Kings XI Punjab,Delhi Daredevils,bat,normal,0,Delhi Daredevils,51,0,CJ Anderson,Arun Jaitley Stadium,YC Barde,Nitin Menon,Delhi Capitals,Punjab Kings,Delhi Capitals,Delhi Capitals,False,False,League,
16,2017,Mumbai,2017-04-16,Gujarat Lions,Mumbai Indians,Mumbai Indians,field,normal,0,Mumbai Indians,0,6,N Rana,Wankhede Stadium,A Nand Kishore,S Ravi,Gujarat Lions,Mumbai Indians,Mumbai Indians,Mumbai Indians,False,False,League,
17,2017,Bengaluru,2017-04-16,Rising Pune Supergiant,Royal Challengers Bangalore,Royal Challengers Bangalore,field,normal,0,Rising Pune Supergiant,27,0,BA Stokes,M Chinnaswamy Stadium,KN Ananthapadmanabhan,C Shamshuddin,Rising Pune Supergiant,Royal Challengers Bengaluru,Royal Challengers Bengaluru,Rising Pune Supergiant,False,False,League,
18,2017,Delhi,2017-04-17,Delhi Daredevils,Kolkata Knight Riders,Delhi Daredevils,bat,normal,0,Kolkata Knight Riders,0,4,NM Coulter-Nile,Arun Jaitley Stadium,Nitin Menon,CK Nandan,Delhi Capitals,Kolkata Knight Riders,Delhi Capitals,Kolkata Knight Riders,False,False,League,
19,2017,Hyderabad,2017-04-17,Sunrisers Hyderabad,Kings XI Punjab,Kings XI Punjab,field,normal,0,Sunrisers Hyderabad,5,0,B Kumar,"Rajiv Gandhi International Stadium, Uppal",AY Dandekar,A Deshmukh,Sunrisers Hyderabad,Punjab Kings,Punjab Kings,Sunrisers Hyderabad,False,False,League,
20,2017,Rajkot,2017-04-18,Royal Challengers Bangalore,Gujarat Lions,Gujarat Lions,field,normal,0,Royal Challengers Bangalore,21,0,CH Gayle,Saurashtra Cricket Association Stadium,S Ravi,VK Sharma,Royal Challengers Bengaluru,Gujarat Lions,Gujarat Lions,Royal Challengers Bengaluru,False,False,League,
21,2017,Hyderabad,2017-04-19,Sunrisers Hyderabad,Delhi Daredevils,Sunrisers Hyderabad,bat,normal,0,Sunrisers Hyderabad,15,0,KS Williamson,"Rajiv Gandhi International Stadium, Uppal",CB Gaffaney,NJ Llong,Sunrisers Hyderabad,Delhi Capitals,Sunrisers Hyderabad,Sunrisers Hyderabad,False,False,League,
22,2017,Indore,2017-04-20,Kings XI Punjab,Mumbai Indians,Mumbai Indians,field,normal,0,Mumbai Indians,0,8,JC Buttler,Holkar Cricket Stadium,M Erasmus,C Shamshuddin,Punjab Kings,Mumbai Indians,Mumbai Indians,Mumbai Indians,False,False,League,
23,2017,Kolkata,2017-04-21,Kolkata Knight Riders,Gujarat Lions,Gujarat Lions,field,normal,0,Gujarat Lions,0,4,SK Raina,Eden Gardens,CB Gaffaney,Nitin Menon,Kolkata Knight Riders,Gujarat Lions,Gujarat Lions,Gujarat Lions,False,False,League,
24,2017,Mumbai,2017-04-22,Mumbai Indians,Delhi Daredevils,Delhi Daredevils,field,normal,0,Mumbai Indians,14,0,MJ McClenaghan,Wankhede Stadium,A Nand Kishore,S Ravi,Mumbai Indians,Delhi Capitals,Delhi Capitals,Mumbai Indians,False,False,League,
25,2017,Pune,2017-04-22,Sunrisers Hyderabad,Rising Pune Supergiant,Rising Pune Supergiant,field,normal,0,Rising Pune Supergiant,0,6,MS Dhoni,Maharashtra Cricket Association Stadium,AY Dandekar,A Deshmukh,Sunrisers Hyderabad,Rising Pune Supergiant,Rising Pune Supergiant,Rising Pune Supergiant,False,False,League,
26,2017,Rajkot,2017-04-23,Kings XI Punjab,Gujarat Lions,Gujarat Lions,field,normal,0,Kings XI Punjab,26,0,HM Amla,Saurashtra Cricket Association Stadium,AK Chaudhary,M Erasmus,Punjab Kings,Gujarat Lions,Gujarat Lions,Punjab Kings,False,False,League,
27,2017,Kolkata,2017-04-23,Kolkata Knight Riders,Royal Challengers Bangalore,Royal Challengers Bangalore,field,normal,0,Kolkata Knight Riders,82,0,NM Coulter-Nile,Eden Gardens,CB Gaffaney,CK Nandan,Kolkata Knight Riders,Royal Challengers Bengaluru,Royal Challengers Bengaluru,Kolkata Knight Riders,False,False,League,
28,2017,Mumbai,2017-04-24,Rising Pune Supergiant,Mumbai Indians,Mumbai Indians,field,normal,0,Rising Pune Supergiant,3,0,BA Stokes,Wankhede Stadium,A Nand Kishore,S Ravi,Rising Pune Supergiant,Mumbai Indians,Mumbai Indians,Rising Pune Supergiant,False,False,League,
29,2017,Pune,2017-04-26,Rising Pune Supergiant,Kolkata Knight Riders,Kolkata Knight Riders,field,normal,0,Kolkata Knight Riders,0,7,RV Uthappa,Maharashtra Cricket Association Stadium,AY Dandekar,NJ Llong,Rising Pune Supergiant,Kolkata Knight Riders,Kolkata Knight Riders,Kolkata Knight Riders,False,False,League,
30,2017,Bengaluru,2017-04-27,Royal Challengers Bangalore,Gujarat Lions,Gujarat Lions,field,normal,0,Gujarat Lions,0,7,AJ Tye,M Chinnaswamy Stadium,AK Chaudhary,C Shamshuddin,Royal Challengers Bengaluru,Gujarat Lions,Gujarat Lions,Gujarat Lions,False,False,League,
31,2017,Kolkata,2017-04-28,Delhi Daredevils,Kolkata Knight Riders,Kolkata Knight Riders,field,normal,0,Kolkata Knight Riders,0,7,G Gambhir,Eden Gardens,NJ Llong,S Ravi,Delhi Capitals,Kolkata Knight Riders,Kolkata Knight Riders,Kolkata Knight Riders,False,False,League,
32,2017,Mohali,2017-04-28,Sunrisers Hyderabad,Kings XI Punjab,Kings XI Punjab,field,normal,0,Sunrisers Hyderabad,26,0,Rashid Khan,Punjab Cricket Association IS Bindra Stadium,Nitin Menon,CK Nandan,Sunrisers Hyderabad,Punjab Kings,Punjab Kings,Sunrisers Hyderabad,False,False,League,
33,2017,Pune,2017-04-29,Rising Pune Supergiant,Royal Challengers Bangalore,Royal Challengers Bangalore,field,normal,0,Rising Pune Supergiant,61,0,LH Ferguson,Maharashtra Cricket Association Stadium,KN Ananthapadmanabhan,M Erasmus,Rising Pune Supergiant,Royal Challengers Bengaluru,Royal Challengers Bengaluru,Rising Pune Supergiant,False,False,League,
34,2017,Rajkot,2017-04-29,Gujarat Lions,Mumbai Indians,Gujarat Lions,bat,tie,0,Mumbai Indians,0,0,KH Pandya,Saurashtra Cricket Association Stadium,AK Chaudhary,CB Gaffaney,Gujarat Lions,Mumbai Indians,Gujarat Lions,Mumbai Indians,False,False,League,
35,2017,Mohali,2017-04-30,Delhi Daredevils,Kings XI Punjab,Kings XI Punjab,field,normal,0,Kings XI Punjab,0,10,Sandeep Sharma,Punjab Cricket Association IS Bindra Stadium,YC Barde,CK Nandan,Delhi Capitals,Punjab Kings,Punjab Kings,Punjab Kings,False,False,League,
36,2017,Hyderabad,2017-04-30,Sunrisers Hyderabad,Kolkata Knight Riders,Kolkata Knight Riders,field,normal,0,Sunrisers Hyderabad,48,0,DA Warner,"Rajiv Gandhi International Stadium, Uppal",AY Dandekar,S Ravi,Sunrisers Hyderabad,Kolkata Knight Riders,Kolkata Knight Riders,Sunrisers Hyderabad,False,False,League,
37,2017,Mumbai,2017-05-01,Royal Challengers Bangalore,Mumbai Indians,Royal Challengers Bangalore,bat,normal,0,Mumbai Indians,0,5,RG Sharma,Wankhede Stadium,AK Chaudhary,CB Gaffaney,Royal Challengers Bengaluru,Mumbai Indians,Royal Challengers Bengaluru,Mumbai Indians,False,False,League,
38,2017,Pune,2017-05-01,Gujarat Lions,Rising Pune Supergiant,Rising Pune Supergiant,field,normal,0,Rising Pune Supergiant,0,5,BA Stokes,Maharashtra Cricket Association Stadium,M Erasmus,C Shamshuddin,Gujarat Lions,Rising Pune Supergiant,Rising Pune Supergiant,Rising Pune Supergiant,False,False,League,
39,2017,Delhi,2017-05-02,Sunrisers Hyderabad,Delhi Daredevils,Delhi Daredevils,field,normal,0,Delhi Daredevils,0,6,Mohammed Shami,Arun Jaitley Stadium,YC Barde,Nitin Menon,Sunrisers Hyderabad,Delhi Capitals,Delhi Capitals,Delhi Capitals,False,False,League,
40,2017,Kolkata,2017-05-03,Kolkata Knight Riders,Rising Pune Supergiant,Rising Pune Supergiant,field,normal,0,Rising Pune Supergiant,0,4,RA Tripathi,Eden Gardens,KN Ananthapadmanabhan,A Nand Kishore,Kolkata Knight Riders,Rising Pune Supergiant,Rising Pune Supergiant,Rising Pune Supergiant,False,False,League,
41,2017,Delhi,2017-05-04,Gujarat Lions,Delhi Daredevils,Delhi Daredevils,field,normal,0,Delhi Daredevils,0,7,RR Pant,Arun Jaitley Stadium,M Erasmus,Nitin Menon,Gujarat Lions,Delhi Capitals,Delhi Capitals,Delhi Capitals,False,False,League,
42,2017,Bengaluru,2017-05-05,Kings XI Punjab,Royal Challengers Bangalore,Royal Challengers Bangalore,field,normal,0,Kings XI Punjab,19,0,Sandeep Sharma,M Chinnaswamy Stadium,CB Gaffaney,C Shamshuddin,Punjab Kings,Royal Challengers Bengaluru,Royal Challengers Bengaluru,Punjab Kings,False,False,League,
43,2017,Hyderabad,2017-05-06,Rising Pune Supergiant,Sunrisers Hyderabad,Sunrisers Hyderabad,field,normal,0,Rising Pune Supergiant,12,0,JD Unadkat,"Rajiv Gandhi International Stadium, Uppal",KN Ananthapadmanabhan,AK Chaudhary,Rising Pune Supergiant,Sunrisers Hyderabad,Sunrisers Hyderabad,Rising Pune Supergiant,False,False,League,
44,2017,Delhi,2017-05-06,Mumbai Indians,Delhi Daredevils,Delhi Daredevils,field,normal,0,Mumbai Indians,146,0,LMP Simmons,Arun Jaitley Stadium,Nitin Menon,CK Nandan,Mumbai Indians,Delhi Capitals,Delhi Capitals,Mumbai Indians,False,False,League,
45,2017,Bengaluru,2017-05-07,Royal Challengers Bangalore,Kolkata Knight Riders,Kolkata Knight Riders,field,normal,0,Kolkata Knight Riders,0,6,SP Narine,M Chinnaswamy Stadium,AY Dandekar,C Shamshuddin,Royal Challengers Bengaluru,Kolkata Knight Riders,Kolkata Knight Riders,Kolkata Knight Riders,False,False,League,
46,2017,Mohali,2017-05-07,Kings XI Punjab,Gujarat Lions,Gujarat Lions,field,normal,0,Gujarat Lions,0,6,DR Smith,Punjab Cricket Association IS Bindra Stadium,A Nand Kishore,VK Sharma,Punjab Kings,Gujarat Lions,Gujarat Lions,Gujarat Lions,False,False,League,
47,2017,Hyderabad,2017-05-08,Mumbai Indians,Sunrisers Hyderabad,Mumbai Indians,bat,normal,0,Sunrisers Hyderabad,0,7,S Dhawan,"Rajiv Gandhi International Stadium, Uppal",KN Ananthapadmanabhan,M Erasmus,Mumbai Indians,Sunrisers Hyderabad,Mumbai Indians,Sunrisers Hyderabad,False,False,League,
48,2017,Mohali,2017-05-09,Kings XI Punjab,Kolkata Knight Riders,Kolkata Knight Riders,field,normal,0,Kings XI Punjab,14,0,MM Sharma,Punjab Cricket Association IS Bindra Stadium,A Nand Kishore,S Ravi,Punjab Kings,Kolkata Knight Riders,Kolkata Knight Riders,Punjab Kings,False,False,League,
49,2017,Kanpur,2017-05-10,Gujarat Lions,Delhi Daredevils,Delhi Daredevils,field,normal,0,Delhi Daredevils,0,2,SS Iyer,Green Park,YC Barde,AK Chaudhary,Gujarat Lions,Delhi Capitals,Delhi Capitals,Delhi Capitals,False,False,League,
50,2017,Mumbai,2017-05-11,Kings XI Punjab,Mumbai Indians,Mumbai Indians,field,normal,0,Kings XI Punjab,7,0,WP Saha,Wankhede Stadium,A Deshmukh,A Nand Kishore,Punjab Kings,Mumbai Indians,Mumbai Indians,Punjab Kings,False,False,League,
51,2017,Delhi,2017-05-12,Delhi Daredevils,Rising Pune Supergiant,Delhi Daredevils,bat,normal,0,Delhi Daredevils,7,0,KK Nair,Arun Jaitley Stadium,KN Ananthapadmanabhan,CK Nandan,Delhi Capitals,Rising Pune Supergiant,Delhi Capitals,Delhi Capitals,False,False,League,
52,2017,Kanpur,2017-05-13,Gujarat Lions,Sunrisers Hyderabad,Sunrisers Hyderabad,field,normal,0,Sunrisers Hyderabad,0,8,Mohammed Siraj,Green Park,AK Chaudhary,Nitin Menon,Gujarat Lions,Sunrisers Hyderabad,Sunrisers Hyderabad,Sunrisers Hyderabad,False,False,League,
53,2017,Kolkata,2017-05-13,Mumbai Indians,Kolkata Knight Riders,Kolkata Knight Riders,field,normal,0,Mumbai Indians,9,0,AT Rayudu,Eden Gardens,A Nand Kishore,S Ravi,Mumbai Indians,Kolkata Knight Riders,Kolkata Knight Riders,Mumbai Indians,False,False,League,
54,2017,Pune,2017-05-14,Kings XI Punjab,Rising Pune Supergiant,Rising Pune Supergiant,field,normal,0,Rising Pune Supergiant,0,9,JD Unadkat,Maharashtra Cricket Association Stadium,AY Dandekar,A Deshmukh,Punjab Kings,Rising Pune Supergiant,Rising Pune Supergiant,Rising Pune Supergiant,False,False,League,
55,2017,Delhi,2017-05-14,Royal Challengers Bangalore,Delhi Daredevils,Royal Challengers Bangalore,bat,normal,0,Royal Challengers Bangalore,10,0,HV Patel,Arun Jaitley Stadium,CK Nandan,C Shamshuddin,Royal Challengers Bengaluru,Delhi Capitals,Royal Challengers Bengaluru,Royal Challengers Bengaluru,False,False,League,
56,2017,Mumbai,2017-05-16,Rising Pune Supergiant,Mumbai Indians,Mumbai Indians,field,normal,0,Rising Pune Supergiant,20,0,Washington Sundar,Wankhede Stadium,S Ravi,C Shamshuddin,Rising Pune Supergiant,Mumbai Indians,Mumbai Indians,Rising Pune Supergiant,False,False,Playoff,Qualifier 1
57,2017,Bengaluru,2017-05-17,Sunrisers Hyderabad,Kolkata Knight Riders,Kolkata Knight Riders,field,normal,1,Kolkata Knight Riders,0,7,NM Coulter-Nile,M Chinnaswamy Stadium,AK Chaudhary,Nitin Menon,Sunrisers Hyderabad,Kolkata Knight Riders,Kolkata Knight Riders,Kolkata Knight Riders,False,True,Playoff,Eliminator
58,2017,Bengaluru,2017-05-19,Kolkata Knight Riders,Mumbai Indians,Mumbai Indians,field,normal,0,Mumbai Indians,0,6,KV Sharma,M Chinnaswamy Stadium,NJ Llong,Nitin Menon,Kolkata Knight Riders,Mumbai Indians,Mumbai Indians,Mumbai Indians,False,False,Playoff,Qualifier 2
59,2017,Hyderabad,2017-05-21,Mumbai Indians,Rising Pune Supergiant,Mumbai Indians,bat,normal,0,Mumbai Indians,1,0,KH Pandya,"Rajiv Gandhi International Stadium, Uppal",NJ Llong,S Ravi,Mumbai Indians,Rising Pune Supergiant,Mumbai Indians,Mumbai Indians,False,False,Playoff,Final
7894,2018,Mumbai,2018-04-07,Mumbai Indians,Chennai Super Kings,Chennai Super Kings,field,normal,0,Chennai Super Kings,0,1,DJ Bravo,Wankhede Stadium,Chris Gaffaney,A Nanda Kishore,Mumbai Indians,Chennai Super Kings,Chennai Super Kings,Chennai Super Kings,False,False,League,
7895,2018,Mohali,2018-04-08,Delhi Daredevils,Kings XI Punjab,Kings XI Punjab,field,normal,0,Kings XI Punjab,0,6,KL Rahul,Punjab Cricket Association IS Bindra Stadium,Rod Tucker,K Ananthapadmanabhan,Delhi Capitals,Punjab Kings,Punjab Kings,Punjab Kings,False,False,League,
7896,2018,Kolkata,2018-04-08,Royal Challengers Bangalore,Kolkata Knight Riders,Kolkata Knight Riders,field,normal,0,Kolkata Knight Riders,0,4,SP Narine,Eden Gardens,C Shamshuddin,A.D Deshmukh,Royal Challengers Bengaluru,Kolkata Knight Riders,Kolkata Knight Riders,Kolkata Knight Riders,False,False,League,
7897,2018,Hyderabad,2018-04-09,Rajasthan Royals,Sunrisers Hyderabad,Sunrisers Hyderabad,field,normal,0,Sunrisers Hyderabad,0,9,S Dhawan,"Rajiv Gandhi International Stadium, Uppal",Nigel Llong,Vineet Kulkarni,Rajasthan Royals,Sunrisers Hyderabad,Sunrisers Hyderabad,Sunrisers Hyderabad,False,False,League,
7898,2018,Chennai,2018-04-10,Kolkata Knight Riders,Chennai Super Kings,Chennai Super Kings,field,normal,0,Chennai Super Kings,0,5,SW Billings,"MA Chidambaram Stadium, Chepauk",Anil Chaudhary,Chris Gaffaney,Kolkata Knight Riders,Chennai Super Kings,Chennai Super Kings,Chennai Super Kings,False,False,League,
7899,2018,Jaipur,2018-04-11,Rajasthan Royals,Delhi Daredevils,Delhi Daredevils,field,normal,1,Rajasthan Royals,10,0,SV Samson,Sawai Mansingh Stadium,K Ananthapadmanabhan,Rod Tucker,Rajasthan Royals,Delhi Capitals,Delhi Capitals,Rajasthan Royals,False,True,League,
7900,2018,Hyderabad,2018-04-12,Mumbai Indians,Sunrisers Hyderabad,Sunrisers Hyderabad,field,normal,0,Sunrisers Hyderabad,0,1,Rashid Khan,"Rajiv Gandhi International Stadium, Uppal",O Nandan,Nigel Llong,Mumbai Indians,Sunrisers Hyderabad,Sunrisers Hyderabad,Sunrisers Hyderabad,False,False,League,
7901,2018,Bengaluru,2018-04-13,Kings XI Punjab,Royal Challengers Bangalore,Royal Challengers Bangalore,field,normal,0,Royal Challengers Bangalore,0,4,UT Yadav,M Chinnaswamy Stadium,S Ravi,A.D Deshmukh,Punjab Kings,Royal Challengers Bengaluru,Royal Challengers Bengaluru,Royal Challengers Bengaluru,False,False,League,
7902,2018,Mumbai,2018-04-14,Mumbai Indians,Delhi Daredevils,Delhi Daredevils,field,normal,0,Delhi Daredevils,0,7,JJ Roy,Wankhede Stadium,K Ananthapadmanabhan,Nitin Menon,Mumbai Indians,Delhi Capitals,Delhi Capitals,Delhi Capitals,False,False,League,
7903,2018,Kolkata,2018-04-14,Kolkata Knight Riders,Sunrisers Hyderabad,Sunrisers Hyderabad,field,normal,0,Sunrisers Hyderabad,0,5,B Stanlake,Eden Gardens,A Nanda Kishore,Anil Chaudhary,Kolkata Knight Riders,Sunrisers Hyderabad,Sunrisers Hyderabad,Sunrisers Hyderabad,False,False,League,
7904,2018,Bengaluru,2018-04-15,Rajasthan Royals,Royal Challengers Bangalore,Royal Challengers Bangalore,field,normal,0,Rajasthan Royals,19,0,SV Samson,M Chinnaswamy Stadium,C Shamshuddin,S Ravi,Rajasthan Royals,Royal Challengers Bengaluru,Royal Challengers Bengaluru,Rajasthan Royals,False,False,League,
7905,2018,Mohali,2018-04-15,Kings XI Punjab,Chennai Super Kings,Chennai Super Kings,field,normal,0,Kings XI Punjab,4,0,CH Gayle,Punjab Cricket Association IS Bindra Stadium,Vineet Kulkarni,O Nandan,Punjab Kings,Chennai Super Kings,Chennai Super Kings,Punjab Kings,False,False,League,
7906,2018,Kolkata,2018-04-16,Kolkata Knight Riders,Delhi Daredevils,Delhi Daredevils,field,normal,0,Kolkata Knight Riders,71,0,N Rana,Eden Gardens,Anil Chaudhary,A Nanda Kishore,Kolkata Knight Riders,Delhi Capitals,Delhi Capitals,Kolkata Knight Riders,False,False,League,
7907,2018,Mumbai,2018-04-17,Mumbai Indians,Royal Challengers Bangalore,Royal Challengers Bangalore,field,normal,0,Mumbai Indians,46,0,RG Sharma,Wankhede Stadium,Rod Tucker,Nitin Menon,Mumbai Indians,Royal Challengers Bengaluru,Royal Challengers Bengaluru,Mumbai Indians,False,False,League,
7908,2018,Jaipur,2018-04-18,Rajasthan Royals,Kolkata Knight Riders,Kolkata Knight Riders,field,normal,0,Kolkata Knight Riders,0,7,N Rana,Sawai Mansingh Stadium,S Ravi,A.D Deshmukh,Rajasthan Royals,Kolkata Knight Riders,Kolkata Knight Riders,Kolkata Knight Riders,False,False,League,
7909,2018,Mohali,2018-04-19,Kings XI Punjab,Sunrisers Hyderabad,Kings XI Punjab,bat,normal,0,Kings XI Punjab,15,0,CH Gayle,Punjab Cricket Association IS Bindra Stadium,Nigel Llong,Anil Chaudhary,Punjab Kings,Sunrisers Hyderabad,Punjab Kings,Punjab Kings,False,False,League,
7910,2018,Pune,2018-04-20,Chennai Super Kings,Rajasthan Royals,Rajasthan Royals,field,normal,0,Chennai Super Kings,64,0,SR Watson,Maharashtra Cricket Association Stadium,Nitin Menon,K Ananthapadmanabhan,Chennai Super Kings,Rajasthan Royals,Rajasthan Royals,Chennai Super Kings,False,False,League,
7911,2018,Kolkata,2018-04-21,Kolkata Knight Riders,Kings XI Punjab,Kings XI Punjab,field,normal,1,Kings XI Punjab,0,9,KL Rahul,Eden Gardens,C Shamshuddin,A.D Deshmukh,Kolkata Knight Riders,Punjab Kings,Punjab Kings,Punjab Kings,False,True,League,
7912,2018,Bengaluru,2018-04-21,Delhi Daredevils,Royal Challengers Bangalore,Royal Challengers Bangalore,field,normal,0,Royal Challengers Bangalore,0,6,AB de Villiers,M Chinnaswamy Stadium,Chris Gaffaney,O Nandan,Delhi Capitals,Royal Challengers Bengaluru,Royal Challengers Bengaluru,Royal Challengers Bengaluru,False,False,League,
7913,2018,Hyderabad,2018-04-22,Chennai Super Kings,Sunrisers Hyderabad,Sunrisers Hyderabad,field,normal,0,Chennai Super Kings,4,0,AT Rayudu,"Rajiv Gandhi International Stadium, Uppal",Anil Chaudhary,Vineet Kulkarni,Chennai Super Kings,Sunrisers Hyderabad,Sunrisers Hyderabad,Chennai Super Kings,False,False,League,
7914,2018,Jaipur,2018-04-22,Mumbai Indians,Rajasthan Royals,Mumbai Indians,bat,normal,0,Rajasthan Royals,0,3,JC Archer,Sawai Mansingh Stadium,Rod Tucker,K Ananthapadmanabhan,Mumbai Indians,Rajasthan Royals,Mumbai Indians,Rajasthan Royals,False,False,League,
7915,2018,Delhi,2018-04-23,Kings XI Punjab,Delhi Daredevils,Delhi Daredevils,field,normal,0,Kings XI Punjab,4,0,AS Rajpoot,Arun Jaitley Stadium,O Nandan,A Nanda Kishore,Punjab Kings,Delhi Capitals,Delhi Capitals,Punjab Kings,False,False,League,
7916,2018,Mumbai,2018-04-24,Sunrisers Hyderabad,Mumbai Indians,Mumbai Indians,field,normal,0,Sunrisers Hyderabad,31,0,Rashid Khan,Wankhede Stadium,C Shamshuddin,S Ravi,Sunrisers Hyderabad,Mumbai Indians,Mumbai Indians,Sunrisers Hyderabad,False,False,League,
7917,2018,Bengaluru,2018-04-25,Royal Challengers Bangalore,Chennai Super Kings,Chennai Super Kings,field,normal,0,Chennai Super Kings,0,5,MS Dhoni,M Chinnaswamy Stadium,Nigel Llong,Virender Kumar Sharma,Royal Challengers Bengaluru,Chennai Super Kings,Chennai Super Kings,Chennai Super Kings,False,False,League,
7918,2018,Hyderabad,2018-04-26,Sunrisers Hyderabad,Kings XI Punjab,Kings XI Punjab,field,normal,0,Sunrisers Hyderabad,13,0,AS Rajpoot,"Rajiv Gandhi International Stadium, Uppal",O Nandan,Yeshwant Barde,Sunrisers Hyderabad,Punjab Kings,Punjab Kings,Sunrisers Hyderabad,False,False,League,
7919,2018,Delhi,2018-04-27,Delhi Daredevils,Kolkata Knight Riders,Kolkata Knight Riders,field,normal,0,Delhi Daredevils,55,0,SS Iyer,Arun Jaitley Stadium,C Shamshuddin,S Ravi,Delhi Capitals,Kolkata Knight Riders,Kolkata Knight Riders,Delhi Capitals,False,False,League,
7920,2018,Pune,2018-04-28,Chennai Super Kings,Mumbai Indians,Mumbai Indians,field,normal,0,Mumbai Indians,0,8,RG Sharma,Maharashtra Cricket Association Stadium,Chris Gaffaney,Nitin Menon,Chennai Super Kings,Mumbai Indians,Mumbai Indians,Mumbai Indians,False,False,League,
7921,2018,Jaipur,2018-04-29,Sunrisers Hyderabad,Rajasthan Royals,Sunrisers Hyderabad,bat,normal,0,Sunrisers Hyderabad,11,0,KS Williamson,Sawai Mansingh Stadium,Bruce Oxenford,A Nanda Kishore,Sunrisers Hyderabad,Rajasthan Royals,Sunrisers Hyderabad,Sunrisers Hyderabad,False,False,League,
7922,2018,Bengaluru,2018-04-29,Royal Challengers Bangalore,Kolkata Knight Riders,Kolkata Knight Riders,field,normal,0,Kolkata Knight Riders,0,6,CA Lynn,M Chinnaswamy Stadium,Nigel Llong,Anil Chaudhary,Royal Challengers Bengaluru,Kolkata Knight Riders,Kolkata Knight Riders,Kolkata Knight Riders,False,False,League,
7923,2018,Pune,2018-04-30,Chennai Super Kings,Delhi Daredevils,Delhi Daredevils,field,normal,0,Chennai Super Kings,13,0,SR Watson,Maharashtra Cricket Association Stadium,C Shamshuddin,Anil Dandekar,Chennai Super Kings,Delhi Capitals,Delhi Capitals,Chennai Super Kings,False,False,League,
7924,2018,Bengaluru,2018-05-01,Royal Challengers Bangalore,Mumbai Indians,Mumbai Indians,field,normal,0,Royal Challengers Bangalore,14,0,TG Southee,M Chinnaswamy Stadium,Marais Erasmus,Nitin Menon,Royal Challengers Bengaluru,Mumbai Indians,Mumbai Indians,Royal Challengers Bengaluru,False,False,League,
7925,2018,Delhi,2018-05-02,Delhi Daredevils,Rajasthan Royals,Rajasthan Royals,field,normal,1,Delhi Daredevils,4,0,RR Pant,Arun Jaitley Stadium,O Nandan,Virender Kumar Sharma,Delhi Capitals,Rajasthan Royals,Rajasthan Royals,Delhi Capitals,False,True,League,
7926,2018,Kolkata,2018-05-03,Chennai Super Kings,Kolkata Knight Riders,Kolkata Knight Riders,field,normal,0,Kolkata Knight Riders,0,6,SP Narine,Eden Gardens,Kumar Dharmasena,A.D Deshmukh,Chennai Super Kings,Kolkata Knight Riders,Kolkata Knight Riders,Kolkata Knight Riders,False,False,League,
7927,2018,Indore,2018-05-04,Kings XI Punjab,Mumbai Indians,Mumbai Indians,field,normal,0,Mumbai Indians,0,6,SA Yadav,Holkar Cricket Stadium,S Ravi,Anil Dandekar,Punjab Kings,Mumbai Indians,Mumbai Indians,Mumbai Indians,False,False,League,
7928,2018,Pune,2018-05-05,Royal Challengers Bangalore,Chennai Super Kings,Chennai Super Kings,field,normal,0,Chennai Super Kings,0,6,RA Jadeja,Maharashtra Cricket Association Stadium,Nitin Menon,Yeshwant Barde,Royal Challengers Bengaluru,Chennai Super Kings,Chennai Super Kings,Chennai Super Kings,False,False,League,
7929,2018,Hyderabad,2018-05-05,Delhi Daredevils,Sunrisers Hyderabad,Delhi Daredevils,bat,normal,0,Sunrisers Hyderabad,0,7,Rashid Khan,"Rajiv Gandhi International Stadium, Uppal",Bruce Oxenford,O Nandan,Delhi Capitals,Sunrisers Hyderabad,Delhi Capitals,Sunrisers Hyderabad,False,False,League,
7930,2018,Mumbai,2018-05-06,Mumbai Indians,Kolkata Knight Riders,Kolkata Knight Riders,field,normal,0,Mumbai Indians,13,0,HH Pandya,Wankhede Stadium,Kumar Dharmasena,A.D Deshmukh,Mumbai Indians,Kolkata Knight Riders,Kolkata Knight Riders,Mumbai Indians,False,False,League,
7931,2018,Indore,2018-05-06,Rajasthan Royals,Kings XI Punjab,Kings XI Punjab,field,normal,0,Kings XI Punjab,0,6,Mujeeb Ur Rahman,Holkar Cricket Stadium,C Shamshuddin,S Ravi,Rajasthan Royals,Punjab Kings,Punjab Kings,Punjab Kings,False,False,League,
7932,2018,Hyderabad,2018-05-07,Sunrisers Hyderabad,Royal Challengers Bangalore,Royal Challengers Bangalore,field,normal,0,Sunrisers Hyderabad,5,0,KS Williamson,"Rajiv Gandhi International Stadium, Uppal",Bruce Oxenford,Virender Kumar Sharma,Sunrisers Hyderabad,Royal Challengers Bengaluru,Royal Challengers Bengaluru,Sunrisers Hyderabad,False,False,League,
7933,2018,Jaipur,2018-05-08,Rajasthan Royals,Kings XI Punjab,Rajasthan Royals,bat,normal,0,Rajasthan Royals,15,0,JC Buttler,Sawai Mansingh Stadium,Marais Erasmus,Nitin Menon,Rajasthan Royals,Punjab Kings,Rajasthan Royals,Rajasthan Royals,False,False,League,
7934,2018,Kolkata,2018-05-09,Mumbai Indians,Kolkata Knight Riders,Kolkata Knight Riders,field,normal,0,Mumbai Indians,102,0,Ishan Kishan,Eden Gardens,Anil Chaudhary,K Ananthapadmanabhan,Mumbai Indians,Kolkata Knight Riders,Kolkata Knight Riders,Mumbai Indians,False,False,League,
7935,2018,Delhi,2018-05-10,Delhi Daredevils,Sunrisers Hyderabad,Delhi Daredevils,bat,normal,0,Sunrisers Hyderabad,0,9,S Dhawan,Arun Jaitley Stadium,C Shamshuddin,Anil Dandekar,Delhi Capitals,Sunrisers Hyderabad,Delhi Capitals,Sunrisers Hyderabad,False,False,League,
7936,2018,Jaipur,2018-05-11,Chennai Super Kings,Rajasthan Royals,Chennai Super Kings,bat,normal,0,Rajasthan Royals,0,4,JC Buttler,Sawai Mansingh Stadium,Marais Erasmus,Yeshwant Barde,Chennai Super Kings,Rajasthan Royals,Chennai Super Kings,Rajasthan Royals,False,False,League,
7937,2018,Indore,2018-05-12,Kolkata Knight Riders,Kings XI Punjab,Kings XI Punjab,field,normal,0,Kolkata Knight Riders,31,0,SP Narine,Holkar Cricket Stadium,O Nandan,Virender Kumar Sharma,Kolkata Knight Riders,Punjab Kings,Punjab Kings,Kolkata Knight Riders,False,False,League,
7938,2018,Delhi,2018-05-12,Delhi Daredevils,Royal Challengers Bangalore,Royal Challengers Bangalore,field,normal,0,Royal Challengers Bangalore,0,5,AB de Villiers,Arun Jaitley Stadium,Kumar Dharmasena,Anil Chaudhary,Delhi Capitals,Royal Challengers Bengaluru,Royal Challengers Bengaluru,Royal Challengers Bengaluru,False,False,League,
7939,2018,Pune,2018-05-13,Sunrisers Hyderabad,Chennai Super Kings,Chennai Super Kings,field,normal,0,Chennai Super Kings,0,8,AT Rayudu,Maharashtra Cricket Association Stadium,Marais Erasmus,Yeshwant Barde,Sunrisers Hyderabad,Chennai Super Kings,Chennai Super Kings,Chennai Super Kings,False,False,League,
7940,2018,Mumbai,2018-05-13,Mumbai Indians,Rajasthan Royals,Rajasthan Royals,field,normal,0,Rajasthan Royals,0,7,JC Buttler,Wankhede Stadium,Nitin Menon,S Ravi,Mumbai Indians,Rajasthan Royals,Rajasthan Royals,Rajasthan Royals,False,False,League,
7941,2018,Indore,2018-05-14,Kings XI Punjab,Royal Challengers Bangalore,Royal Challengers Bangalore,field,normal,0,Royal Challengers Bangalore,0,10,UT Yadav,Holkar Cricket Stadium,Bruce Oxenford,Virender Kumar Sharma,Punjab Kings,Royal Challengers Bengaluru,Royal Challengers Bengaluru,Royal Challengers Bengaluru,False,False,League,
7942,2018,Kolkata,2018-05-15,Rajasthan Royals,Kolkata Knight Riders,Kolkata Knight Riders,field,normal,0,Kolkata Knight Riders,0,6,Kuldeep Yadav,Eden Gardens,Kumar Dharmasena,Anil Chaudhary,Rajasthan Royals,Kolkata Knight Riders,Kolkata Knight Riders,Kolkata Knight Riders,False,False,League,
7943,2018,Mumbai,2018-05-16,Mumbai Indians,Kings XI Punjab,Kings XI Punjab,field,normal,0,Mumbai Indians,3,0,JJ Bumrah,Wankhede Stadium,Marais Erasmus,Nitin Menon,Mumbai Indians,Punjab Kings,Punjab Kings,Mumbai Indians,False,False,League,
7944,2018,Bengaluru,2018-05-17,Royal Challengers Bangalore,Sunrisers Hyderabad,Sunrisers Hyderabad,field,normal,0,Royal Challengers Bangalore,14,0,AB de Villiers,M Chinnaswamy Stadium,S Ravi,Anil Dandekar,Royal Challengers Bengaluru,Sunrisers Hyderabad,Sunrisers Hyderabad,Royal Challengers Bengaluru,False,False,League,
7945,2018,Delhi,2018-05-18,Delhi Daredevils,Chennai Super Kings,Chennai Super Kings,field,normal,0,Delhi Daredevils,34,0,HV Patel,Arun Jaitley Stadium,Kumar Dharmasena,Vineet Kulkarni,Delhi Capitals,Chennai Super Kings,Chennai Super Kings,Delhi Capitals,False,False,League,
7946,2018,Jaipur,2018-05-19,Rajasthan Royals,Royal Challengers Bangalore,Rajasthan Royals,bat,normal,0,Rajasthan Royals,30,0,S Gopal,Sawai Mansingh Stadium,Bruce Oxenford,Virender Kumar Sharma,Rajasthan Royals,Royal Challengers Bengaluru,Rajasthan Royals,Rajasthan Royals,False,False,League,
7947,2018,Hyderabad,2018-05-19,Sunrisers Hyderabad,Kolkata Knight Riders,Sunrisers Hyderabad,bat,normal,0,Kolkata Knight Riders,0,5,CA Lynn,"Rajiv Gandhi International Stadium, Uppal",Anil Chaudhary,S Ravi,Sunrisers Hyderabad,Kolkata Knight Riders,Sunrisers Hyderabad,Kolkata Knight Riders,False,False,League,
7948,2018,Delhi,2018-05-20,Delhi Daredevils,Mumbai Indians,Delhi Daredevils,bat,normal,0,Delhi Daredevils,11,0,A Mishra,Arun Jaitley Stadium,Kumar Dharmasena,O Nandan,Delhi Capitals,Mumbai Indians,Delhi Capitals,Delhi Capitals,False,False,League,
7949,2018,Pune,2018-05-20,Kings XI Punjab,Chennai Super Kings,Chennai Super Kings,field,normal,0,Chennai Super Kings,0,5,L Ngidi,Maharashtra Cricket Association Stadium,Nitin Menon,Yeshwant Barde,Punjab Kings,Chennai Super Kings,Chennai Super Kings,Chennai Super Kings,False,False,League,
7950,2018,Mumbai,2018-05-22,Sunrisers Hyderabad,Chennai Super Kings,Chennai Super Kings,field,normal,0,Chennai Super Kings,0,2,F du Plessis,Wankhede Stadium,Marais Erasmus,C Shamshuddin,Sunrisers Hyderabad,Chennai Super Kings,Chennai Super Kings,Chennai Super Kings,False,False,Playoff,Qualifier 1
7951,2018,Kolkata,2018-05-23,Kolkata Knight Riders,Rajasthan Royals,Rajasthan Royals,field,normal,0,Kolkata Knight Riders,25,0,AD Russell,Eden Gardens,Nitin Menon,Anil Chaudhary,Kolkata Knight Riders,Rajasthan Royals,Rajasthan Royals,Kolkata Knight Riders,False,False,Playoff,Eliminator
7952,2018,Kolkata,2018-05-25,Sunrisers Hyderabad,Kolkata Knight Riders,Kolkata Knight Riders,field,normal,0,Sunrisers Hyderabad,14,0,Rashid Khan,Eden Gardens,Nitin Menon,Kumar Dharmasena,Sunrisers Hyderabad,Kolkata Knight Riders,Kolkata Knight Riders,Sunrisers Hyderabad,False,False,Playoff,Qualifier 2
7953,2018,Mumbai,2018-05-27,Sunrisers Hyderabad,Chennai Super Kings,Chennai Super Kings,field,normal,0,Chennai Super Kings,0,8,SR Watson,Wankhede Stadium,Marais Erasmus,S Ravi,Sunrisers Hyderabad,Chennai Super Kings,Chennai Super Kings,Chennai Super Kings,False,False,Playoff,Final
11137,2019,Chennai,2019-03-23,Royal Challengers Bangalore,Chennai Super Kings,Chennai Super Kings,field,normal,0,Chennai Super Kings,0,7,Harbhajan Singh,"MA Chidambaram Stadium, Chepauk",Bruce Oxenford,Anil Dandekar,Royal Challengers Bengaluru,Chennai Super Kings,Chennai Super Kings,Chennai Super Kings,False,False,League,
11138,2019,Kolkata,2019-03-24,Sunrisers Hyderabad,Kolkata Knight Riders,Kolkata Knight Riders,field,normal,0,Kolkata Knight Riders,0,6,AD Russell,Eden Gardens,Chris Gaffaney,Anil Chaudhary,Sunrisers Hyderabad,Kolkata Knight Riders,Kolkata Knight Riders,Kolkata Knight Riders,False,False,League,
11139,2019,Mumbai,2019-03-24,Delhi Capitals,Mumbai Indians,Mumbai Indians,field,normal,0,Delhi Capitals,37,0,RR Pant,Wankhede Stadium,S Ravi,Yeshwant Barde,Delhi Capitals,Mumbai Indians,Mumbai Indians,Delhi Capitals,False,False,League,
11140,2019,Jaipur,2019-03-25,Kings XI Punjab,Rajasthan Royals,Rajasthan Royals,field,normal,0,Kings XI Punjab,14,0,CH Gayle,Sawai Mansingh Stadium,C Shamshuddin,KN Anantapadmanabhan,Punjab Kings,Rajasthan Royals,Rajasthan Royals,Punjab Kings,False,False,League,
11141,2019,Delhi,2019-03-26,Delhi Capitals,Chennai Super Kings,Delhi Capitals,bat,normal,0,Chennai Super Kings,0,6,SR Watson,Arun Jaitley Stadium,Marais Erasmus,Nitin Menon,Delhi Capitals,Chennai Super Kings,Delhi Capitals,Chennai Super Kings,False,False,League,
11142,2019,Kolkata,2019-03-27,Kolkata Knight Riders,Kings XI Punjab,Kings XI Punjab,field,normal,0,Kolkata Knight Riders,28,0,AD Russell,Eden Gardens,Anil Chaudhary,Vineet Kulkarni,Kolkata Knight Riders,Punjab Kings,Punjab Kings,Kolkata Knight Riders,False,False,League,
11143,2019,Bengaluru,2019-03-28,Mumbai Indians,Royal Challengers Bangalore,Royal Challengers Bangalore,field,normal,0,Mumbai Indians,6,0,JJ Bumrah,M Chinnaswamy Stadium,S Ravi,O Nandan,Mumbai Indians,Royal Challengers Bengaluru,Royal Challengers Bengaluru,Mumbai Indians,False,False,League,
11144,2019,Hyderabad,2019-03-29,Rajasthan Royals,Sunrisers Hyderabad,Rajasthan Royals,bat,normal,0,Sunrisers Hyderabad,0,5,Rashid Khan,"Rajiv Gandhi International Stadium, Uppal",Bruce Oxenford,C Shamshuddin,Rajasthan Royals,Sunrisers Hyderabad,Rajasthan Royals,Sunrisers Hyderabad,False,False,League,
11145,2019,Mohali,2019-03-30,Mumbai Indians,Kings XI Punjab,Kings XI Punjab,field,normal,0,Kings XI Punjab,0,8,MA Agarwal,Punjab Cricket Association IS Bindra Stadium,Vineet Kulkarni,Chris Gaffaney,Mumbai Indians,Punjab Kings,Punjab Kings,Punjab Kings,False,False,League,
11146,2019,Delhi,2019-03-30,Kolkata Knight Riders,Delhi Capitals,Delhi Capitals,field,tie,0,Delhi Capitals,0,0,PP Shaw,Arun Jaitley Stadium,Anil Dandekar,Nitin Menon,Kolkata Knight Riders,Delhi Capitals,Delhi Capitals,Delhi Capitals,False,False,League,
11147,2019,Hyderabad,2019-03-31,Sunrisers Hyderabad,Royal Challengers Bangalore,Royal Challengers Bangalore,field,normal,0,Sunrisers Hyderabad,118,0,JM Bairstow,"Rajiv Gandhi International Stadium, Uppal",S Ravi,KN Anantapadmanabhan,Sunrisers Hyderabad,Royal Challengers Bengaluru,Royal Challengers Bengaluru,Sunrisers Hyderabad,False,False,League,
11148,2019,Chennai,2019-03-31,Chennai Super Kings,Rajasthan Royals,Rajasthan Royals,field,normal,0,Chennai Super Kings,8,0,MS Dhoni,"MA Chidambaram Stadium, Chepauk",O Nandan,Yeshwant Barde,Chennai Super Kings,Rajasthan Royals,Rajasthan Royals,Chennai Super Kings,False,False,League,
11149,2019,Mohali,2019-04-01,Kings XI Punjab,Delhi Capitals,Delhi Capitals,field,normal,0,Kings XI Punjab,14,0,SM Curran,Punjab Cricket Association IS Bindra Stadium,Anil Chaudhary,Chris Gaffaney,Punjab Kings,Delhi Capitals,Delhi Capitals,Punjab Kings,False,False,League,
11150,2019,Jaipur,2019-04-02,Royal Challengers Bangalore,Rajasthan Royals,Rajasthan Royals,field,normal,0,Rajasthan Royals,0,7,S Gopal,Sawai Mansingh Stadium,Marais Erasmus,Anil Dandekar,Royal Challengers Bengaluru,Rajasthan Royals,Rajasthan Royals,Rajasthan Royals,False,False,League,
11151,2019,Mumbai,2019-04-03,Mumbai Indians,Chennai Super Kings,Chennai Super Kings,field,normal,0,Mumbai Indians,37,0,HH Pandya,Wankhede Stadium,Bruce Oxenford,Rod Tucker,Mumbai Indians,Chennai Super Kings,Chennai Super Kings,Mumbai Indians,False,False,League,
11152,2019,Delhi,2019-04-04,Delhi Capitals,Sunrisers Hyderabad,Sunrisers Hyderabad,field,normal,0,Sunrisers Hyderabad,0,5,JM Bairstow,Arun Jaitley Stadium,C Shamshuddin,KN Anantapadmanabhan,Delhi Capitals,Sunrisers Hyderabad,Sunrisers Hyderabad,Sunrisers Hyderabad,False,False,League,
11153,2019,Bengaluru,2019-04-05,Royal Challengers Bangalore,Kolkata Knight Riders,Kolkata Knight Riders,field,normal,0,Kolkata Knight Riders,0,5,AD Russell,M Chinnaswamy Stadium,Anil Chaudhary,Chris Gaffaney,Royal Challengers Bengaluru,Kolkata Knight Riders,Kolkata Knight Riders,Kolkata Knight Riders,False,False,League,
11309,2019,Chennai,2019-04-06,Chennai Super Kings,Kings XI Punjab,Chennai Super Kings,bat,normal,0,Chennai Super Kings,22,0,Harbhajan Singh,"MA Chidambaram Stadium, Chepauk",KN Ananthapadmanabhan,Rod Tucker,Chennai Super Kings,Punjab Kings,Chennai Super Kings,Chennai Super Kings,False,False,League,
11310,2019,Hyderabad,2019-04-06,Mumbai Indians,Sunrisers Hyderabad,Sunrisers Hyderabad,field,normal,0,Mumbai Indians,40,0,AS Joseph,"Rajiv Gandhi International Stadium, Uppal",Anil Dandekar,Nitin Menon,Mumbai Indians,Sunrisers Hyderabad,Sunrisers Hyderabad,Mumbai Indians,False,False,League,
11311,2019,Bengaluru,2019-04-07,Royal Challengers Bangalore,Delhi Capitals,Delhi Capitals,field,normal,0,Delhi Capitals,0,4,K Rabada,M Chinnaswamy Stadium,S Ravi,Yeshwant Barde,Royal Challengers Bengaluru,Delhi Capitals,Delhi Capitals,Delhi Capitals,False,False,League,
11312,2019,Jaipur,2019-04-07,Rajasthan Royals,Kolkata Knight Riders,Kolkata Knight Riders,field,normal,0,Kolkata Knight Riders,0,8,HF Gurney,Sawai Mansingh Stadium,Chris Gaffaney,Anil Chaudhary,Rajasthan Royals,Kolkata Knight Riders,Kolkata Knight Riders,Kolkata Knight Riders,False,False,League,
11313,2019,Mohali,2019-04-08,Sunrisers Hyderabad,Kings XI Punjab,Kings XI Punjab,field,normal,0,Kings XI Punjab,0,6,KL Rahul,Punjab Cricket Association IS Bindra Stadium,Marais Erasmus,Anil Dandekar,Sunrisers Hyderabad,Punjab Kings,Punjab Kings,Punjab Kings,False,False,League,
11314,2019,Chennai,2019-04-09,Kolkata Knight Riders,Chennai Super Kings,Chennai Super Kings,field,normal,0,Chennai Super Kings,0,7,DL Chahar,"MA Chidambaram Stadium, Chepauk",Rod Tucker,C Shamshuddin,Kolkata Knight Riders,Chennai Super Kings,Chennai Super Kings,Chennai Super Kings,False,False,League,
11315,2019,Mumbai,2019-04-10,Kings XI Punjab,Mumbai Indians,Mumbai Indians,field,normal,0,Mumbai Indians,0,3,KA Pollard,Wankhede Stadium,Yeshwant Barde,S Ravi,Punjab Kings,Mumbai Indians,Mumbai Indians,Mumbai Indians,False,False,League,
11316,2019,Jaipur,2019-04-11,Rajasthan Royals,Chennai Super Kings,Chennai Super Kings,field,normal,0,Chennai Super Kings,0,4,MS Dhoni,Sawai Mansingh Stadium,Bruce Oxenford,Ulhas Gandhe,Rajasthan Royals,Chennai Super Kings,Chennai Super Kings,Chennai Super Kings,False,False,League,
11317,2019,Kolkata,2019-04-12,Kolkata Knight Riders,Delhi Capitals,Delhi Capitals,field,normal,0,Delhi Capitals,0,7,S Dhawan,Eden Gardens,Yeshwant Barde,O Nandan,Kolkata Knight Riders,Delhi Capitals,Delhi Capitals,Delhi Capitals,False,False,League,
11318,2019,Mumbai,2019-04-13,Mumbai Indians,Rajasthan Royals,Rajasthan Royals,field,normal,0,Rajasthan Royals,0,4,JC Buttler,Wankhede Stadium,Nitin Menon,Nanda Kishore,Mumbai Indians,Rajasthan Royals,Rajasthan Royals,Rajasthan Royals,False,False,League,
11319,2019,Mohali,2019-04-13,Kings XI Punjab,Royal Challengers Bangalore,Royal Challengers Bangalore,field,normal,0,Royal Challengers Bangalore,0,8,AB de Villiers,Punjab Cricket Association IS Bindra Stadium,S Ravi,Ulhas Gandhe,Punjab Kings,Royal Challengers Bengaluru,Royal Challengers Bengaluru,Royal Challengers Bengaluru,False,False,League,
11320,2019,Kolkata,2019-04-14,Kolkata Knight Riders,Chennai Super Kings,Chennai Super Kings,field,normal,0,Chennai Super Kings,0,5,Imran Tahir,Eden Gardens,Rod Tucker,O Nandan,Kolkata Knight Riders,Chennai Super Kings,Chennai Super Kings,Chennai Super Kings,False,False,League,
11321,2019,Hyderabad,2019-04-14,Delhi Capitals,Sunrisers Hyderabad,Sunrisers Hyderabad,field,normal,0,Delhi Capitals,39,0,KMA Paul,"Rajiv Gandhi International Stadium, Uppal",Anil Chaudhary,Bruce Oxenford,Delhi Capitals,Sunrisers Hyderabad,Sunrisers Hyderabad,Delhi Capitals,False,False,League,
11322,2019,Mumbai,2019-04-15,Royal Challengers Bangalore,Mumbai Indians,Mumbai Indians,field,normal,0,Mumbai Indians,0,5,SL Malinga,Wankhede Stadium,Marais Erasmus,Nitin Menon,Royal Challengers Bengaluru,Mumbai Indians,Mumbai Indians,Mumbai Indians,False,False,League,
11323,2019,Mohali,2019-04-16,Kings XI Punjab,Rajasthan Royals,Rajasthan Royals,field,normal,0,Kings XI Punjab,12,0,R Ashwin,Punjab Cricket Association IS Bindra Stadium,Anil Chaudhary,Vineet Kulkarni,Punjab Kings,Rajasthan Royals,Rajasthan Royals,Punjab Kings,False,False,League,
11324,2019,Hyderabad,2019-04-17,Chennai Super Kings,Sunrisers Hyderabad,Chennai Super Kings,bat,normal,0,Sunrisers Hyderabad,0,6,DA Warner,"Rajiv Gandhi International Stadium, Uppal",Ian Gould,Ulhas Gandhe,Chennai Super Kings,Sunrisers Hyderabad,Chennai Super Kings,Sunrisers Hyderabad,False,False,League,
11325,2019,Delhi,2019-04-18,Mumbai Indians,Delhi Capitals,Mumbai Indians,bat,normal,0,Mumbai Indians,40,0,HH Pandya,Arun Jaitley Stadium,Nigel Llong,Bruce Oxenford,Mumbai Indians,Delhi Capitals,Mumbai Indians,Mumbai Indians,False,False,League,
11326,2019,Kolkata,2019-04-19,Royal Challengers Bangalore,Kolkata Knight Riders,Kolkata Knight Riders,field,normal,0,Royal Challengers Bangalore,10,0,V Kohli,Eden Gardens,Ian Gould,Nitin Menon,Royal Challengers Bengaluru,Kolkata Knight Riders,Kolkata Knight Riders,Royal Challengers Bengaluru,False,False,League,
11327,2019,Jaipur,2019-04-20,Mumbai Indians,Rajasthan Royals,Rajasthan Royals,field,normal,0,Rajasthan Royals,0,5,SPD Smith,Sawai Mansingh Stadium,S Ravi,Yeshwant Barde,Mumbai Indians,Rajasthan Royals,Rajasthan Royals,Rajasthan Royals,False,False,League,
11328,2019,Delhi,2019-04-20,Kings XI Punjab,Delhi Capitals,Delhi Capitals,field,normal,0,Delhi Capitals,0,5,SS Iyer,Arun Jaitley Stadium,Ulhas Gandhe,C Shamshuddin,Punjab Kings,Delhi Capitals,Delhi Capitals,Delhi Capitals,False,False,League,
11329,2019,Hyderabad,2019-04-21,Kolkata Knight Riders,Sunrisers Hyderabad,Sunrisers Hyderabad,field,normal,0,Sunrisers Hyderabad,0,9,KK Ahmed,"Rajiv Gandhi International Stadium, Uppal",Nitin Menon,Nigel Llong,Kolkata Knight Riders,Sunrisers Hyderabad,Sunrisers Hyderabad,Sunrisers Hyderabad,False,False,League,
11330,2019,Bengaluru,2019-04-21,Royal Challengers Bangalore,Chennai Super Kings,Chennai Super Kings,field,normal,0,Royal Challengers Bangalore,1,0,PA Patel,M Chinnaswamy Stadium,Vineet Kulkarni,Rod Tucker,Royal Challengers Bengaluru,Chennai Super Kings,Chennai Super Kings,Royal Challengers Bengaluru,False,False,League,
11331,2019,Jaipur,2019-04-22,Rajasthan Royals,Delhi Capitals,Delhi Capitals,field,normal,0,Delhi Capitals,0,6,RR Pant,Sawai Mansingh Stadium,S Ravi,Nanda Kishore,Rajasthan Royals,Delhi Capitals,Delhi Capitals,Delhi Capitals,False,False,League,
11332,2019,Chennai,2019-04-23,Sunrisers Hyderabad,Chennai Super Kings,Chennai Super Kings,field,normal,0,Chennai Super Kings,0,6,SR Watson,"MA Chidambaram Stadium, Chepauk",Nigel Llong,Anil Chaudhary,Sunrisers Hyderabad,Chennai Super Kings,Chennai Super Kings,Chennai Super Kings,False,False,League,
11333,2019,Bengaluru,2019-04-24,Royal Challengers Bangalore,Kings XI Punjab,Kings XI Punjab,field,normal,0,Royal Challengers Bangalore,17,0,AB de Villiers,M Chinnaswamy Stadium,Bruce Oxenford,C Shamshuddin,Royal Challengers Bengaluru,Punjab Kings,Punjab Kings,Royal Challengers Bengaluru,False,False,League,
11334,2019,Kolkata,2019-04-25,Kolkata Knight Riders,Rajasthan Royals,Rajasthan Royals,field,normal,0,Rajasthan Royals,0,3,VR Aaron,Eden Gardens,Ian Gould,Anil Dandekar,Kolkata Knight Riders,Rajasthan Royals,Rajasthan Royals,Rajasthan Royals,False,False,League,
11335,2019,Chennai,2019-04-26,Mumbai Indians,Chennai Super Kings,Chennai Super Kings,field,normal,0,Mumbai Indians,46,0,RG Sharma,"MA Chidambaram Stadium, Chepauk",Nigel Llong,Anil Chaudhary,Mumbai Indians,Chennai Super Kings,Chennai Super Kings,Mumbai Indians,False,False,League,
11336,2019,Jaipur,2019-04-27,Sunrisers Hyderabad,Rajasthan Royals,Rajasthan Royals,field,normal,0,Rajasthan Royals,0,7,JD Unadkat,Sawai Mansingh Stadium,Yeshwant Barde,Nand Kishore,Sunrisers Hyderabad,Rajasthan Royals,Rajasthan Royals,Rajasthan Royals,False,False,League,
11337,2019,Delhi,2019-04-28,Delhi Capitals,Royal Challengers Bangalore,Delhi Capitals,bat,normal,0,Delhi Capitals,16,0,S Dhawan,Arun Jaitley Stadium,Bruce Oxenford,KN Ananthapadmanabhan,Delhi Capitals,Royal Challengers Bengaluru,Delhi Capitals,Delhi Capitals,False,False,League,
11338,2019,Kolkata,2019-04-28,Kolkata Knight Riders,Mumbai Indians,Mumbai Indians,field,normal,0,Kolkata Knight Riders,34,0,AD Russell,Eden Gardens,Ian Gould,Nitin Menon,Kolkata Knight Riders,Mumbai Indians,Mumbai Indians,Kolkata Knight Riders,False,False,League,
11339,2019,Hyderabad,2019-04-29,Sunrisers Hyderabad,Kings XI Punjab,Kings XI Punjab,field,normal,0,Sunrisers Hyderabad,45,0,DA Warner,"Rajiv Gandhi International Stadium, Uppal",S Ravi,O Nandan,Sunrisers Hyderabad,Punjab Kings,Punjab Kings,Sunrisers Hyderabad,False,False,League,
11340,2019,Bengaluru,2019-04-30,Royal Challengers Bangalore,Rajasthan Royals,Rajasthan Royals,field,no result,0,,0,0,,M Chinnaswamy Stadium,Nigel Llong,Ulhas Gandhe,Royal Challengers Bengaluru,Rajasthan Royals,Rajasthan Royals,,True,False,League,
11341,2019,Chennai,2019-05-01,Chennai Super Kings,Delhi Capitals,Delhi Capitals,field,normal,0,Chennai Super Kings,80,0,MS Dhoni,"MA Chidambaram Stadium, Chepauk",Anil Dandekar,Nitin Menon,Chennai Super Kings,Delhi Capitals,Delhi Capitals,Chennai Super Kings,False,False,League,
11342,2019,Mumbai,2019-05-02,Mumbai Indians,Sunrisers Hyderabad,Mumbai Indians,bat,tie,0,Mumbai Indians,0,0,JJ Bumrah,Wankhede Stadium,S Ravi,O Nandan,Mumbai Indians,Sunrisers Hyderabad,Mumbai Indians,Mumbai Indians,False,False,League,
11343,2019,Mohali,2019-05-03,Kings XI Punjab,Kolkata Knight Riders,Kolkata Knight Riders,field,normal,0,Kolkata Knight Riders,0,7,Shubman Gill,Punjab Cricket Association IS Bindra Stadium,Bruce Oxenford,C Shamshuddin,Punjab Kings,Kolkata Knight Riders,Kolkata Knight Riders,Kolkata Knight Riders,False,False,League,
11344,2019,Delhi,2019-05-04,Rajasthan Royals,Delhi Capitals,Rajasthan Royals,bat,normal,0,Delhi Capitals,0,5,A Mishra,Arun Jaitley Stadium,Ian Gould,Anil Dandekar,Rajasthan Royals,Delhi Capitals,Rajasthan Royals,Delhi Capitals,False,False,League,
11345,2019,Bengaluru,2019-05-04,Sunrisers Hyderabad,Royal Challengers Bangalore,Royal Challengers Bangalore,field,normal,0,Royal Challengers Bangalore,0,4,SO Hetmyer,M Chinnaswamy Stadium,Nigel Llong,Anil Chaudhary,Sunrisers Hyderabad,Royal Challengers Bengaluru,Royal Challengers Bengaluru,Royal Challengers Bengaluru,False,False,League,
11346,2019,Mohali,2019-05-05,Chennai Super Kings,Kings XI Punjab,Kings XI Punjab,field,normal,0,Kings XI Punjab,0,6,KL Rahul,Punjab Cricket Association IS Bindra Stadium,KN Ananthapadmanabhan,C Shamshuddin,Chennai Super Kings,Punjab Kings,Punjab Kings,Punjab Kings,False,False,League,
11347,2019,Mumbai,2019-05-05,Kolkata Knight Riders,Mumbai Indians,Mumbai Indians,field,normal,0,Mumbai Indians,0,9,HH Pandya,Wankhede Stadium,Nanda Kishore,O Nandan,Kolkata Knight Riders,Mumbai Indians,Mumbai Indians,Mumbai Indians,False,False,League,
11412,2019,Chennai,2019-05-07,Chennai Super Kings,Mumbai Indians,Chennai Super Kings,bat,normal,0,Mumbai Indians,0,6,SA Yadav,"MA Chidambaram Stadium, Chepauk",Nigel Llong,Nitin Menon,Chennai Super Kings,Mumbai Indians,Chennai Super Kings,Mumbai Indians,False,False,Playoff,Qualifier 1
11413,2019,Visakhapatnam,2019-05-08,Sunrisers Hyderabad,Delhi Capitals,Delhi Capitals,field,normal,0,Delhi Capitals,0,2,RR Pant,Dr. Y.S. Rajasekhara Reddy ACA-VDCA Cricket Stadium,,,Sunrisers Hyderabad,Delhi Capitals,Delhi Capitals,Delhi Capitals,False,False,Playoff,Eliminator
11414,2019,Visakhapatnam,2019-05-10,Delhi Capitals,Chennai Super Kings,Chennai Super Kings,field,normal,0,Chennai Super Kings,0,6,F du Plessis,Dr. Y.S. Rajasekhara Reddy ACA-VDCA Cricket Stadium,Sundaram Ravi,Bruce Oxenford,Delhi Capitals,Chennai Super Kings,Chennai Super Kings,Chennai Super Kings,False,False,Playoff,Qualifier 2
11415,2019,Hyderabad,2019-05-12,Mumbai Indians,Chennai Super Kings,Mumbai Indians,bat,normal,0,Mumbai Indians,1,0,JJ Bumrah,"Rajiv Gandhi International Stadium, Uppal",Nitin Menon,Ian Gould,Mumbai Indians,Chennai Super Kings,Mumbai Indians,Mumbai Indians,False,False,Playoff,Final
1216492,2020,Abu Dhabi,2020-09-19,Mumbai Indians,Chennai Super Kings,Chennai Super Kings,field,normal,0,Chennai Super Kings,0,5,AT Rayudu,Zayed Cricket Stadium,CB Gaffaney,VK Sharma,Mumbai Indians,Chennai Super Kings,Chennai Super Kings,Chennai Super Kings,False,False,League,
1216493,2020,Dubai,2020-09-20,Delhi Capitals,Kings XI Punjab,Kings XI Punjab,field,tie,0,Delhi Capitals,0,0,MP Stoinis,Dubai International Cricket Stadium,AK Chaudhary,Nitin Menon,Delhi Capitals,Punjab Kings,Punjab Kings,Delhi Capitals,False,False,League,
1216534,2020,Dubai,2020-09-21,Royal Challengers Bangalore,Sunrisers Hyderabad,Sunrisers Hyderabad,field,normal,0,Royal Challengers Bangalore,10,0,YS Chahal,Dubai International Cricket Stadium,AY Dandekar,Nitin Menon,Royal Challengers Bengaluru,Sunrisers Hyderabad,Sunrisers Hyderabad,Royal Challengers Bengaluru,False,False,League,
1216496,2020,Sharjah,2020-09-22,Rajasthan Royals,Chennai Super Kings,Chennai Super Kings,field,normal,0,Rajasthan Royals,16,0,SV Samson,Sharjah Cricket Stadium,C Shamshuddin,VA Kulkarni,Rajasthan Royals,Chennai Super Kings,Chennai Super Kings,Rajasthan Royals,False,False,League,
1216508,2020,Abu Dhabi,2020-09-23,Mumbai Indians,Kolkata Knight Riders,Kolkata Knight Riders,field,normal,0,Mumbai Indians,49,0,RG Sharma,Zayed Cricket Stadium,CB Gaffaney,S Ravi,Mumbai Indians,Kolkata Knight Riders,Kolkata Knight Riders,Mumbai Indians,False,False,League,
1216510,2020,Dubai,2020-09-24,Kings XI Punjab,Royal Challengers Bangalore,Royal Challengers Bangalore,field,normal,0,Kings XI Punjab,97,0,KL Rahul,Dubai International Cricket Stadium,AK Chaudhary,PR Reiffel,Punjab Kings,Royal Challengers Bengaluru,Royal Challengers Bengaluru,Punjab Kings,False,False,League,
1216539,2020,Dubai,2020-09-25,Delhi Capitals,Chennai Super Kings,Chennai Super Kings,field,normal,0,Delhi Capitals,44,0,PP Shaw,Dubai International Cricket Stadium,KN Ananthapadmanabhan,RK Illingworth,Delhi Capitals,Chennai Super Kings,Chennai Super Kings,Delhi Capitals,False,False,League,
1216545,2020,Abu Dhabi,2020-09-26,Sunrisers Hyderabad,Kolkata Knight Riders,Sunrisers Hyderabad,bat,normal,0,Kolkata Knight Riders,0,7,Shubman Gill,Zayed Cricket Stadium,CB Gaffaney,VK Sharma,Sunrisers Hyderabad,Kolkata Knight Riders,Sunrisers Hyderabad,Kolkata Knight Riders,False,False,League,
1216527,2020,Sharjah,2020-09-27,Kings XI Punjab,Rajasthan Royals,Rajasthan Royals,field,normal,0,Rajasthan Royals,0,4,SV Samson,Sharjah Cricket Stadium,RK Illingworth,K Srinivasan,Punjab Kings,Rajasthan Royals,Rajasthan Royals,Rajasthan Royals,False,False,League,
1216547,2020,Dubai,2020-09-28,Royal Challengers Bangalore,Mumbai Indians,Mumbai Indians,field,tie,0,Royal Challengers Bangalore,0,0,AB de Villiers,Dubai International Cricket Stadium,Nitin Menon,PR Reiffel,Royal Challengers Bengaluru,Mumbai Indians,Mumbai Indians,Royal Challengers Bengaluru,False,False,League,
1216532,2020,Abu Dhabi,2020-09-29,Sunrisers Hyderabad,Delhi Capitals,Delhi Capitals,field,normal,0,Sunrisers Hyderabad,15,0,Rashid Khan,Zayed Cricket Stadium,VK Sharma,S Ravi,Sunrisers Hyderabad,Delhi Capitals,Delhi Capitals,Sunrisers Hyderabad,False,False,League,
1216504,2020,Dubai,2020-09-30,Kolkata Knight Riders,Rajasthan Royals,Rajasthan Royals,field,normal,0,Kolkata Knight Riders,37,0,Shivam Mavi,Dubai International Cricket Stadium,KN Ananthapadmanabhan,C Shamshuddin,Kolkata Knight Riders,Rajasthan Royals,Rajasthan Royals,Kolkata Knight Riders,False,False,League,
1216503,2020,Abu Dhabi,2020-10-01,Mumbai Indians,Kings XI Punjab,Kings XI Punjab,field,normal,0,Mumbai Indians,48,0,KA Pollard,Zayed Cricket Stadium,VK Sharma,S Ravi,Mumbai Indians,Punjab Kings,Punjab Kings,Mumbai Indians,False,False,League,
1216516,2020,Dubai,2020-10-02,Sunrisers Hyderabad,Chennai Super Kings,Sunrisers Hyderabad,bat,normal,0,Sunrisers Hyderabad,7,0,PK Garg,Dubai International Cricket Stadium,AK Chaudhary,PR Reiffel,Sunrisers Hyderabad,Chennai Super Kings,Sunrisers Hyderabad,Sunrisers Hyderabad,False,False,League,
1216514,2020,Abu Dhabi,2020-10-03,Rajasthan Royals,Royal Challengers Bangalore,Rajasthan Royals,bat,normal,0,Royal Challengers Bangalore,0,8,YS Chahal,Zayed Cricket Stadium,CB Gaffaney,S Ravi,Rajasthan Royals,Royal Challengers Bengaluru,Rajasthan Royals,Royal Challengers Bengaluru,False,False,League,
1216515,2020,Sharjah,2020-10-03,Delhi Capitals,Kolkata Knight Riders,Kolkata Knight Riders,field,normal,0,Delhi Capitals,18,0,SS Iyer,Sharjah Cricket Stadium,VA Kulkarni,RK Illingworth,Delhi Capitals,Kolkata Knight Riders,Kolkata Knight Riders,Delhi Capitals,False,False,League,
1216513,2020,Dubai,2020-10-04,Kings XI Punjab,Chennai Super Kings,Kings XI Punjab,bat,normal,0,Chennai Super Kings,0,10,SR Watson,Dubai International Cricket Stadium,AY Dandekar,Nitin Menon,Punjab Kings,Chennai Super Kings,Punjab Kings,Chennai Super Kings,False,False,League,
1216538,2020,Sharjah,2020-10-04,Mumbai Indians,Sunrisers Hyderabad,Mumbai Indians,bat,normal,0,Mumbai Indians,34,0,TA Boult,Sharjah Cricket Stadium,KN Ananthapadmanabhan,RK Illingworth,Mumbai Indians,Sunrisers Hyderabad,Mumbai Indians,Mumbai Indians,False,False,League,
1216519,2020,Dubai,2020-10-05,Delhi Capitals,Royal Challengers Bangalore,Royal Challengers Bangalore,field,normal,0,Delhi Capitals,59,0,AR Patel,Dubai International Cricket Stadium,Nitin Menon,YC Barde,Delhi Capitals,Royal Challengers Bengaluru,Royal Challengers Bengaluru,Delhi Capitals,False,False,League,
1216511,2020,Abu Dhabi,2020-10-06,Mumbai Indians,Rajasthan Royals,Mumbai Indians,bat,normal,0,Mumbai Indians,57,0,SA Yadav,Zayed Cricket Stadium,VK Sharma,S Ravi,Mumbai Indians,Rajasthan Royals,Mumbai Indians,Mumbai Indians,False,False,League,
1216501,2020,Abu Dhabi,2020-10-07,Kolkata Knight Riders,Chennai Super Kings,Kolkata Knight Riders,bat,normal,0,Kolkata Knight Riders,10,0,RA Tripathi,Zayed Cricket Stadium,KN Ananthapadmanabhan,RK Illingworth,Kolkata Knight Riders,Chennai Super Kings,Kolkata Knight Riders,Kolkata Knight Riders,False,False,League,
1216542,2020,Dubai,2020-10-08,Sunrisers Hyderabad,Kings XI Punjab,Sunrisers Hyderabad,bat,normal,0,Sunrisers Hyderabad,69,0,JM Bairstow,Dubai International Cricket Stadium,AK Chaudhary,Nitin Menon,Sunrisers Hyderabad,Punjab Kings,Sunrisers Hyderabad,Sunrisers Hyderabad,False,False,League,
1216500,2020,Sharjah,2020-10-09,Delhi Capitals,Rajasthan Royals,Rajasthan Royals,field,normal,0,Delhi Capitals,46,0,R Ashwin,Sharjah Cricket Stadium,KN Ananthapadmanabhan,C Shamshuddin,Delhi Capitals,Rajasthan Royals,Rajasthan Royals,Delhi Capitals,False,False,League,
1216523,2020,Abu Dhabi,2020-10-10,Kolkata Knight Riders,Kings XI Punjab,Kolkata Knight Riders,bat,normal,0,Kolkata Knight Riders,2,0,KD Karthik,Zayed Cricket Stadium,UV Gandhe,CB Gaffaney,Kolkata Knight Riders,Punjab Kings,Kolkata Knight Riders,Kolkata Knight Riders,False,False,League,
1216525,2020,Dubai,2020-10-10,Royal Challengers Bangalore,Chennai Super Kings,Royal Challengers Bangalore,bat,normal,0,Royal Challengers Bangalore,37,0,V Kohli,Dubai International Cricket Stadium,AK Chaudhary,PR Reiffel,Royal Challengers Bengaluru,Chennai Super Kings,Royal Challengers Bengaluru,Royal Challengers Bengaluru,False,False,League,
1216507,2020,Dubai,2020-10-11,Sunrisers Hyderabad,Rajasthan Royals,Sunrisers Hyderabad,bat,normal,0,Rajasthan Royals,0,5,R Tewatia,Dubai International Cricket Stadium,YC Barde,PR Reiffel,Sunrisers Hyderabad,Rajasthan Royals,Sunrisers Hyderabad,Rajasthan Royals,False,False,League,
1216529,2020,Abu Dhabi,2020-10-11,Delhi Capitals,Mumbai Indians,Delhi Capitals,bat,normal,0,Mumbai Indians,0,5,Q de Kock,Zayed Cricket Stadium,CB Gaffaney,S Ravi,Delhi Capitals,Mumbai Indians,Delhi Capitals,Mumbai Indians,False,False,League,
1216540,2020,Sharjah,2020-10-12,Royal Challengers Bangalore,Kolkata Knight Riders,Royal Challengers Bangalore,bat,normal,0,Royal Challengers Bangalore,82,0,AB de Villiers,Sharjah Cricket Stadium,RK Illingworth,K Srinivasan,Royal Challengers Bengaluru,Kolkata Knight Riders,Royal Challengers Bengaluru,Royal Challengers Bengaluru,False,False,League,
1216528,2020,Dubai,2020-10-13,Chennai Super Kings,Sunrisers Hyderabad,Chennai Super Kings,bat,normal,0,Chennai Super Kings,20,0,RA Jadeja,Dubai International Cricket Stadium,AK Chaudhary,PR Reiffel,Chennai Super Kings,Sunrisers Hyderabad,Chennai Super Kings,Chennai Super Kings,False,False,League,
1216543,2020,Dubai,2020-10-14,Delhi Capitals,Rajasthan Royals,Delhi Capitals,bat,normal,0,Delhi Capitals,13,0,A Nortje,Dubai International Cricket Stadium,AK Chaudhary,Nitin Menon,Delhi Capitals,Rajasthan Royals,Delhi Capitals,Delhi Capitals,False,False,League,
1216531,2020,Sharjah,2020-10-15,Royal Challengers Bangalore,Kings XI Punjab,Royal Challengers Bangalore,bat,normal,0,Kings XI Punjab,0,8,KL Rahul,Sharjah Cricket Stadium,KN Ananthapadmanabhan,C Shamshuddin,Royal Challengers Bengaluru,Punjab Kings,Royal Challengers Bengaluru,Punjab Kings,False,False,League,
1216526,2020,Abu Dhabi,2020-10-16,Kolkata Knight Riders,Mumbai Indians,Kolkata Knight Riders,bat,normal,0,Mumbai Indians,0,8,Q de Kock,Zayed Cricket Stadium,CB Gaffaney,VK Sharma,Kolkata Knight Riders,Mumbai Indians,Kolkata Knight Riders,Mumbai Indians,False,False,League,
1216509,2020,Sharjah,2020-10-17,Chennai Super Kings,Delhi Capitals,Chennai Super Kings,bat,normal,0,Delhi Capitals,0,5,S Dhawan,Sharjah Cricket Stadium,KN Ananthapadmanabhan,RK Illingworth,Chennai Super Kings,Delhi Capitals,Chennai Super Kings,Delhi Capitals,False,False,League,
1216522,2020,Dubai,2020-10-17,Rajasthan Royals,Royal Challengers Bangalore,Rajasthan Royals,bat,normal,0,Royal Challengers Bangalore,0,7,AB de Villiers,Dubai International Cricket Stadium,AK Chaudhary,Nitin Menon,Rajasthan Royals,Royal Challengers Bengaluru,Rajasthan Royals,Royal Challengers Bengaluru,False,False,League,
1216512,2020,Abu Dhabi,2020-10-18,Kolkata Knight Riders,Sunrisers Hyderabad,Sunrisers Hyderabad,field,tie,0,Kolkata Knight Riders,0,0,LH Ferguson,Zayed Cricket Stadium,PG Pathak,S Ravi,Kolkata Knight Riders,Sunrisers Hyderabad,Sunrisers Hyderabad,Kolkata Knight Riders,False,False,League,
1216517,2020,Dubai,2020-10-18,Mumbai Indians,Kings XI Punjab,Mumbai Indians,bat,tie,0,Kings XI Punjab,0,0,KL Rahul,Dubai International Cricket Stadium,Nitin Menon,PR Reiffel,Mumbai Indians,Punjab Kings,Mumbai Indians,Punjab Kings,False,False,League,
1216533,2020,Abu Dhabi,2020-10-19,Chennai Super Kings,Rajasthan Royals,Chennai Super Kings,bat,normal,0,Rajasthan Royals,0,7,JC Buttler,Zayed Cricket Stadium,CB Gaffaney,VK Sharma,Chennai Super Kings,Rajasthan Royals,Chennai Super Kings,Rajasthan Royals,False,False,League,
1216546,2020,Dubai,2020-10-20,Delhi Capitals,Kings XI Punjab,Delhi Capitals,bat,normal,0,Kings XI Punjab,0,5,S Dhawan,Dubai International Cricket Stadium,C Shamshuddin,RK Illingworth,Delhi Capitals,Punjab Kings,Delhi Capitals,Punjab Kings,False,False,League,
1216494,2020,Abu Dhabi,2020-10-21,Kolkata Knight Riders,Royal Challengers Bangalore,Kolkata Knight Riders,bat,normal,0,Royal Challengers Bangalore,0,8,Mohammed Siraj,Zayed Cricket Stadium,VK Sharma,S Ravi,Kolkata Knight Riders,Royal Challengers Bengaluru,Kolkata Knight Riders,Royal Challengers Bengaluru,False,False,League,
1216518,2020,Dubai,2020-10-22,Rajasthan Royals,Sunrisers Hyderabad,Sunrisers Hyderabad,field,normal,0,Sunrisers Hyderabad,0,8,MK Pandey,Dubai International Cricket Stadium,Nitin Menon,PR Reiffel,Rajasthan Royals,Sunrisers Hyderabad,Sunrisers Hyderabad,Sunrisers Hyderabad,False,False,League,
1216521,2020,Sharjah,2020-10-23,Chennai Super Kings,Mumbai Indians,Mumbai Indians,field,normal,0,Mumbai Indians,0,10,TA Boult,Sharjah Cricket Stadium,C Shamshuddin,VA Kulkarni,Chennai Super Kings,Mumbai Indians,Mumbai Indians,Mumbai Indians,False,False,League,
1216497,2020,Abu Dhabi,2020-10-24,Kolkata Knight Riders,Delhi Capitals,Delhi Capitals,field,normal,0,Kolkata Knight Riders,59,0,CV Varun,Zayed Cricket Stadium,CB Gaffaney,PG Pathak,Kolkata Knight Riders,Delhi Capitals,Delhi Capitals,Kolkata Knight Riders,False,False,League,
1216498,2020,Dubai,2020-10-24,Kings XI Punjab,Sunrisers Hyderabad,Sunrisers Hyderabad,field,normal,0,Kings XI Punjab,12,0,CJ Jordan,Dubai International Cricket Stadium,AY Dandekar,PR Reiffel,Punjab Kings,Sunrisers Hyderabad,Sunrisers Hyderabad,Punjab Kings,False,False,League,
1216541,2020,Abu Dhabi,2020-10-25,Mumbai Indians,Rajasthan Royals,Mumbai Indians,bat,normal,0,Rajasthan Royals,0,8,BA Stokes,Zayed Cricket Stadium,UV Gandhe,VK Sharma,Mumbai Indians,Rajasthan Royals,Mumbai Indians,Rajasthan Royals,False,False,League,
1216544,2020,Dubai,2020-10-25,Royal Challengers Bangalore,Chennai Super Kings,Royal Challengers Bangalore,bat,normal,0,Chennai Super Kings,0,8,RD Gaikwad,Dubai International Cricket Stadium,C Shamshuddin,RK Illingworth,Royal Challengers Bengaluru,Chennai Super Kings,Royal Challengers Bengaluru,Chennai Super Kings,False,False,League,
1216520,2020,Sharjah,2020-10-26,Kolkata Knight Riders,Kings XI Punjab,Kings XI Punjab,field,normal,0,Kings XI Punjab,0,8,CH Gayle,Sharjah Cricket Stadium,KN Ananthapadmanabhan,RK Illingworth,Kolkata Knight Riders,Punjab Kings,Punjab Kings,Punjab Kings,False,False,League,
1216524,2020,Dubai,2020-10-27,Sunrisers Hyderabad,Delhi Capitals,Delhi Capitals,field,normal,0,Sunrisers Hyderabad,88,0,WP Saha,Dubai International Cricket Stadium,AK Chaudhary,Nitin Menon,Sunrisers Hyderabad,Delhi Capitals,Delhi Capitals,Sunrisers Hyderabad,False,False,League,
1216499,2020,Abu Dhabi,2020-10-28,Royal Challengers Bangalore,Mumbai Indians,Mumbai Indians,field,normal,0,Mumbai Indians,0,5,SA Yadav,Zayed Cricket Stadium,UV Gandhe,CB Gaffaney,Royal Challengers Bengaluru,Mumbai Indians,Mumbai Indians,Mumbai Indians,False,False,League,
1216536,2020,Dubai,2020-10-29,Kolkata Knight Riders,Chennai Super Kings,Chennai Super Kings,field,normal,0,Chennai Super Kings,0,6,RD Gaikwad,Dubai International Cricket Stadium,C Shamshuddin,RK Illingworth,Kolkata Knight Riders,Chennai Super Kings,Chennai Super Kings,Chennai Super Kings,False,False,League,
1216537,2020,Abu Dhabi,2020-10-30,Kings XI Punjab,Rajasthan Royals,Rajasthan Royals,field,normal,0,Rajasthan Royals,0,7,BA Stokes,Zayed Cricket Stadium,CB Gaffaney,S Ravi,Punjab Kings,Rajasthan Royals,Rajasthan Royals,Rajasthan Royals,False,False,League,
1216502,2020,Sharjah,2020-10-31,Royal Challengers Bangalore,Sunrisers Hyderabad,Sunrisers Hyderabad,field,normal,0,Sunrisers Hyderabad,0,5,Sandeep Sharma,Sharjah Cricket Stadium,KN Ananthapadmanabhan,K Srinivasan,Royal Challengers Bengaluru,Sunrisers Hyderabad,Sunrisers Hyderabad,Sunrisers Hyderabad,False,False,League,
1216535,2020,Dubai,2020-10-31,Delhi Capitals,Mumbai Indians,Mumbai Indians,field,normal,0,Mumbai Indians,0,9,Ishan Kishan,Dubai International Cricket Stadium,YC Barde,PR Reiffel,Delhi Capitals,Mumbai Indians,Mumbai Indians,Mumbai Indians,False,False,League,
1216506,2020,Abu Dhabi,2020-11-01,Kings XI Punjab,Chennai Super Kings,Chennai Super Kings,field,normal,0,Chennai Super Kings,0,9,RD Gaikwad,Zayed Cricket Stadium,PG Pathak,VK Sharma,Punjab Kings,Chennai Super Kings,Chennai Super Kings,Chennai Super Kings,False,False,League,
1216530,2020,Dubai,2020-11-01,Kolkata Knight Riders,Rajasthan Royals,Rajasthan Royals,field,normal,0,Kolkata Knight Riders,60,0,PJ Cummins,Dubai International Cricket Stadium,Nitin Menon,PR Reiffel,Kolkata Knight Riders,Rajasthan Royals,Rajasthan Royals,Kolkata Knight Riders,False,False,League,
1216505,2020,Abu Dhabi,2020-11-02,Royal Challengers Bangalore,Delhi Capitals,Delhi Capitals,field,normal,0,Delhi Capitals,0,6,A Nortje,Zayed Cricket Stadium,CB Gaffaney,S Ravi,Royal Challengers Bengaluru,Delhi Capitals,Delhi Capitals,Delhi Capitals,False,False,League,
1216495,2020,Sharjah,2020-11-03,Mumbai Indians,Sunrisers Hyderabad,Sunrisers Hyderabad,field,normal,0,Sunrisers Hyderabad,0,10,S Nadeem,Sharjah Cricket Stadium,C Shamshuddin,RK Illingworth,Mumbai Indians,Sunrisers Hyderabad,Sunrisers Hyderabad,Sunrisers Hyderabad,False,False,League,
1237177,2020,Dubai,2020-11-05,Mumbai Indians,Delhi Capitals,Delhi Capitals,field,normal,0,Mumbai Indians,57,0,JJ Bumrah,Dubai International Cricket Stadium,CB Gaffaney,Nitin Menon,Mumbai Indians,Delhi Capitals,Delhi Capitals,Mumbai Indians,False,False,Playoff,Qualifier 1
1237178,2020,Abu Dhabi,2020-11-06,Royal Challengers Bangalore,Sunrisers Hyderabad,Sunrisers Hyderabad,field,normal,0,Sunrisers Hyderabad,0,6,KS Williamson,Zayed Cricket Stadium,PR Reiffel,S Ravi,Royal Challengers Bengaluru,Sunrisers Hyderabad,Sunrisers Hyderabad,Sunrisers Hyderabad,False,False,Playoff,Eliminator
1237180,2020,Abu Dhabi,2020-11-08,Delhi Capitals,Sunrisers Hyderabad,Delhi Capitals,bat,normal,0,Delhi Capitals,17,0,MP Stoinis,Zayed Cricket Stadium,PR Reiffel,S Ravi,Delhi Capitals,Sunrisers Hyderabad,Delhi Capitals,Delhi Capitals,False,False,Playoff,Qualifier 2
1237181,2020,Dubai,2020-11-10,Delhi Capitals,Mumbai Indians,Delhi Capitals,bat,normal,0,Mumbai Indians,0,5,TA Boult,Dubai International Cricket Stadium,CB Gaffaney,Nitin Menon,Delhi Capitals,Mumbai Indians,Delhi Capitals,Mumbai Indians,False,False,Playoff,Final
1254058,2021,Chennai,2021-04-09,Mumbai Indians,Royal Challengers Bangalore,Royal Challengers Bangalore,field,normal,0,Royal Challengers Bangalore,0,2,HV Patel,"MA Chidambaram Stadium, Chepauk",KN Ananthapadmanabhan,Nitin Menon,Mumbai Indians,Royal Challengers Bengaluru,Royal Challengers Bengaluru,Royal Challengers Bengaluru,False,False,League,
1254059,2021,Mumbai,2021-04-10,Chennai Super Kings,Delhi Capitals,Delhi Capitals,field,normal,0,Delhi Capitals,0,7,S Dhawan,Wankhede Stadium,AK Chaudhary,VK Sharma,Chennai Super Kings,Delhi Capitals,Delhi Capitals,Delhi Capitals,False,False,League,
1254060,2021,Chennai,2021-04-11,Kolkata Knight Riders,Sunrisers Hyderabad,Sunrisers Hyderabad,field,normal,0,Kolkata Knight Riders,10,0,N Rana,"MA Chidambaram Stadium, Chepauk",KN Ananthapadmanabhan,Nitin Menon,Kolkata Knight Riders,Sunrisers Hyderabad,Sunrisers Hyderabad,Kolkata Knight Riders,False,False,League,
1254061,2021,Mumbai,2021-04-12,Punjab Kings,Rajasthan Royals,Rajasthan Royals,field,normal,0,Punjab Kings,4,0,SV Samson,Wankhede Stadium,AK Chaudhary,S Ravi,Punjab Kings,Rajasthan Royals,Rajasthan Royals,Punjab Kings,False,False,League,
1254062,2021,Chennai,2021-04-13,Mumbai Indians,Kolkata Knight Riders,Kolkata Knight Riders,field,normal,0,Mumbai Indians,10,0,RD Chahar,"MA Chidambaram Stadium, Chepauk",C Shamshuddin,CB Gaffaney,Mumbai Indians,Kolkata Knight Riders,Kolkata Knight Riders,Mumbai Indians,False,False,League,
1254063,2021,Chennai,2021-04-14,Royal Challengers Bangalore,Sunrisers Hyderabad,Sunrisers Hyderabad,field,normal,0,Royal Challengers Bangalore,6,0,GJ Maxwell,"MA Chidambaram Stadium, Chepauk",Nitin Menon,UV Gandhe,Royal Challengers Bengaluru,Sunrisers Hyderabad,Sunrisers Hyderabad,Royal Challengers Bengaluru,False,False,League,
1254064,2021,Mumbai,2021-04-15,Delhi Capitals,Rajasthan Royals,Rajasthan Royals,field,normal,0,Rajasthan Royals,0,3,JD Unadkat,Wankhede Stadium,S Ravi,VK Sharma,Delhi Capitals,Rajasthan Royals,Rajasthan Royals,Rajasthan Royals,False,False,League,
1254065,2021,Mumbai,2021-04-16,Punjab Kings,Chennai Super Kings,Chennai Super Kings,field,normal,0,Chennai Super Kings,0,6,DL Chahar,Wankhede Stadium,AK Chaudhary,AY Dandekar,Punjab Kings,Chennai Super Kings,Chennai Super Kings,Chennai Super Kings,False,False,League,
1254066,2021,Chennai,2021-04-17,Mumbai Indians,Sunrisers Hyderabad,Mumbai Indians,bat,normal,0,Mumbai Indians,13,0,KA Pollard,"MA Chidambaram Stadium, Chepauk",CB Gaffaney,K Srinivasan,Mumbai Indians,Sunrisers Hyderabad,Mumbai Indians,Mumbai Indians,False,False,League,
1254067,2021,Chennai,2021-04-18,Royal Challengers Bangalore,Kolkata Knight Riders,Royal Challengers Bangalore,bat,normal,0,Royal Challengers Bangalore,38,0,AB de Villiers,"MA Chidambaram Stadium, Chepauk",C Shamshuddin,Nitin Menon,Royal Challengers Bengaluru,Kolkata Knight Riders,Royal Challengers Bengaluru,Royal Challengers Bengaluru,False,False,League,
1254068,2021,Mumbai,2021-04-18,Punjab Kings,Delhi Capitals,Delhi Capitals,field,normal,0,Delhi Capitals,0,6,S Dhawan,Wankhede Stadium,AK Chaudhary,PR Reiffel,Punjab Kings,Delhi Capitals,Delhi Capitals,Delhi Capitals,False,False,League,
1254069,2021,Mumbai,2021-04-19,Chennai Super Kings,Rajasthan Royals,Rajasthan Royals,field,normal,0,Chennai Super Kings,45,0,MM Ali,Wankhede Stadium,PR Reiffel,VK Sharma,Chennai Super Kings,Rajasthan Royals,Rajasthan Royals,Chennai Super Kings,False,False,League,
1254070,2021,Chennai,2021-04-20,Mumbai Indians,Delhi Capitals,Mumbai Indians,bat,normal,0,Delhi Capitals,0,6,A Mishra,"MA Chidambaram Stadium, Chepauk",C Shamshuddin,CB Gaffaney,Mumbai Indians,Delhi Capitals,Mumbai Indians,Delhi Capitals,False,False,League,
1254071,2021,Chennai,2021-04-21,Punjab Kings,Sunrisers Hyderabad,Punjab Kings,bat,normal,0,Sunrisers Hyderabad,0,9,JM Bairstow,"MA Chidambaram Stadium, Chepauk",K Srinivasan,Nitin Menon,Punjab Kings,Sunrisers Hyderabad,Punjab Kings,Sunrisers Hyderabad,False,False,League,
1254072,2021,Mumbai,2021-04-21,Chennai Super Kings,Kolkata Knight Riders,Kolkata Knight Riders,field,normal,0,Chennai Super Kings,18,0,F du Plessis,Wankhede Stadium,AY Dandekar,PR Reiffel,Chennai Super Kings,Kolkata Knight Riders,Kolkata Knight Riders,Chennai Super Kings,False,False,League,
1254073,2021,Mumbai,2021-04-22,Rajasthan Royals,Royal Challengers Bangalore,Royal Challengers Bangalore,field,normal,0,Royal Challengers Bangalore,0,10,D Padikkal,Wankhede Stadium,J Madanagopal,S Ravi,Rajasthan Royals,Royal Challengers Bengaluru,Royal Challengers Bengaluru,Royal Challengers Bengaluru,False,False,League,
1254074,2021,Chennai,2021-04-23,Mumbai Indians,Punjab Kings,Punjab Kings,field,normal,0,Punjab Kings,0,9,KL Rahul,"MA Chidambaram Stadium, Chepauk",C Shamshuddin,Nitin Menon,Mumbai Indians,Punjab Kings,Punjab Kings,Punjab Kings,False,False,League,
1254075,2021,Mumbai,2021-04-24,Kolkata Knight Riders,Rajasthan Royals,Rajasthan Royals,field,normal,0,Rajasthan Royals,0,6,CH Morris,Wankhede Stadium,Navdeep Singh,S Ravi,Kolkata Knight Riders,Rajasthan Royals,Rajasthan Royals,Rajasthan Royals,False,False,League,
1254076,2021,Mumbai,2021-04-25,Chennai Super Kings,Royal Challengers Bangalore,Chennai Super Kings,bat,normal,0,Chennai Super Kings,69,0,RA Jadeja,Wankhede Stadium,AK Chaudhary,VK Sharma,Chennai Super Kings,Royal Challengers Bengaluru,Chennai Super Kings,Chennai Super Kings,False,False,League,
1254077,2021,Chennai,2021-04-25,Delhi Capitals,Sunrisers Hyderabad,Delhi Capitals,bat,tie,0,Delhi Capitals,0,0,PP Shaw,"MA Chidambaram Stadium, Chepauk",CB Gaffaney,KN Ananthapadmanabhan,Delhi Capitals,Sunrisers Hyderabad,Delhi Capitals,Delhi Capitals,False,False,League,
1254078,2021,Ahmedabad,2021-04-26,Punjab Kings,Kolkata Knight Riders,Kolkata Knight Riders,field,normal,0,Kolkata Knight Riders,0,5,EJG Morgan,Narendra Modi Stadium,PR Reiffel,YC Barde,Punjab Kings,Kolkata Knight Riders,Kolkata Knight Riders,Kolkata Knight Riders,False,False,League,
1254079,2021,Ahmedabad,2021-04-27,Royal Challengers Bangalore,Delhi Capitals,Delhi Capitals,field,normal,0,Royal Challengers Bangalore,1,0,AB de Villiers,Narendra Modi Stadium,S Ravi,VK Sharma,Royal Challengers Bengaluru,Delhi Capitals,Delhi Capitals,Royal Challengers Bengaluru,False,False,League,
1254080,2021,Delhi,2021-04-28,Sunrisers Hyderabad,Chennai Super Kings,Sunrisers Hyderabad,bat,normal,0,Chennai Super Kings,0,7,RD Gaikwad,Arun Jaitley Stadium,C Shamshuddin,CK Nandan,Sunrisers Hyderabad,Chennai Super Kings,Sunrisers Hyderabad,Chennai Super Kings,False,False,League,
1254081,2021,Delhi,2021-04-29,Rajasthan Royals,Mumbai Indians,Mumbai Indians,field,normal,0,Mumbai Indians,0,7,Q de Kock,Arun Jaitley Stadium,CB Gaffaney,KN Ananthapadmanabhan,Rajasthan Royals,Mumbai Indians,Mumbai Indians,Mumbai Indians,False,False,League,
1254082,2021,Ahmedabad,2021-04-29,Kolkata Knight Riders,Delhi Capitals,Delhi Capitals,field,normal,0,Delhi Capitals,0,7,PP Shaw,Narendra Modi Stadium,AK Chaudhary,YC Barde,Kolkata Knight Riders,Delhi Capitals,Delhi Capitals,Delhi Capitals,False,False,League,
1254083,2021,Ahmedabad,2021-04-30,Punjab Kings,Royal Challengers Bangalore,Royal Challengers Bangalore,field,normal,0,Punjab Kings,34,0,Harpreet Brar,Narendra Modi Stadium,S Ravi,VK Sharma,Punjab Kings,Royal Challengers Bengaluru,Royal Challengers Bengaluru,Punjab Kings,False,False,League,
1254084,2021,Delhi,2021-05-01,Chennai Super Kings,Mumbai Indians,Mumbai Indians,field,normal,0,Mumbai Indians,0,4,KA Pollard,Arun Jaitley Stadium,KN Ananthapadmanabhan,CK Nandan,Chennai Super Kings,Mumbai Indians,Mumbai Indians,Mumbai Indians,False,False,League,
1254085,2021,Delhi,2021-05-02,Rajasthan Royals,Sunrisers Hyderabad,Sunrisers Hyderabad,field,normal,0,Rajasthan Royals,55,0,JC Buttler,Arun Jaitley Stadium,C Shamshuddin,CB Gaffaney,Rajasthan Royals,Sunrisers Hyderabad,Sunrisers Hyderabad,Rajasthan Royals,False,False,League,
1254086,2021,Ahmedabad,2021-05-02,Punjab Kings,Delhi Capitals,Delhi Capitals,field,normal,0,Delhi Capitals,0,7,MA Agarwal,Narendra Modi Stadium,AK Chaudhary,AY Dandekar,Punjab Kings,Delhi Capitals,Delhi Capitals,Delhi Capitals,False,False,League,
1254104,2021,Dubai,2021-09-19,Chennai Super Kings,Mumbai Indians,Chennai Super Kings,bat,normal,0,Chennai Super Kings,20,0,RD Gaikwad,Dubai International Cricket Stadium,Nitin Menon,RK Illingworth,Chennai Super Kings,Mumbai Indians,Chennai Super Kings,Chennai Super Kings,False,False,League,
1254087,2021,Abu Dhabi,2021-09-20,Royal Challengers Bangalore,Kolkata Knight Riders,Royal Challengers Bangalore,bat,normal,0,Kolkata Knight Riders,0,9,CV Varun,Zayed Cricket Stadium,CB Gaffaney,S Ravi,Royal Challengers Bengaluru,Kolkata Knight Riders,Royal Challengers Bengaluru,Kolkata Knight Riders,False,False,League,
1254111,2021,Dubai,2021-09-21,Rajasthan Royals,Punjab Kings,Punjab Kings,field,normal,0,Rajasthan Royals,2,0,Kartik Tyagi,Dubai International Cricket Stadium,AK Chaudhary,MA Gough,Rajasthan Royals,Punjab Kings,Punjab Kings,Rajasthan Royals,False,False,League,
1254105,2021,Dubai,2021-09-22,Sunrisers Hyderabad,Delhi Capitals,Sunrisers Hyderabad,bat,normal,0,Delhi Capitals,0,8,A Nortje,Dubai International Cricket Stadium,KN Ananthapadmanabhan,RK Illingworth,Sunrisers Hyderabad,Delhi Capitals,Sunrisers Hyderabad,Delhi Capitals,False,False,League,
1254096,2021,Abu Dhabi,2021-09-23,Mumbai Indians,Kolkata Knight Riders,Kolkata Knight Riders,field,normal,0,Kolkata Knight Riders,0,7,SP Narine,Zayed Cricket Stadium,S Ravi,VK Sharma,Mumbai Indians,Kolkata Knight Riders,Kolkata Knight Riders,Kolkata Knight Riders,False,False,League,
1254113,2021,Sharjah,2021-09-24,Royal Challengers Bangalore,Chennai Super Kings,Chennai Super Kings,field,normal,0,Chennai Super Kings,0,6,DJ Bravo,Sharjah Cricket Stadium,AK Chaudhary,Nitin Menon,Royal Challengers Bengaluru,Chennai Super Kings,Chennai Super Kings,Chennai Super Kings,False,False,League,
1254097,2021,Abu Dhabi,2021-09-25,Delhi Capitals,Rajasthan Royals,Rajasthan Royals,field,normal,0,Delhi Capitals,33,0,SS Iyer,Zayed Cricket Stadium,CB Gaffaney,UV Gandhe,Delhi Capitals,Rajasthan Royals,Rajasthan Royals,Delhi Capitals,False,False,League,
1254107,2021,Sharjah,2021-09-25,Punjab Kings,Sunrisers Hyderabad,Sunrisers Hyderabad,field,normal,0,Punjab Kings,5,0,JO Holder,Sharjah Cricket Stadium,RK Illingworth,YC Barde,Punjab Kings,Sunrisers Hyderabad,Sunrisers Hyderabad,Punjab Kings,False,False,League,
1254098,2021,Abu Dhabi,2021-09-26,Kolkata Knight Riders,Chennai Super Kings,Kolkata Knight Riders,bat,normal,0,Chennai Super Kings,0,2,RA Jadeja,Zayed Cricket Stadium,CB Gaffaney,Tapan Sharma,Kolkata Knight Riders,Chennai Super Kings,Kolkata Knight Riders,Chennai Super Kings,False,False,League,
1254108,2021,Dubai,2021-09-26,Royal Challengers Bangalore,Mumbai Indians,Mumbai Indians,field,normal,0,Royal Challengers Bangalore,54,0,GJ Maxwell,Dubai International Cricket Stadium,AK Chaudhary,MA Gough,Royal Challengers Bengaluru,Mumbai Indians,Mumbai Indians,Royal Challengers Bengaluru,False,False,League,
1254100,2021,Dubai,2021-09-27,Rajasthan Royals,Sunrisers Hyderabad,Rajasthan Royals,bat,normal,0,Sunrisers Hyderabad,0,7,JJ Roy,Dubai International Cricket Stadium,KN Ananthapadmanabhan,Navdeep Singh,Rajasthan Royals,Sunrisers Hyderabad,Rajasthan Royals,Sunrisers Hyderabad,False,False,League,
1254092,2021,Sharjah,2021-09-28,Delhi Capitals,Kolkata Knight Riders,Kolkata Knight Riders,field,normal,0,Kolkata Knight Riders,0,3,SP Narine,Sharjah Cricket Stadium,Nitin Menon,HAS Khalid,Delhi Capitals,Kolkata Knight Riders,Kolkata Knight Riders,Kolkata Knight Riders,False,False,League,
1254099,2021,Abu Dhabi,2021-09-28,Punjab Kings,Mumbai Indians,Mumbai Indians,field,normal,0,Mumbai Indians,0,6,KA Pollard,Zayed Cricket Stadium,S Ravi,VK Sharma,Punjab Kings,Mumbai Indians,Mumbai Indians,Mumbai Indians,False,False,League,
1254103,2021,Dubai,2021-09-29,Rajasthan Royals,Royal Challengers Bangalore,Royal Challengers Bangalore,field,normal,0,Royal Challengers Bangalore,0,7,YS Chahal,Dubai International Cricket Stadium,AY Dandekar,KN Ananthapadmanabhan,Rajasthan Royals,Royal Challengers Bengaluru,Royal Challengers Bengaluru,Royal Challengers Bengaluru,False,False,League,
1254091,2021,Sharjah,2021-09-30,Sunrisers Hyderabad,Chennai Super Kings,Chennai Super Kings,field,normal,0,Chennai Super Kings,0,6,JR Hazlewood,Sharjah Cricket Stadium,Nitin Menon,YC Barde,Sunrisers Hyderabad,Chennai Super Kings,Chennai Super Kings,Chennai Super Kings,False,False,League,
1254102,2021,Dubai,2021-10-01,Kolkata Knight Riders,Punjab Kings,Punjab Kings,field,normal,0,Punjab Kings,0,5,KL Rahul,Dubai International Cricket Stadium,KN Ananthapadmanabhan,RK Illingworth,Kolkata Knight Riders,Punjab Kings,Punjab Kings,Punjab Kings,False,False,League,
1254089,2021,Abu Dhabi,2021-10-02,Chennai Super Kings,Rajasthan Royals,Rajasthan Royals,field,normal,0,Rajasthan Royals,0,7,RD Gaikwad,Zayed Cricket Stadium,CB Gaffaney,VK Sharma,Chennai Super Kings,Rajasthan Royals,Rajasthan Royals,Rajasthan Royals,False,False,League,
1254112,2021,Sharjah,2021-10-02,Mumbai Indians,Delhi Capitals,Delhi Capitals,field,normal,0,Delhi Capitals,0,4,AR Patel,Sharjah Cricket Stadium,AK Chaudhary,MA Gough,Mumbai Indians,Delhi Capitals,Delhi Capitals,Delhi Capitals,False,False,League,
1254090,2021,Sharjah,2021-10-03,Royal Challengers Bangalore,Punjab Kings,Royal Challengers Bangalore,bat,normal,0,Royal Challengers Bangalore,6,0,GJ Maxwell,Sharjah Cricket Stadium,KN Ananthapadmanabhan,RK Illingworth,Royal Challengers Bengaluru,Punjab Kings,Royal Challengers Bengaluru,Royal Challengers Bengaluru,False,False,League,
1254109,2021,Dubai,2021-10-03,Sunrisers Hyderabad,Kolkata Knight Riders,Sunrisers Hyderabad,bat,normal,0,Kolkata Knight Riders,0,6,Shubman Gill,Dubai International Cricket Stadium,J Madanagopal,MA Gough,Sunrisers Hyderabad,Kolkata Knight Riders,Sunrisers Hyderabad,Kolkata Knight Riders,False,False,League,
1254110,2021,Dubai,2021-10-04,Chennai Super Kings,Delhi Capitals,Delhi Capitals,field,normal,0,Delhi Capitals,0,3,AR Patel,Dubai International Cricket Stadium,AK Chaudhary,Nitin Menon,Chennai Super Kings,Delhi Capitals,Delhi Capitals,Delhi Capitals,False,False,League,
1254093,2021,Sharjah,2021-10-05,Rajasthan Royals,Mumbai Indians,Mumbai Indians,field,normal,0,Mumbai Indians,0,8,NM Coulter-Nile,Sharjah Cricket Stadium,AK Chaudhary,MA Gough,Rajasthan Royals,Mumbai Indians,Mumbai Indians,Mumbai Indians,False,False,League,
1254095,2021,Abu Dhabi,2021-10-06,Sunrisers Hyderabad,Royal Challengers Bangalore,Royal Challengers Bangalore,field,normal,0,Sunrisers Hyderabad,4,0,KS Williamson,Zayed Cricket Stadium,S Ravi,UV Gandhe,Sunrisers Hyderabad,Royal Challengers Bengaluru,Royal Challengers Bengaluru,Sunrisers Hyderabad,False,False,League,
1254094,2021,Dubai,2021-10-07,Chennai Super Kings,Punjab Kings,Punjab Kings,field,normal,0,Punjab Kings,0,6,KL Rahul,Dubai International Cricket Stadium,K Srinivasan,RK Illingworth,Chennai Super Kings,Punjab Kings,Punjab Kings,Punjab Kings,False,False,League,
1254106,2021,Sharjah,2021-10-07,Kolkata Knight Riders,Rajasthan Royals,Rajasthan Royals,field,normal,0,Kolkata Knight Riders,86,0,Shivam Mavi,Sharjah Cricket Stadium,MA Gough,HAS Khalid,Kolkata Knight Riders,Rajasthan Royals,Rajasthan Royals,Kolkata Knight Riders,False,False,League,
1254088,2021,Abu Dhabi,2021-10-08,Mumbai Indians,Sunrisers Hyderabad,Mumbai Indians,bat,normal,0,Mumbai Indians,42,0,Ishan Kishan,Zayed Cricket Stadium,Tapan Sharma,VK Sharma,Mumbai Indians,Sunrisers Hyderabad,Mumbai Indians,Mumbai Indians,False,False,League,
1254101,2021,Dubai,2021-10-08,Delhi Capitals,Royal Challengers Bangalore,Royal Challengers Bangalore,field,normal,0,Royal Challengers Bangalore,0,7,KS Bharat,Dubai International Cricket Stadium,KN Ananthapadmanabhan,Nitin Menon,Delhi Capitals,Royal Challengers Bengaluru,Royal Challengers Bengaluru,Royal Challengers Bengaluru,False,False,League,
1254114,2021,Dubai,2021-10-10,Delhi Capitals,Chennai Super Kings,Chennai Super Kings,field,normal,0,Chennai Super Kings,0,4,RD Gaikwad,Dubai International Cricket Stadium,Nitin Menon,RK Illingworth,Delhi Capitals,Chennai Super Kings,Chennai Super Kings,Chennai Super Kings,False,False,Playoff,Qualifier 1
1254115,2021,Sharjah,2021-10-11,Royal Challengers Bangalore,Kolkata Knight Riders,Royal Challengers Bangalore,bat,normal,0,Kolkata Knight Riders,0,4,SP Narine,Sharjah Cricket Stadium,CB Gaffaney,VK Sharma,Royal Challengers Bengaluru,Kolkata Knight Riders,Royal Challengers Bengaluru,Kolkata Knight Riders,False,False,Playoff,Eliminator
1254116,2021,Sharjah,2021-10-13,Delhi Capitals,Kolkata Knight Riders,Kolkata Knight Riders,field,normal,0,Kolkata Knight Riders,0,3,VR Iyer,Sharjah Cricket Stadium,KN Ananthapadmanabhan,MA Gough,Delhi Capitals,Kolkata Knight Riders,Kolkata Knight Riders,Kolkata Knight Riders,False,False,Playoff,Qualifier 2
1254117,2021,Dubai,2021-10-15,Chennai Super Kings,Kolkata Knight Riders,Kolkata Knight Riders,field,normal,0,Chennai Super Kings,27,0,F du Plessis,Dubai International Cricket Stadium,Nitin Menon,RK Illingworth,Chennai Super Kings,Kolkata Knight Riders,Kolkata Knight Riders,Chennai Super Kings,False,False,Playoff,Final
1304047,2022,Mumbai,2022-03-26,Chennai Super Kings,Kolkata Knight Riders,Kolkata Knight Riders,field,normal,0,Kolkata Knight Riders,0,6,UT Yadav,Wankhede Stadium,AK Chaudhary,Nitin Menon,Chennai Super Kings,Kolkata Knight Riders,Kolkata Knight Riders,Kolkata Knight Riders,False,False,League,
1304048,2022,Mumbai,2022-03-27,Mumbai Indians,Delhi Capitals,Delhi Capitals,field,normal,0,Delhi Capitals,0,4,Kuldeep Yadav,Brabourne Stadium,RJ Tucker,HAS Khalid,Mumbai Indians,Delhi Capitals,Delhi Capitals,Delhi Capitals,False,False,League,
1304049,2022,Navi Mumbai,2022-03-27,Royal Challengers Bangalore,Punjab Kings,Punjab Kings,field,normal,0,Punjab Kings,0,5,OF Smith,Dr DY Patil Sports Academy,Nitin Menon,YC Barde,Royal Challengers Bengaluru,Punjab Kings,Punjab Kings,Punjab Kings,False,False,League,
1304050,2022,Mumbai,2022-03-28,Lucknow Super Giants,Gujarat Titans,Gujarat Titans,field,normal,0,Gujarat Titans,0,5,Mohammed Shami,Wankhede Stadium,PG Pathak,VK Sharma,Lucknow Super Giants,Gujarat Titans,Gujarat Titans,Gujarat Titans,False,False,League,
1304051,2022,Pune,2022-03-29,Rajasthan Royals,Sunrisers Hyderabad,Sunrisers Hyderabad,field,normal,0,Rajasthan Royals,61,0,SV Samson,Maharashtra Cricket Association Stadium,BNJ Oxenford,UV Gandhe,Rajasthan Royals,Sunrisers Hyderabad,Sunrisers Hyderabad,Rajasthan Royals,False,False,League,
1304052,2022,Navi Mumbai,2022-03-30,Kolkata Knight Riders,Royal Challengers Bangalore,Royal Challengers Bangalore,field,normal,0,Royal Challengers Bangalore,0,3,PWH de Silva,Dr DY Patil Sports Academy,J Madanagopal,Navdeep Singh,Kolkata Knight Riders,Royal Challengers Bengaluru,Royal Challengers Bengaluru,Royal Challengers Bengaluru,False,False,League,
1304053,2022,Mumbai,2022-03-31,Chennai Super Kings,Lucknow Super Giants,Lucknow Super Giants,field,normal,0,Lucknow Super Giants,0,6,E Lewis,Brabourne Stadium,RJ Tucker,VK Sharma,Chennai Super Kings,Lucknow Super Giants,Lucknow Super Giants,Lucknow Super Giants,False,False,League,
1304054,2022,Mumbai,2022-04-01,Punjab Kings,Kolkata Knight Riders,Kolkata Knight Riders,field,normal,0,Kolkata Knight Riders,0,6,UT Yadav,Wankhede Stadium,AK Chaudhary,HAS Khalid,Punjab Kings,Kolkata Knight Riders,Kolkata Knight Riders,Kolkata Knight Riders,False,False,League,
1304055,2022,Navi Mumbai,2022-04-02,Rajasthan Royals,Mumbai Indians,Mumbai Indians,field,normal,0,Rajasthan Royals,23,0,JC Buttler,Dr DY Patil Sports Academy,Nitin Menon,PG Pathak,Rajasthan Royals,Mumbai Indians,Mumbai Indians,Rajasthan Royals,False,False,League,
1304056,2022,Pune,2022-04-02,Gujarat Titans,Delhi Capitals,Delhi Capitals,field,normal,0,Gujarat Titans,14,0,LH Ferguson,Maharashtra Cricket Association Stadium,KN Ananthapadmanabhan,UV Gandhe,Gujarat Titans,Delhi Capitals,Delhi Capitals,Gujarat Titans,False,False,League,
1304057,2022,Mumbai,2022-04-03,Punjab Kings,Chennai Super Kings,Chennai Super Kings,field,normal,0,Punjab Kings,54,0,LS Livingstone,Brabourne Stadium,RJ Tucker,YC Barde,Punjab Kings,Chennai Super Kings,Chennai Super Kings,Punjab Kings,False,False,League,
1304058,2022,Navi Mumbai,2022-04-04,Lucknow Super Giants,Sunrisers Hyderabad,Sunrisers Hyderabad,field,normal,0,Lucknow Super Giants,12,0,Avesh Khan,Dr DY Patil Sports Academy,J Madanagopal,Navdeep Singh,Lucknow Super Giants,Sunrisers Hyderabad,Sunrisers Hyderabad,Lucknow Super Giants,False,False,League,
1304059,2022,Mumbai,2022-04-05,Rajasthan Royals,Royal Challengers Bangalore,Royal Challengers Bangalore,field,normal,0,Royal Challengers Bangalore,0,4,KD Karthik,Wankhede Stadium,AK Chaudhary,HAS Khalid,Rajasthan Royals,Royal Challengers Bengaluru,Royal Challengers Bengaluru,Royal Challengers Bengaluru,False,False,League,
1304060,2022,Pune,2022-04-06,Mumbai Indians,Kolkata Knight Riders,Kolkata Knight Riders,field,normal,0,Kolkata Knight Riders,0,5,PJ Cummins,Maharashtra Cricket Association Stadium,BNJ Oxenford,KN Ananthapadmanabhan,Mumbai Indians,Kolkata Knight Riders,Kolkata Knight Riders,Kolkata Knight Riders,False,False,League,
1304061,2022,Navi Mumbai,2022-04-07,Delhi Capitals,Lucknow Super Giants,Lucknow Super Giants,field,normal,0,Lucknow Super Giants,0,6,Q de Kock,Dr DY Patil Sports Academy,RJ Tucker,Tapan Sharma,Delhi Capitals,Lucknow Super Giants,Lucknow Super Giants,Lucknow Super Giants,False,False,League,
1304062,2022,Mumbai,2022-04-08,Punjab Kings,Gujarat Titans,Gujarat Titans,field,normal,0,Gujarat Titans,0,6,Shubman Gill,Brabourne Stadium,AK Chaudhary,VK Sharma,Punjab Kings,Gujarat Titans,Gujarat Titans,Gujarat Titans,False,False,League,
1304063,2022,Navi Mumbai,2022-04-09,Chennai Super Kings,Sunrisers Hyderabad,Sunrisers Hyderabad,field,normal,0,Sunrisers Hyderabad,0,8,Abhishek Sharma,Dr DY Patil Sports Academy,Navdeep Singh,Nitin Menon,Chennai Super Kings,Sunrisers Hyderabad,Sunrisers Hyderabad,Sunrisers Hyderabad,False,False,League,
1304064,2022,Pune,2022-04-09,Mumbai Indians,Royal Challengers Bangalore,Royal Challengers Bangalore,field,normal,0,Royal Challengers Bangalore,0,7,Anuj Rawat,Maharashtra Cricket Association Stadium,BNJ Oxenford,KN Ananthapadmanabhan,Mumbai Indians,Royal Challengers Bengaluru,Royal Challengers Bengaluru,Royal Challengers Bengaluru,False,False,League,
1304065,2022,Mumbai,2022-04-10,Delhi Capitals,Kolkata Knight Riders,Kolkata Knight Riders,field,normal,0,Delhi Capitals,44,0,Kuldeep Yadav,Brabourne Stadium,CB Gaffaney,J Madanagopal,Delhi Capitals,Kolkata Knight Riders,Kolkata Knight Riders,Delhi Capitals,False,False,League,
1304066,2022,Mumbai,2022-04-10,Rajasthan Royals,Lucknow Super Giants,Lucknow Super Giants,field,normal,0,Rajasthan Royals,3,0,YS Chahal,Wankhede Stadium,AK Chaudhary,Tapan Sharma,Rajasthan Royals,Lucknow Super Giants,Lucknow Super Giants,Rajasthan Royals,False,False,League,
1304067,2022,Navi Mumbai,2022-04-11,Gujarat Titans,Sunrisers Hyderabad,Sunrisers Hyderabad,field,normal,0,Sunrisers Hyderabad,0,8,KS Williamson,Dr DY Patil Sports Academy,Chirra Ravikanthreddy,RJ Tucker,Gujarat Titans,Sunrisers Hyderabad,Sunrisers Hyderabad,Sunrisers Hyderabad,False,False,League,
1304068,2022,Navi Mumbai,2022-04-12,Chennai Super Kings,Royal Challengers Bangalore,Royal Challengers Bangalore,field,normal,0,Chennai Super Kings,23,0,S Dube,Dr DY Patil Sports Academy,Nitin Menon,N Pandit,Chennai Super Kings,Royal Challengers Bengaluru,Royal Challengers Bengaluru,Chennai Super Kings,False,False,League,
1304069,2022,Pune,2022-04-13,Punjab Kings,Mumbai Indians,Mumbai Indians,field,normal,0,Punjab Kings,12,0,MA Agarwal,Maharashtra Cricket Association Stadium,BNJ Oxenford,UV Gandhe,Punjab Kings,Mumbai Indians,Mumbai Indians,Punjab Kings,False,False,League,
1304070,2022,Navi Mumbai,2022-04-14,Gujarat Titans,Rajasthan Royals,Rajasthan Royals,field,normal,0,Gujarat Titans,37,0,HH Pandya,Dr DY Patil Sports Academy,CB Gaffaney,R Pandit,Gujarat Titans,Rajasthan Royals,Rajasthan Royals,Gujarat Titans,False,False,League,
1304071,2022,Mumbai,2022-04-15,Kolkata Knight Riders,Sunrisers Hyderabad,Sunrisers Hyderabad,field,normal,0,Sunrisers Hyderabad,0,7,RA Tripathi,Brabourne Stadium,GR Sadashiv Iyer,VK Sharma,Kolkata Knight Riders,Sunrisers Hyderabad,Sunrisers Hyderabad,Sunrisers Hyderabad,False,False,League,
1304072,2022,Mumbai,2022-04-16,Lucknow Super Giants,Mumbai Indians,Mumbai Indians,field,normal,0,Lucknow Super Giants,18,0,KL Rahul,Brabourne Stadium,AK Chaudhary,NA Patwardhan,Lucknow Super Giants,Mumbai Indians,Mumbai Indians,Lucknow Super Giants,False,False,League,
1304073,2022,Mumbai,2022-04-16,Royal Challengers Bangalore,Delhi Capitals,Delhi Capitals,field,normal,0,Royal Challengers Bangalore,16,0,KD Karthik,Wankhede Stadium,Chirra Ravikanthreddy,J Madanagopal,Royal Challengers Bengaluru,Delhi Capitals,Delhi Capitals,Royal Challengers Bengaluru,False,False,League,
1304074,2022,Navi Mumbai,2022-04-17,Punjab Kings,Sunrisers Hyderabad,Sunrisers Hyderabad,field,normal,0,Sunrisers Hyderabad,0,7,Umran Malik,Dr DY Patil Sports Academy,PG Pathak,R Pandit,Punjab Kings,Sunrisers Hyderabad,Sunrisers Hyderabad,Sunrisers Hyderabad,False,False,League,
1304075,2022,Pune,2022-04-17,Chennai Super Kings,Gujarat Titans,Gujarat Titans,field,normal,0,Gujarat Titans,0,3,DA Miller,Maharashtra Cricket Association Stadium,KN Ananthapadmanabhan,UV Gandhe,Chennai Super Kings,Gujarat Titans,Gujarat Titans,Gujarat Titans,False,False,League,
1304076,2022,Mumbai,2022-04-18,Rajasthan Royals,Kolkata Knight Riders,Kolkata Knight Riders,field,normal,0,Rajasthan Royals,7,0,YS Chahal,Brabourne Stadium,GR Sadashiv Iyer,VK Sharma,Rajasthan Royals,Kolkata Knight Riders,Kolkata Knight Riders,Rajasthan Royals,False,False,League,
1304077,2022,Navi Mumbai,2022-04-19,Royal Challengers Bangalore,Lucknow Super Giants,Lucknow Super Giants,field,normal,0,Royal Challengers Bangalore,18,0,F du Plessis,Dr DY Patil Sports Academy,CB Gaffaney,N Pandit,Royal Challengers Bengaluru,Lucknow Super Giants,Lucknow Super Giants,Royal Challengers Bengaluru,False,False,League,
1304078,2022,Mumbai,2022-04-20,Punjab Kings,Delhi Capitals,Delhi Capitals,field,normal,0,Delhi Capitals,0,9,Kuldeep Yadav,Brabourne Stadium,RJ Tucker,Tapan Sharma,Punjab Kings,Delhi Capitals,Delhi Capitals,Delhi Capitals,False,False,League,
1304079,2022,Navi Mumbai,2022-04-21,Mumbai Indians,Chennai Super Kings,Chennai Super Kings,field,normal,0,Chennai Super Kings,0,3,Mukesh Choudhary,Dr DY Patil Sports Academy,BNJ Oxenford,UV Gandhe,Mumbai Indians,Chennai Super Kings,Chennai Super Kings,Chennai Super Kings,False,False,League,
1304080,2022,Mumbai,2022-04-22,Rajasthan Royals,Delhi Capitals,Delhi Capitals,field,normal,0,Rajasthan Royals,15,0,JC Buttler,Wankhede Stadium,NA Patwardhan,Nitin Menon,Rajasthan Royals,Delhi Capitals,Delhi Capitals,Rajasthan Royals,False,False,League,
1304081,2022,Navi Mumbai,2022-04-23,Gujarat Titans,Kolkata Knight Riders,Gujarat Titans,bat,normal,0,Gujarat Titans,8,0,Rashid Khan,Dr DY Patil Sports Academy,KN Ananthapadmanabhan,UV Gandhe,Gujarat Titans,Kolkata Knight Riders,Gujarat Titans,Gujarat Titans,False,False,League,
1304082,2022,Mumbai,2022-04-23,Royal Challengers Bangalore,Sunrisers Hyderabad,Sunrisers Hyderabad,field,normal,0,Sunrisers Hyderabad,0,9,M Jansen,Brabourne Stadium,Chirra Ravikanthreddy,J Madanagopal,Royal Challengers Bengaluru,Sunrisers Hyderabad,Sunrisers Hyderabad,Sunrisers Hyderabad,False,False,League,
1304083,2022,Mumbai,2022-04-24,Lucknow Super Giants,Mumbai Indians,Mumbai Indians,field,normal,0,Lucknow Super Giants,36,0,KL Rahul,Wankhede Stadium,M Erasmus,HAS Khalid,Lucknow Super Giants,Mumbai Indians,Mumbai Indians,Lucknow Super Giants,False,False,League,
1304084,2022,Mumbai,2022-04-25,Punjab Kings,Chennai Super Kings,Chennai Super Kings,field,normal,0,Punjab Kings,11,0,S Dhawan,Wankhede Stadium,M Erasmus,Tapan Sharma,Punjab Kings,Chennai Super Kings,Chennai Super Kings,Punjab Kings,False,False,League,
1304085,2022,Pune,2022-04-26,Rajasthan Royals,Royal Challengers Bangalore,Royal Challengers Bangalore,field,normal,0,Rajasthan Royals,29,0,R Parag,Maharashtra Cricket Association Stadium,BNJ Oxenford,KN Ananthapadmanabhan,Rajasthan Royals,Royal Challengers Bengaluru,Royal Challengers Bengaluru,Rajasthan Royals,False,False,League,
1304086,2022,Mumbai,2022-04-27,Sunrisers Hyderabad,Gujarat Titans,Gujarat Titans,field,normal,0,Gujarat Titans,0,5,Umran Malik,Wankhede Stadium,CB Gaffaney,Navdeep Singh,Sunrisers Hyderabad,Gujarat Titans,Gujarat Titans,Gujarat Titans,False,False,League,
1304087,2022,Mumbai,2022-04-28,Kolkata Knight Riders,Delhi Capitals,Delhi Capitals,field,normal,0,Delhi Capitals,0,4,Kuldeep Yadav,Wankhede Stadium,AK Chaudhary,PG Pathak,Kolkata Knight Riders,Delhi Capitals,Delhi Capitals,Delhi Capitals,False,False,League,
1304088,2022,Pune,2022-04-29,Lucknow Super Giants,Punjab Kings,Punjab Kings,field,normal,0,Lucknow Super Giants,20,0,KH Pandya,Maharashtra Cricket Association Stadium,MA Gough,UV Gandhe,Lucknow Super Giants,Punjab Kings,Punjab Kings,Lucknow Super Giants,False,False,League,
1304089,2022,Mumbai,2022-04-30,Royal Challengers Bangalore,Gujarat Titans,Royal Challengers Bangalore,bat,normal,0,Gujarat Titans,0,6,R Tewatia,Brabourne Stadium,HAS Khalid,VK Sharma,Royal Challengers Bengaluru,Gujarat Titans,Royal Challengers Bengaluru,Gujarat Titans,False,False,League,
1304090,2022,Navi Mumbai,2022-04-30,Rajasthan Royals,Mumbai Indians,Mumbai Indians,field,normal,0,Mumbai Indians,0,5,SA Yadav,Dr DY Patil Sports Academy,BNJ Oxenford,YC Barde,Rajasthan Royals,Mumbai Indians,Mumbai Indians,Mumbai Indians,False,False,League,
1304091,2022,Mumbai,2022-05-01,Lucknow Super Giants,Delhi Capitals,Lucknow Super Giants,bat,normal,0,Lucknow Super Giants,6,0,Mohsin Khan,Wankhede Stadium,Chirra Ravikanthreddy,CB Gaffaney,Lucknow Super Giants,Delhi Capitals,Lucknow Super Giants,Lucknow Super Giants,False,False,League,
1304092,2022,Pune,2022-05-01,Chennai Super Kings,Sunrisers Hyderabad,Sunrisers Hyderabad,field,normal,0,Chennai Super Kings,13,0,RD Gaikwad,Maharashtra Cricket Association Stadium,AK Chaudhary,KN Ananthapadmanabhan,Chennai Super Kings,Sunrisers Hyderabad,Sunrisers Hyderabad,Chennai Super Kings,False,False,League,
1304093,2022,Mumbai,2022-05-02,Rajasthan Royals,Kolkata Knight Riders,Kolkata Knight Riders,field,normal,0,Kolkata Knight Riders,0,7,RK Singh,Wankhede Stadium,J Madanagopal,N Pandit,Rajasthan Royals,Kolkata Knight Riders,Kolkata Knight Riders,Kolkata Knight Riders,False,False,League,
1304094,2022,Navi Mumbai,2022-05-03,Gujarat Titans,Punjab Kings,Gujarat Titans,bat,normal,0,Punjab Kings,0,8,K Rabada,Dr DY Patil Sports Academy,R Pandit,VK Sharma,Gujarat Titans,Punjab Kings,Gujarat Titans,Punjab Kings,False,False,League,
1304095,2022,Pune,2022-05-04,Royal Challengers Bangalore,Chennai Super Kings,Chennai Super Kings,field,normal,0,Royal Challengers Bangalore,13,0,HV Patel,Maharashtra Cricket Association Stadium,KN Ananthapadmanabhan,MA Gough,Royal Challengers Bengaluru,Chennai Super Kings,Chennai Super Kings,Royal Challengers Bengaluru,False,False,League,
1304096,2022,Mumbai,2022-05-05,Delhi Capitals,Sunrisers Hyderabad,Sunrisers Hyderabad,field,normal,0,Delhi Capitals,21,0,DA Warner,Brabourne Stadium,Navdeep Singh,NA Patwardhan,Delhi Capitals,Sunrisers Hyderabad,Sunrisers Hyderabad,Delhi Capitals,False,False,League,
1304097,2022,Mumbai,2022-05-06,Mumbai Indians,Gujarat Titans,Gujarat Titans,field,normal,0,Mumbai Indians,5,0,TH David,Brabourne Stadium,J Madanagopal,GR Sadashiv Iyer,Mumbai Indians,Gujarat Titans,Gujarat Titans,Mumbai Indians,False,False,League,
1304098,2022,Mumbai,2022-05-07,Punjab Kings,Rajasthan Royals,Punjab Kings,bat,normal,0,Rajasthan Royals,0,6,YBK Jaiswal,Wankhede Stadium,Chirra Ravikanthreddy,YC Barde,Punjab Kings,Rajasthan Royals,Punjab Kings,Rajasthan Royals,False,False,League,
1304099,2022,Pune,2022-05-07,Lucknow Super Giants,Kolkata Knight Riders,Kolkata Knight Riders,field,normal,0,Lucknow Super Giants,75,0,Avesh Khan,Maharashtra Cricket Association Stadium,AK Chaudhary,MA Gough,Lucknow Super Giants,Kolkata Knight Riders,Kolkata Knight Riders,Lucknow Super Giants,False,False,League,
1304100,2022,Mumbai,2022-05-08,Royal Challengers Bangalore,Sunrisers Hyderabad,Royal Challengers Bangalore,bat,normal,0,Royal Challengers Bangalore,67,0,PWH de Silva,Wankhede Stadium,BNJ Oxenford,N Pandit,Royal Challengers Bengaluru,Sunrisers Hyderabad,Royal Challengers Bengaluru,Royal Challengers Bengaluru,False,False,League,
1304101,2022,Navi Mumbai,2022-05-08,Chennai Super Kings,Delhi Capitals,Delhi Capitals,field,normal,0,Chennai Super Kings,91,0,DP Conway,Dr DY Patil Sports Academy,Nitin Menon,R Pandit,Chennai Super Kings,Delhi Capitals,Delhi Capitals,Chennai Super Kings,False,False,League,
1304102,2022,Navi Mumbai,2022-05-09,Kolkata Knight Riders,Mumbai Indians,Mumbai Indians,field,normal,0,Kolkata Knight Riders,52,0,JJ Bumrah,Dr DY Patil Sports Academy,CB Gaffaney,GR Sadashiv Iyer,Kolkata Knight Riders,Mumbai Indians,Mumbai Indians,Kolkata Knight Riders,False,False,League,
1304103,2022,Pune,2022-05-10,Gujarat Titans,Lucknow Super Giants,Gujarat Titans,bat,normal,0,Gujarat Titans,62,0,Shubman Gill,Maharashtra Cricket Association Stadium,KN Ananthapadmanabhan,MA Gough,Gujarat Titans,Lucknow Super Giants,Gujarat Titans,Gujarat Titans,False,False,League,
1304104,2022,Navi Mumbai,2022-05-11,Rajasthan Royals,Delhi Capitals,Delhi Capitals,field,normal,0,Delhi Capitals,0,8,MR Marsh,Dr DY Patil Sports Academy,NA Patwardhan,Nitin Menon,Rajasthan Royals,Delhi Capitals,Delhi Capitals,Delhi Capitals,False,False,League,
1304105,2022,Mumbai,2022-05-12,Chennai Super Kings,Mumbai Indians,Mumbai Indians,field,normal,0,Mumbai Indians,0,5,DR Sams,Wankhede Stadium,Chirra Ravikanthreddy,CB Gaffaney,Chennai Super Kings,Mumbai Indians,Mumbai Indians,Mumbai Indians,False,False,League,
1304106,2022,Mumbai,2022-05-13,Punjab Kings,Royal Challengers Bangalore,Royal Challengers Bangalore,field,normal,0,Punjab Kings,54,0,JM Bairstow,Brabourne Stadium,J Madanagopal,N Pandit,Punjab Kings,Royal Challengers Bengaluru,Royal Challengers Bengaluru,Punjab Kings,False,False,League,
1304107,2022,Pune,2022-05-14,Kolkata Knight Riders,Sunrisers Hyderabad,Kolkata Knight Riders,bat,normal,0,Kolkata Knight Riders,54,0,AD Russell,Maharashtra Cricket Association Stadium,AK Chaudhary,KN Ananthapadmanabhan,Kolkata Knight Riders,Sunrisers Hyderabad,Kolkata Knight Riders,Kolkata Knight Riders,False,False,League,
1304108,2022,Mumbai,2022-05-15,Chennai Super Kings,Gujarat Titans,Chennai Super Kings,bat,normal,0,Gujarat Titans,0,7,WP Saha,Wankhede Stadium,R Pandit,VK Sharma,Chennai Super Kings,Gujarat Titans,Chennai Super Kings,Gujarat Titans,False,False,League,
1304109,2022,Mumbai,2022-05-15,Rajasthan Royals,Lucknow Super Giants,Rajasthan Royals,bat,normal,0,Rajasthan Royals,24,0,TA Boult,Brabourne Stadium,PG Pathak,Tapan Sharma,Rajasthan Royals,Lucknow Super Giants,Rajasthan Royals,Rajasthan Royals,False,False,League,
1304110,2022,Navi Mumbai,2022-05-16,Delhi Capitals,Punjab Kings,Punjab Kings,field,normal,0,Delhi Capitals,17,0,SN Thakur,Dr DY Patil Sports Academy,GR Sadashiv Iyer,Nitin Menon,Delhi Capitals,Punjab Kings,Punjab Kings,Delhi Capitals,False,False,League,
1304111,2022,Mumbai,2022-05-17,Sunrisers Hyderabad,Mumbai Indians,Mumbai Indians,field,normal,0,Sunrisers Hyderabad,3,0,RA Tripathi,Wankhede Stadium,CB Gaffaney,N Pandit,Sunrisers Hyderabad,Mumbai Indians,Mumbai Indians,Sunrisers Hyderabad,False,False,League,
1304112,2022,Navi Mumbai,2022-05-18,Lucknow Super Giants,Kolkata Knight Riders,Lucknow Super Giants,bat,normal,0,Lucknow Super Giants,2,0,Q de Kock,Dr DY Patil Sports Academy,R Pandit,YC Barde,Lucknow Super Giants,Kolkata Knight Riders,Lucknow Super Giants,Lucknow Super Giants,False,False,League,
1304113,2022,Mumbai,2022-05-19,Gujarat Titans,Royal Challengers Bangalore,Gujarat Titans,bat,normal,0,Royal Challengers Bangalore,0,8,V Kohli,Wankhede Stadium,KN Ananthapadmanabhan,GR Sadashiv Iyer,Gujarat Titans,Royal Challengers Bengaluru,Gujarat Titans,Royal Challengers Bengaluru,False,False,League,
1304114,2022,Mumbai,2022-05-20,Chennai Super Kings,Rajasthan Royals,Chennai Super Kings,bat,normal,0,Rajasthan Royals,0,5,R Ashwin,Brabourne Stadium,CB Gaffaney,NA Patwardhan,Chennai Super Kings,Rajasthan Royals,Chennai Super Kings,Rajasthan Royals,False,False,League,
1304115,2022,Mumbai,2022-05-21,Delhi Capitals,Mumbai Indians,Mumbai Indians,field,normal,0,Mumbai Indians,0,5,JJ Bumrah,Wankhede Stadium,Nitin Menon,Tapan Sharma,Delhi Capitals,Mumbai Indians,Mumbai Indians,Mumbai Indians,False,False,League,
1304116,2022,Mumbai,2022-05-22,Sunrisers Hyderabad,Punjab Kings,Sunrisers Hyderabad,bat,normal,0,Punjab Kings,0,5,Harpreet Brar,Wankhede Stadium,AK Chaudhary,NA Patwardhan,Sunrisers Hyderabad,Punjab Kings,Sunrisers Hyderabad,Punjab Kings,False,False,League,
1312197,2022,Kolkata,2022-05-24,Rajasthan Royals,Gujarat Titans,Gujarat Titans,field,normal,0,Gujarat Titans,0,7,DA Miller,Eden Gardens,BNJ Oxenford,VK Sharma,Rajasthan Royals,Gujarat Titans,Gujarat Titans,Gujarat Titans,False,False,Playoff,Qualifier 1
1312198,2022,Kolkata,2022-05-25,Royal Challengers Bangalore,Lucknow Super Giants,Lucknow Super Giants,field,normal,0,Royal Challengers Bangalore,14,0,RM Patidar,Eden Gardens,J Madanagopal,MA Gough,Royal Challengers Bengaluru,Lucknow Super Giants,Lucknow Super Giants,Royal Challengers Bengaluru,False,False,Playoff,Eliminator
1312199,2022,Ahmedabad,2022-05-27,Royal Challengers Bangalore,Rajasthan Royals,Rajasthan Royals,field,normal,0,Rajasthan Royals,0,7,JC Buttler,Narendra Modi Stadium,CB Gaffaney,Nitin Menon,Royal Challengers Bengaluru,Rajasthan Royals,Rajasthan Royals,Rajasthan Royals,False,False,Playoff,Qualifier 2
1312200,2022,Ahmedabad,2022-05-29,Rajasthan Royals,Gujarat Titans,Rajasthan Royals,bat,normal,0,Gujarat Titans,0,7,HH Pandya,Narendra Modi Stadium,CB Gaffaney,Nitin Menon,Rajasthan Royals,Gujarat Titans,Rajasthan Royals,Gujarat Titans,False,False,Playoff,Final
1359475,2023,Ahmedabad,2023-03-31,Chennai Super Kings,Gujarat Titans,Gujarat Titans,field,normal,0,Gujarat Titans,0,5,Rashid Khan,Narendra Modi Stadium,Nitin Menon,HAS Khalid,Chennai Super Kings,Gujarat Titans,Gujarat Titans,Gujarat Titans,False,False,League,
1359476,2023,Mohali,2023-04-01,Punjab Kings,Kolkata Knight Riders,Kolkata Knight Riders,field,normal,1,Punjab Kings,7,0,Arshdeep Singh,Punjab Cricket Association IS Bindra Stadium,BNJ Oxenford,YC Barde,Punjab Kings,Kolkata Knight Riders,Kolkata Knight Riders,Punjab Kings,False,True,League,
1359477,2023,Lucknow,2023-04-01,Lucknow Super Giants,Delhi Capitals,Delhi Capitals,field,normal,0,Lucknow Super Giants,50,0,MA Wood,Ekana Cricket Stadium,AK Chaudhary,NA Patwardhan,Lucknow Super Giants,Delhi Capitals,Delhi Capitals,Lucknow Super Giants,False,False,League,
1359478,2023,Hyderabad,2023-04-02,Rajasthan Royals,Sunrisers Hyderabad,Sunrisers Hyderabad,field,normal,0,Rajasthan Royals,72,0,JC Buttler,"Rajiv Gandhi International Stadium, Uppal",KN Ananthapadmanabhan,R Pandit,Rajasthan Royals,Sunrisers Hyderabad,Sunrisers Hyderabad,Rajasthan Royals,False,False,League,
1359479,2023,Bengaluru,2023-04-02,Mumbai Indians,Royal Challengers Bangalore,Royal Challengers Bangalore,field,normal,0,Royal Challengers Bangalore,0,8,F du Plessis,M Chinnaswamy Stadium,Nitin Menon,Tapan Sharma,Mumbai Indians,Royal Challengers Bengaluru,Royal Challengers Bengaluru,Royal Challengers Bengaluru,False,False,League,
1359480,2023,Chennai,2023-04-03,Chennai Super Kings,Lucknow Super Giants,Lucknow Super Giants,field,normal,0,Chennai Super Kings,12,0,MM Ali,"MA Chidambaram Stadium, Chepauk",A Totre,BNJ Oxenford,Chennai Super Kings,Lucknow Super Giants,Lucknow Super Giants,Chennai Super Kings,False,False,League,
1359481,2023,Delhi,2023-04-04,Delhi Capitals,Gujarat Titans,Gujarat Titans,field,normal,0,Gujarat Titans,0,6,B Sai Sudharsan,Arun Jaitley Stadium,A Nand Kishore,GR Sadashiv Iyer,Delhi Capitals,Gujarat Titans,Gujarat Titans,Gujarat Titans,False,False,League,
1359482,2023,Guwahati,2023-04-05,Punjab Kings,Rajasthan Royals,Rajasthan Royals,field,normal,0,Punjab Kings,5,0,NT Ellis,Barsapara Cricket Stadium,KN Ananthapadmanabhan,MV Saidharshan Kumar,Punjab Kings,Rajasthan Royals,Rajasthan Royals,Punjab Kings,False,False,League,
1359483,2023,Kolkata,2023-04-06,Kolkata Knight Riders,Royal Challengers Bangalore,Royal Challengers Bangalore,field,normal,0,Kolkata Knight Riders,81,0,SN Thakur,Eden Gardens,Vinod Seshan,VK Sharma,Kolkata Knight Riders,Royal Challengers Bengaluru,Royal Challengers Bengaluru,Kolkata Knight Riders,False,False,League,
1359484,2023,Lucknow,2023-04-07,Sunrisers Hyderabad,Lucknow Super Giants,Sunrisers Hyderabad,bat,normal,0,Lucknow Super Giants,0,5,KH Pandya,Ekana Cricket Stadium,J Madanagopal,YC Barde,Sunrisers Hyderabad,Lucknow Super Giants,Sunrisers Hyderabad,Lucknow Super Giants,False,False,League,
1359485,2023,Guwahati,2023-04-08,Rajasthan Royals,Delhi Capitals,Delhi Capitals,field,normal,0,Rajasthan Royals,57,0,YBK Jaiswal,Barsapara Cricket Stadium,Navdeep Singh,MV Saidharshan Kumar,Rajasthan Royals,Delhi Capitals,Delhi Capitals,Rajasthan Royals,False,False,League,
1359486,2023,Mumbai,2023-04-08,Mumbai Indians,Chennai Super Kings,Chennai Super Kings,field,normal,0,Chennai Super Kings,0,7,RA Jadeja,Wankhede Stadium,CB Gaffaney,NA Patwardhan,Mumbai Indians,Chennai Super Kings,Chennai Super Kings,Chennai Super Kings,False,False,League,
1359487,2023,Ahmedabad,2023-04-09,Gujarat Titans,Kolkata Knight Riders,Gujarat Titans,bat,normal,0,Kolkata Knight Riders,0,3,RK Singh,Narendra Modi Stadium,Nitin Menon,Tapan Sharma,Gujarat Titans,Kolkata Knight Riders,Gujarat Titans,Kolkata Knight Riders,False,False,League,
1359488,2023,Hyderabad,2023-04-09,Punjab Kings,Sunrisers Hyderabad,Sunrisers Hyderabad,field,normal,0,Sunrisers Hyderabad,0,8,S Dhawan,"Rajiv Gandhi International Stadium, Uppal",BNJ Oxenford,UV Gandhe,Punjab Kings,Sunrisers Hyderabad,Sunrisers Hyderabad,Sunrisers Hyderabad,False,False,League,
1359489,2023,Bengaluru,2023-04-10,Royal Challengers Bangalore,Lucknow Super Giants,Lucknow Super Giants,field,normal,0,Lucknow Super Giants,0,1,N Pooran,M Chinnaswamy Stadium,AK Chaudhary,A Nand Kishore,Royal Challengers Bengaluru,Lucknow Super Giants,Lucknow Super Giants,Lucknow Super Giants,False,False,League,
1359490,2023,Delhi,2023-04-11,Delhi Capitals,Mumbai Indians,Mumbai Indians,field,normal,0,Mumbai Indians,0,6,RG Sharma,Arun Jaitley Stadium,MA Gough,R Pandit,Delhi Capitals,Mumbai Indians,Mumbai Indians,Mumbai Indians,False,False,League,
1359491,2023,Chennai,2023-04-12,Rajasthan Royals,Chennai Super Kings,Chennai Super Kings,field,normal,0,Rajasthan Royals,3,0,R Ashwin,"MA Chidambaram Stadium, Chepauk",Vinod Seshan,VK Sharma,Rajasthan Royals,Chennai Super Kings,Chennai Super Kings,Rajasthan Royals,False,False,League,
1359492,2023,Mohali,2023-04-13,Punjab Kings,Gujarat Titans,Gujarat Titans,field,normal,0,Gujarat Titans,0,6,MM Sharma,Punjab Cricket Association IS Bindra Stadium,A Totre,J Madanagopal,Punjab Kings,Gujarat Titans,Gujarat Titans,Gujarat Titans,False,False,League,
1359493,2023,Kolkata,2023-04-14,Sunrisers Hyderabad,Kolkata Knight Riders,Kolkata Knight Riders,field,normal,0,Sunrisers Hyderabad,23,0,HC Brook,Eden Gardens,CB Gaffaney,GR Sadashiv Iyer,Sunrisers Hyderabad,Kolkata Knight Riders,Kolkata Knight Riders,Sunrisers Hyderabad,False,False,League,
1359494,2023,Bengaluru,2023-04-15,Royal Challengers Bangalore,Delhi Capitals,Delhi Capitals,field,normal,0,Royal Challengers Bangalore,23,0,V Kohli,M Chinnaswamy Stadium,KN Ananthapadmanabhan,MV Saidharshan Kumar,Royal Challengers Bengaluru,Delhi Capitals,Delhi Capitals,Royal Challengers Bengaluru,False,False,League,
1359495,2023,Lucknow,2023-04-15,Lucknow Super Giants,Punjab Kings,Punjab Kings,field,normal,0,Punjab Kings,0,2,Sikandar Raza,Ekana Cricket Stadium,HAS Khalid,VK Sharma,Lucknow Super Giants,Punjab Kings,Punjab Kings,Punjab Kings,False,False,League,
1359496,2023,Mumbai,2023-04-16,Kolkata Knight Riders,Mumbai Indians,Mumbai Indians,field,normal,0,Mumbai Indians,0,5,VR Iyer,Wankhede Stadium,BNJ Oxenford,UV Gandhe,Kolkata Knight Riders,Mumbai Indians,Mumbai Indians,Mumbai Indians,False,False,League,
1359497,2023,Ahmedabad,2023-04-16,Gujarat Titans,Rajasthan Royals,Rajasthan Royals,field,normal,0,Rajasthan Royals,0,3,SO Hetmyer,Narendra Modi Stadium,AK Chaudhary,CB Gaffaney,Gujarat Titans,Rajasthan Royals,Rajasthan Royals,Rajasthan Royals,False,False,League,
1359498,2023,Bengaluru,2023-04-17,Chennai Super Kings,Royal Challengers Bangalore,Royal Challengers Bangalore,field,normal,0,Chennai Super Kings,8,0,DP Conway,M Chinnaswamy Stadium,KN Ananthapadmanabhan,Navdeep Singh,Chennai Super Kings,Royal Challengers Bengaluru,Royal Challengers Bengaluru,Chennai Super Kings,False,False,League,
1359499,2023,Hyderabad,2023-04-18,Mumbai Indians,Sunrisers Hyderabad,Sunrisers Hyderabad,field,normal,0,Mumbai Indians,14,0,C Green,"Rajiv Gandhi International Stadium, Uppal",Nitin Menon,Vinod Seshan,Mumbai Indians,Sunrisers Hyderabad,Sunrisers Hyderabad,Mumbai Indians,False,False,League,
1359500,2023,Jaipur,2023-04-19,Lucknow Super Giants,Rajasthan Royals,Rajasthan Royals,field,normal,0,Lucknow Super Giants,10,0,MP Stoinis,Sawai Mansingh Stadium,J Madanagopal,YC Barde,Lucknow Super Giants,Rajasthan Royals,Rajasthan Royals,Lucknow Super Giants,False,False,League,
1359501,2023,Mohali,2023-04-20,Royal Challengers Bangalore,Punjab Kings,Punjab Kings,field,normal,0,Royal Challengers Bangalore,24,0,Mohammed Siraj,Punjab Cricket Association IS Bindra Stadium,AK Chaudhary,GR Sadashiv Iyer,Royal Challengers Bengaluru,Punjab Kings,Punjab Kings,Royal Challengers Bengaluru,False,False,League,
1359502,2023,Delhi,2023-04-20,Kolkata Knight Riders,Delhi Capitals,Delhi Capitals,field,normal,0,Delhi Capitals,0,4,I Sharma,Arun Jaitley Stadium,MA Gough,R Pandit,Kolkata Knight Riders,Delhi Capitals,Delhi Capitals,Delhi Capitals,False,False,League,
1359503,2023,Chennai,2023-04-21,Sunrisers Hyderabad,Chennai Super Kings,Chennai Super Kings,field,normal,0,Chennai Super Kings,0,7,RA Jadeja,"MA Chidambaram Stadium, Chepauk",HAS Khalid,VK Sharma,Sunrisers Hyderabad,Chennai Super Kings,Chennai Super Kings,Chennai Super Kings,False,False,League,
1359504,2023,Lucknow,2023-04-22,Gujarat Titans,Lucknow Super Giants,Gujarat Titans,bat,normal,0,Gujarat Titans,7,0,MM Sharma,Ekana Cricket Stadium,A Totre,RJ Tucker,Gujarat Titans,Lucknow Super Giants,Gujarat Titans,Gujarat Titans,False,False,League,
1359505,2023,Mumbai,2023-04-22,Punjab Kings,Mumbai Indians,Mumbai Indians,field,normal,0,Punjab Kings,13,0,SM Curran,Wankhede Stadium,CB Gaffaney,GR Sadashiv Iyer,Punjab Kings,Mumbai Indians,Mumbai Indians,Punjab Kings,False,False,League,
1359506,2023,Bengaluru,2023-04-23,Royal Challengers Bangalore,Rajasthan Royals,Rajasthan Royals,field,normal,0,Royal Challengers Bangalore,7,0,GJ Maxwell,M Chinnaswamy Stadium,MA Gough,MV Saidharshan Kumar,Royal Challengers Bengaluru,Rajasthan Royals,Rajasthan Royals,Royal Challengers Bengaluru,False,False,League,
1359507,2023,Kolkata,2023-04-23,Chennai Super Kings,Kolkata Knight Riders,Kolkata Knight Riders,field,normal,0,Chennai Super Kings,49,0,AM Rahane,Eden Gardens,Nitin Menon,Tapan Sharma,Chennai Super Kings,Kolkata Knight Riders,Kolkata Knight Riders,Chennai Super Kings,False,False,League,
1359508,2023,Hyderabad,2023-04-24,Delhi Capitals,Sunrisers Hyderabad,Delhi Capitals,bat,normal,0,Delhi Capitals,7,0,AR Patel,"Rajiv Gandhi International Stadium, Uppal",J Madanagopal,RJ Tucker,Delhi Capitals,Sunrisers Hyderabad,Delhi Capitals,Delhi Capitals,False,False,League,
1359509,2023,Ahmedabad,2023-04-25,Gujarat Titans,Mumbai Indians,Mumbai Indians,field,normal,0,Gujarat Titans,55,0,A Manohar,Narendra Modi Stadium,AK Chaudhary,A Nand Kishore,Gujarat Titans,Mumbai Indians,Mumbai Indians,Gujarat Titans,False,False,League,
1359510,2023,Bengaluru,2023-04-26,Kolkata Knight Riders,Royal Challengers Bangalore,Royal Challengers Bangalore,field,normal,0,Kolkata Knight Riders,21,0,CV Varun,M Chinnaswamy Stadium,KN Ananthapadmanabhan,R Pandit,Kolkata Knight Riders,Royal Challengers Bengaluru,Royal Challengers Bengaluru,Kolkata Knight Riders,False,False,League,
1359511,2023,Jaipur,2023-04-27,Rajasthan Royals,Chennai Super Kings,Rajasthan Royals,bat,normal,0,Rajasthan Royals,32,0,YBK Jaiswal,Sawai Mansingh Stadium,A Totre,YC Barde,Rajasthan Royals,Chennai Super Kings,Rajasthan Royals,Rajasthan Royals,False,False,League,
1359512,2023,Mohali,2023-04-28,Lucknow Super Giants,Punjab Kings,Punjab Kings,field,normal,0,Lucknow Super Giants,56,0,MP Stoinis,Punjab Cricket Association IS Bindra Stadium,Nitin Menon,Vinod Seshan,Lucknow Super Giants,Punjab Kings,Punjab Kings,Lucknow Super Giants,False,False,League,
1359513,2023,Kolkata,2023-04-29,Kolkata Knight Riders,Gujarat Titans,Gujarat Titans,field,normal,0,Gujarat Titans,0,7,J Little,Eden Gardens,NA Patwardhan,GR Sadashiv Iyer,Kolkata Knight Riders,Gujarat Titans,Gujarat Titans,Gujarat Titans,False,False,League,
1359514,2023,Delhi,2023-04-29,Sunrisers Hyderabad,Delhi Capitals,Sunrisers Hyderabad,bat,normal,0,Sunrisers Hyderabad,9,0,MR Marsh,Arun Jaitley Stadium,MA Gough,Navdeep Singh,Sunrisers Hyderabad,Delhi Capitals,Sunrisers Hyderabad,Sunrisers Hyderabad,False,False,League,
1359515,2023,Chennai,2023-04-30,Chennai Super Kings,Punjab Kings,Chennai Super Kings,bat,normal,0,Punjab Kings,0,4,DP Conway,"MA Chidambaram Stadium, Chepauk",RJ Tucker,UV Gandhe,Chennai Super Kings,Punjab Kings,Chennai Super Kings,Punjab Kings,False,False,League,
1359516,2023,Mumbai,2023-04-30,Rajasthan Royals,Mumbai Indians,Rajasthan Royals,bat,normal,0,Mumbai Indians,0,6,YBK Jaiswal,Wankhede Stadium,Vinod Seshan,VK Sharma,Rajasthan Royals,Mumbai Indians,Rajasthan Royals,Mumbai Indians,False,False,League,
1359517,2023,Lucknow,2023-05-01,Royal Challengers Bangalore,Lucknow Super Giants,Royal Challengers Bangalore,bat,normal,0,Royal Challengers Bangalore,18,0,F du Plessis,Ekana Cricket Stadium,AK Chaudhary,GR Sadashiv Iyer,Royal Challengers Bengaluru,Lucknow Super Giants,Royal Challengers Bengaluru,Royal Challengers Bengaluru,False,False,League,
1359518,2023,Ahmedabad,2023-05-02,Delhi Capitals,Gujarat Titans,Delhi Capitals,bat,normal,0,Delhi Capitals,5,0,Mohammed Shami,Narendra Modi Stadium,MA Gough,R Pandit,Delhi Capitals,Gujarat Titans,Delhi Capitals,Delhi Capitals,False,False,League,
1359519,2023,Lucknow,2023-05-03,Lucknow Super Giants,Chennai Super Kings,Chennai Super Kings,field,no result,0,,0,0,,Ekana Cricket Stadium,AK Chaudhary,NA Patwardhan,Lucknow Super Giants,Chennai Super Kings,Chennai Super Kings,,True,False,League,
1359520,2023,Mohali,2023-05-03,Punjab Kings,Mumbai Indians,Mumbai Indians,field,normal,0,Mumbai Indians,0,6,Ishan Kishan,Punjab Cricket Association IS Bindra Stadium,J Madanagopal,RJ Tucker,Punjab Kings,Mumbai Indians,Mumbai Indians,Mumbai Indians,False,False,League,
1359521,2023,Hyderabad,2023-05-04,Kolkata Knight Riders,Sunrisers Hyderabad,Kolkata Knight Riders,bat,normal,0,Kolkata Knight Riders,5,0,CV Varun,"Rajiv Gandhi International Stadium, Uppal",KN Ananthapadmanabhan,MA Gough,Kolkata Knight Riders,Sunrisers Hyderabad,Kolkata Knight Riders,Kolkata Knight Riders,False,False,League,
1359522,2023,Jaipur,2023-05-05,Rajasthan Royals,Gujarat Titans,Rajasthan Royals,bat,normal,0,Gujarat Titans,0,9,Rashid Khan,Sawai Mansingh Stadium,HAS Khalid,VK Sharma,Rajasthan Royals,Gujarat Titans,Rajasthan Royals,Gujarat Titans,False,False,League,
1359523,2023,Chennai,2023-05-06,Mumbai Indians,Chennai Super Kings,Chennai Super Kings,field,normal,0,Chennai Super Kings,0,6,M Pathirana,"MA Chidambaram Stadium, Chepauk",BNJ Oxenford,Navdeep Singh,Mumbai Indians,Chennai Super Kings,Chennai Super Kings,Chennai Super Kings,False,False,League,
1359524,2023,Delhi,2023-05-06,Royal Challengers Bangalore,Delhi Capitals,Royal Challengers Bangalore,bat,normal,0,Delhi Capitals,0,7,PD Salt,Arun Jaitley Stadium,RJ Tucker,YC Barde,Royal Challengers Bengaluru,Delhi Capitals,Royal Challengers Bengaluru,Delhi Capitals,False,False,League,
1359525,2023,Ahmedabad,2023-05-07,Gujarat Titans,Lucknow Super Giants,Lucknow Super Giants,field,normal,0,Gujarat Titans,56,0,Shubman Gill,Narendra Modi Stadium,AK Chaudhary,A Nand Kishore,Gujarat Titans,Lucknow Super Giants,Lucknow Super Giants,Gujarat Titans,False,False,League,
1359526,2023,Jaipur,2023-05-07,Rajasthan Royals,Sunrisers Hyderabad,Rajasthan Royals,bat,normal,0,Sunrisers Hyderabad,0,4,GD Phillips,Sawai Mansingh Stadium,Nitin Menon,Vinod Seshan,Rajasthan Royals,Sunrisers Hyderabad,Rajasthan Royals,Sunrisers Hyderabad,False,False,League,
1359527,2023,Kolkata,2023-05-08,Punjab Kings,Kolkata Knight Riders,Punjab Kings,bat,normal,0,Kolkata Knight Riders,0,5,AD Russell,Eden Gardens,A Totre,J Madanagopal,Punjab Kings,Kolkata Knight Riders,Punjab Kings,Kolkata Knight Riders,False,False,League,
1359528,2023,Mumbai,2023-05-09,Royal Challengers Bangalore,Mumbai Indians,Mumbai Indians,field,normal,0,Mumbai Indians,0,6,SA Yadav,Wankhede Stadium,HAS Khalid,VK Sharma,Royal Challengers Bengaluru,Mumbai Indians,Mumbai Indians,Mumbai Indians,False,False,League,
1359529,2023,Chennai,2023-05-10,Chennai Super Kings,Delhi Capitals,Chennai Super Kings,bat,normal,0,Chennai Super Kings,27,0,RA Jadeja,"MA Chidambaram Stadium, Chepauk",CB Gaffaney,NA Patwardhan,Chennai Super Kings,Delhi Capitals,Chennai Super Kings,Chennai Super Kings,False,False,League,
1359530,2023,Kolkata,2023-05-11,Kolkata Knight Riders,Rajasthan Royals,Rajasthan Royals,field,normal,0,Rajasthan Royals,0,9,YBK Jaiswal,Eden Gardens,RJ Tucker,MV Saidharshan Kumar,Kolkata Knight Riders,Rajasthan Royals,Rajasthan Royals,Rajasthan Royals,False,False,League,
1359531,2023,Mumbai,2023-05-12,Mumbai Indians,Gujarat Titans,Gujarat Titans,field,normal,0,Mumbai Indians,27,0,SA Yadav,Wankhede Stadium,Nitin Menon,Tapan Sharma,Mumbai Indians,Gujarat Titans,Gujarat Titans,Mumbai Indians,False,False,League,
1359532,2023,Hyderabad,2023-05-13,Sunrisers Hyderabad,Lucknow Super Giants,Sunrisers Hyderabad,bat,normal,0,Lucknow Super Giants,0,7,PN Mankad,"Rajiv Gandhi International Stadium, Uppal",A Totre,J Madanagopal,Sunrisers Hyderabad,Lucknow Super Giants,Sunrisers Hyderabad,Lucknow Super Giants,False,False,League,
1359533,2023,Delhi,2023-05-13,Punjab Kings,Delhi Capitals,Delhi Capitals,field,normal,0,Punjab Kings,31,0,P Simran Singh,Arun Jaitley Stadium,CB Gaffaney,NA Patwardhan,Punjab Kings,Delhi Capitals,Delhi Capitals,Punjab Kings,False,False,League,
1359534,2023,Jaipur,2023-05-14,Royal Challengers Bangalore,Rajasthan Royals,Royal Challengers Bangalore,bat,normal,0,Royal Challengers Bangalore,112,0,WD Parnell,Sawai Mansingh Stadium,KN Ananthapadmanabhan,Navdeep Singh,Royal Challengers Bengaluru,Rajasthan Royals,Royal Challengers Bengaluru,Royal Challengers Bengaluru,False,False,League,
1359535,2023,Chennai,2023-05-14,Chennai Super Kings,Kolkata Knight Riders,Chennai Super Kings,bat,normal,0,Kolkata Knight Riders,0,6,RK Singh,"MA Chidambaram Stadium, Chepauk",Tapan Sharma,Vinod Seshan,Chennai Super Kings,Kolkata Knight Riders,Chennai Super Kings,Kolkata Knight Riders,False,False,League,
1359536,2023,Ahmedabad,2023-05-15,Gujarat Titans,Sunrisers Hyderabad,Sunrisers Hyderabad,field,normal,0,Gujarat Titans,34,0,Shubman Gill,Narendra Modi Stadium,J Madanagopal,UV Gandhe,Gujarat Titans,Sunrisers Hyderabad,Sunrisers Hyderabad,Gujarat Titans,False,False,League,
1359537,2023,Lucknow,2023-05-16,Lucknow Super Giants,Mumbai Indians,Mumbai Indians,field,normal,0,Lucknow Super Giants,5,0,MP Stoinis,Ekana Cricket Stadium,AK Chaudhary,A Nand Kishore,Lucknow Super Giants,Mumbai Indians,Mumbai Indians,Lucknow Super Giants,False,False,League,
1359538,2023,Dharamsala,2023-05-17,Delhi Capitals,Punjab Kings,Punjab Kings,field,normal,0,Delhi Capitals,15,0,RR Rossouw,Himachal Pradesh Cricket Association Stadium,KN Ananthapadmanabhan,MV Saidharshan Kumar,Delhi Capitals,Punjab Kings,Punjab Kings,Delhi Capitals,False,False,League,
1359539,2023,Hyderabad,2023-05-18,Sunrisers Hyderabad,Royal Challengers Bangalore,Royal Challengers Bangalore,field,normal,0,Royal Challengers Bangalore,0,8,V Kohli,"Rajiv Gandhi International Stadium, Uppal",BNJ Oxenford,VK Sharma,Sunrisers Hyderabad,Royal Challengers Bengaluru,Royal Challengers Bengaluru,Royal Challengers Bengaluru,False,False,League,
1359540,2023,Dharamsala,2023-05-19,Punjab Kings,Rajasthan Royals,Rajasthan Royals,field,normal,0,Rajasthan Royals,0,4,D Padikkal,Himachal Pradesh Cricket Association Stadium,A Nand Kishore,RJ Tucker,Punjab Kings,Rajasthan Royals,Rajasthan Royals,Rajasthan Royals,False,False,League,
1359541,2023,Delhi,2023-05-20,Chennai Super Kings,Delhi Capitals,Chennai Super Kings,bat,normal,0,Chennai Super Kings,77,0,RD Gaikwad,Arun Jaitley Stadium,CB Gaffaney,NA Patwardhan,Chennai Super Kings,Delhi Capitals,Chennai Super Kings,Chennai Super Kings,False,False,League,
1359542,2023,Kolkata,2023-05-20,Lucknow Super Giants,Kolkata Knight Riders,Kolkata Knight Riders,field,normal,0,Lucknow Super Giants,1,0,N Pooran,Eden Gardens,J Madanagopal,UV Gandhe,Lucknow Super Giants,Kolkata Knight Riders,Kolkata Knight Riders,Lucknow Super Giants,False,False,League,
1359543,2023,Mumbai,2023-05-21,Sunrisers Hyderabad,Mumbai Indians,Mumbai Indians,field,normal,0,Mumbai Indians,0,8,C Green,Wankhede Stadium,KN Ananthapadmanabhan,RJ Tucker,Sunrisers Hyderabad,Mumbai Indians,Mumbai Indians,Mumbai Indians,False,False,League,
1359544,2023,Bengaluru,2023-05-21,Royal Challengers Bangalore,Gujarat Titans,Gujarat Titans,field,normal,0,Gujarat Titans,0,6,Shubman Gill,M Chinnaswamy Stadium,Nitin Menon,VK Sharma,Royal Challengers Bengaluru,Gujarat Titans,Gujarat Titans,Gujarat Titans,False,False,League,
1370350,2023,Chennai,2023-05-23,Chennai Super Kings,Gujarat Titans,Gujarat Titans,field,normal,0,Chennai Super Kings,15,0,RD Gaikwad,"MA Chidambaram Stadium, Chepauk",AK Chaudhary,CB Gaffaney,Chennai Super Kings,Gujarat Titans,Gujarat Titans,Chennai Super Kings,False,False,Playoff,Qualifier 1
1370351,2023,Chennai,2023-05-24,Mumbai Indians,Lucknow Super Giants,Mumbai Indians,bat,normal,0,Mumbai Indians,81,0,Akash Madhwal,"MA Chidambaram Stadium, Chepauk",BNJ Oxenford,VK Sharma,Mumbai Indians,Lucknow Super Giants,Mumbai Indians,Mumbai Indians,False,False,Playoff,Eliminator
1370352,2023,Ahmedabad,2023-05-26,Gujarat Titans,Mumbai Indians,Mumbai Indians,field,normal,0,Gujarat Titans,62,0,Shubman Gill,Narendra Modi Stadium,Nitin Menon,RJ Tucker,Gujarat Titans,Mumbai Indians,Mumbai Indians,Gujarat Titans,False,False,Playoff,Qualifier 2
1370353,2023,Ahmedabad,2023-05-29,Gujarat Titans,Chennai Super Kings,Chennai Super Kings,field,normal,1,Chennai Super Kings,0,5,DP Conway,Narendra Modi Stadium,Nitin Menon,RJ Tucker,Gujarat Titans,Chennai Super Kings,Chennai Super Kings,Chennai Super Kings,False,True,Playoff,Final
1422119,2024,Chennai,2024-03-22,Royal Challengers Bengaluru,Chennai Super Kings,Royal Challengers Bengaluru,bat,normal,0,Chennai Super Kings,0,6,Mustafizur Rahman,"MA Chidambaram Stadium, Chepauk",HAS Khalid,VK Sharma,Royal Challengers Bengaluru,Chennai Super Kings,Royal Challengers Bengaluru,Chennai Super Kings,False,False,League,
1422120,2024,Mullanpur,2024-03-23,Delhi Capitals,Punjab Kings,Punjab Kings,field,normal,0,Punjab Kings,0,4,SM Curran,Maharaja Yadavindra Singh International Cricket Stadium,J Madanagopal,NA Patwardhan,Delhi Capitals,Punjab Kings,Punjab Kings,Punjab Kings,False,False,League,
1422121,2024,Kolkata,2024-03-23,Kolkata Knight Riders,Sunrisers Hyderabad,Sunrisers Hyderabad,field,normal,0,Kolkata Knight Riders,4,0,AD Russell,Eden Gardens,R Pandit,YC Barde,Kolkata Knight Riders,Sunrisers Hyderabad,Sunrisers Hyderabad,Kolkata Knight Riders,False,False,League,
1422122,2024,Jaipur,2024-03-24,Rajasthan Royals,Lucknow Super Giants,Rajasthan Royals,bat,normal,0,Rajasthan Royals,20,0,SV Samson,Sawai Mansingh Stadium,A Totre,HDPK Dharmasena,Rajasthan Royals,Lucknow Super Giants,Rajasthan Royals,Rajasthan Royals,False,False,League,
1422123,2024,Ahmedabad,2024-03-24,Gujarat Titans,Mumbai Indians,Mumbai Indians,field,normal,0,Gujarat Titans,6,0,B Sai Sudharsan,Narendra Modi Stadium,VA Kulkarni,VK Sharma,Gujarat Titans,Mumbai Indians,Mumbai Indians,Gujarat Titans,False,False,League,
1422124,2024,Bengaluru,2024-03-25,Punjab Kings,Royal Challengers Bengaluru,Royal Challengers Bengaluru,field,normal,0,Royal Challengers Bengaluru,0,4,V Kohli,M Chinnaswamy Stadium,AK Chaudhary,MV Saidharshan Kumar,Punjab Kings,Royal Challengers Bengaluru,Royal Challengers Bengaluru,Royal Challengers Bengaluru,False,False,League,
1422125,2024,Chennai,2024-03-26,Chennai Super Kings,Gujarat Titans,Gujarat Titans,field,normal,0,Chennai Super Kings,63,0,S Dube,"MA Chidambaram Stadium, Chepauk",AG Wharf,Tapan Sharma,Chennai Super Kings,Gujarat Titans,Gujarat Titans,Chennai Super Kings,False,False,League,
1422126,2024,Hyderabad,2024-03-27,Sunrisers Hyderabad,Mumbai Indians,Mumbai Indians,field,normal,0,Sunrisers Hyderabad,31,0,Abhishek Sharma,"Rajiv Gandhi International Stadium, Uppal",KN Ananthapadmanabhan,UV Gandhe,Sunrisers Hyderabad,Mumbai Indians,Mumbai Indians,Sunrisers Hyderabad,False,False,League,
1422127,2024,Jaipur,2024-03-28,Rajasthan Royals,Delhi Capitals,Delhi Capitals,field,normal,0,Rajasthan Royals,12,0,R Parag,Sawai Mansingh Stadium,A Nand Kishore,Nitin Menon,Rajasthan Royals,Delhi Capitals,Delhi Capitals,Rajasthan Royals,False,False,League,
1422128,2024,Bengaluru,2024-03-29,Royal Challengers Bengaluru,Kolkata Knight Riders,Kolkata Knight Riders,field,normal,0,Kolkata Knight Riders,0,7,SP Narine,M Chinnaswamy Stadium,AK Chaudhary,R Pandit,Royal Challengers Bengaluru,Kolkata Knight Riders,Kolkata Knight Riders,Kolkata Knight Riders,False,False,League,
1422129,2024,Lucknow,2024-03-30,Lucknow Super Giants,Punjab Kings,Lucknow Super Giants,bat,normal,0,Lucknow Super Giants,21,0,MP Yadav,Ekana Cricket Stadium,J Madanagopal,Navdeep Singh,Lucknow Super Giants,Punjab Kings,Lucknow Super Giants,Lucknow Super Giants,False,False,League,
1422130,2024,Ahmedabad,2024-03-31,Sunrisers Hyderabad,Gujarat Titans,Sunrisers Hyderabad,bat,normal,0,Gujarat Titans,0,7,MM Sharma,Narendra Modi Stadium,HAS Khalid,VK Sharma,Sunrisers Hyderabad,Gujarat Titans,Sunrisers Hyderabad,Gujarat Titans,False,False,League,
1422131,2024,Visakhapatnam,2024-03-31,Delhi Capitals,Chennai Super Kings,Delhi Capitals,bat,normal,0,Delhi Capitals,20,0,KK Ahmed,Dr. Y.S. Rajasekhara Reddy ACA-VDCA Cricket Stadium,HDPK Dharmasena,Vinod Seshan,Delhi Capitals,Chennai Super Kings,Delhi Capitals,Delhi Capitals,False,False,League,
1422132,2024,Mumbai,2024-04-01,Mumbai Indians,Rajasthan Royals,Rajasthan Royals,field,normal,0,Rajasthan Royals,0,6,TA Boult,Wankhede Stadium,MV Saidharshan Kumar,YC Barde,Mumbai Indians,Rajasthan Royals,Rajasthan Royals,Rajasthan Royals,False,False,League,
1422133,2024,Bengaluru,2024-04-02,Lucknow Super Giants,Royal Challengers Bengaluru,Royal Challengers Bengaluru,field,normal,0,Lucknow Super Giants,28,0,MP Yadav,M Chinnaswamy Stadium,J Madanagopal,NA Patwardhan,Lucknow Super Giants,Royal Challengers Bengaluru,Royal Challengers Bengaluru,Lucknow Super Giants,False,False,League,
1422134,2024,Visakhapatnam,2024-04-03,Kolkata Knight Riders,Delhi Capitals,Kolkata Knight Riders,bat,normal,0,Kolkata Knight Riders,106,0,SP Narine,Dr. Y.S. Rajasekhara Reddy ACA-VDCA Cricket Stadium,A Totre,UV Gandhe,Kolkata Knight Riders,Delhi Capitals,Kolkata Knight Riders,Kolkata Knight Riders,False,False,League,
1422135,2024,Ahmedabad,2024-04-04,Gujarat Titans,Punjab Kings,Punjab Kings,field,normal,0,Punjab Kings,0,3,Shashank Singh,Narendra Modi Stadium,Nitin Menon,VA Kulkarni,Gujarat Titans,Punjab Kings,Punjab Kings,Punjab Kings,False,False,League,
1422136,2024,Hyderabad,2024-04-05,Chennai Super Kings,Sunrisers Hyderabad,Sunrisers Hyderabad,field,normal,0,Sunrisers Hyderabad,0,6,Abhishek Sharma,"Rajiv Gandhi International Stadium, Uppal",R Pandit,YC Barde,Chennai Super Kings,Sunrisers Hyderabad,Sunrisers Hyderabad,Sunrisers Hyderabad,False,False,League,
1422137,2024,Jaipur,2024-04-06,Royal Challengers Bengaluru,Rajasthan Royals,Rajasthan Royals,field,normal,0,Rajasthan Royals,0,6,JC Buttler,Sawai Mansingh Stadium,AG Wharf,Tapan Sharma,Royal Challengers Bengaluru,Rajasthan Royals,Rajasthan Royals,Rajasthan Royals,False,False,League,
1422138,2024,Mumbai,2024-04-07,Mumbai Indians,Delhi Capitals,Delhi Capitals,field,normal,0,Mumbai Indians,29,0,R Shepherd,Wankhede Stadium,HDPK Dharmasena,UV Gandhe,Mumbai Indians,Delhi Capitals,Delhi Capitals,Mumbai Indians,False,False,League,
1422139,2024,Lucknow,2024-04-07,Lucknow Super Giants,Gujarat Titans,Lucknow Super Giants,bat,normal,0,Lucknow Super Giants,33,0,Yash Thakur,Ekana Cricket Stadium,A Nand Kishore,VK Sharma,Lucknow Super Giants,Gujarat Titans,Lucknow Super Giants,Lucknow Super Giants,False,False,League,
1426260,2024,Chennai,2024-04-08,Kolkata Knight Riders,Chennai Super Kings,Chennai Super Kings,field,normal,0,Chennai Super Kings,0,7,RA Jadeja,"MA Chidambaram Stadium, Chepauk",AK Chaudhary,MV Saidharshan Kumar,Kolkata Knight Riders,Chennai Super Kings,Chennai Super Kings,Chennai Super Kings,False,False,League,
1426261,2024,Mullanpur,2024-04-09,Sunrisers Hyderabad,Punjab Kings,Punjab Kings,field,normal,0,Sunrisers Hyderabad,2,0,Nithish Kumar Reddy,Maharaja Yadavindra Singh International Cricket Stadium,Navdeep Singh,NA Patwardhan,Sunrisers Hyderabad,Punjab Kings,Punjab Kings,Sunrisers Hyderabad,False,False,League,
1426262,2024,Jaipur,2024-04-10,Rajasthan Royals,Gujarat Titans,Gujarat Titans,field,normal,0,Gujarat Titans,0,3,Rashid Khan,Sawai Mansingh Stadium,HDPK Dharmasena,Vinod Seshan,Rajasthan Royals,Gujarat Titans,Gujarat Titans,Gujarat Titans,False,False,League,
1426263,2024,Mumbai,2024-04-11,Royal Challengers Bengaluru,Mumbai Indians,Mumbai Indians,field,normal,0,Mumbai Indians,0,7,JJ Bumrah,Wankhede Stadium,Nitin Menon,VA Kulkarni,Royal Challengers Bengaluru,Mumbai Indians,Mumbai Indians,Mumbai Indians,False,False,League,
1426264,2024,Lucknow,2024-04-12,Lucknow Super Giants,Delhi Capitals,Lucknow Super Giants,bat,normal,0,Delhi Capitals,0,6,Kuldeep Yadav,Ekana Cricket Stadium,R Pandit,YC Barde,Lucknow Super Giants,Delhi Capitals,Lucknow Super Giants,Delhi Capitals,False,False,League,
1426265,2024,Mullanpur,2024-04-13,Punjab Kings,Rajasthan Royals,Rajasthan Royals,field,normal,0,Rajasthan Royals,0,3,SO Hetmyer,Maharaja Yadavindra Singh International Cricket Stadium,AK Chaudhary,Tapan Sharma,Punjab Kings,Rajasthan Royals,Rajasthan Royals,Rajasthan Royals,False,False,League,
1426266,2024,Kolkata,2024-04-14,Lucknow Super Giants,Kolkata Knight Riders,Kolkata Knight Riders,field,normal,0,Kolkata Knight Riders,0,8,PD Salt,Eden Gardens,A Totre,Vinod Seshan,Lucknow Super Giants,Kolkata Knight Riders,Kolkata Knight Riders,Kolkata Knight Riders,False,False,League,
1426267,2024,Mumbai,2024-04-14,Chennai Super Kings,Mumbai Indians,Mumbai Indians,field,normal,0,Chennai Super Kings,20,0,M Pathirana,Wankhede Stadium,Nitin Menon,HAS Khalid,Chennai Super Kings,Mumbai Indians,Mumbai Indians,Chennai Super Kings,False,False,League,
1426268,2024,Bengaluru,2024-04-15,Sunrisers Hyderabad,Royal Challengers Bengaluru,Royal Challengers Bengaluru,field,normal,0,Sunrisers Hyderabad,25,0,TM Head,M Chinnaswamy Stadium,AK Chaudhary,R Pandit,Sunrisers Hyderabad,Royal Challengers Bengaluru,Royal Challengers Bengaluru,Sunrisers Hyderabad,False,False,League,
1426269,2024,Kolkata,2024-04-16,Kolkata Knight Riders,Rajasthan Royals,Rajasthan Royals,field,normal,0,Rajasthan Royals,0,2,JC Buttler,Eden Gardens,MA Gough,UV Gandhe,Kolkata Knight Riders,Rajasthan Royals,Rajasthan Royals,Rajasthan Royals,False,False,League,
1426270,2024,Ahmedabad,2024-04-17,Gujarat Titans,Delhi Capitals,Delhi Capitals,field,normal,0,Delhi Capitals,0,6,RR Pant,Narendra Modi Stadium,NA Patwardhan,VK Sharma,Gujarat Titans,Delhi Capitals,Delhi Capitals,Delhi Capitals,False,False,League,
1426271,2024,Mullanpur,2024-04-18,Mumbai Indians,Punjab Kings,Punjab Kings,field,normal,0,Mumbai Indians,9,0,JJ Bumrah,Maharaja Yadavindra Singh International Cricket Stadium,A Nand Kishore,VA Kulkarni,Mumbai Indians,Punjab Kings,Punjab Kings,Mumbai Indians,False,False,League,
1426272,2024,Lucknow,2024-04-19,Chennai Super Kings,Lucknow Super Giants,Lucknow Super Giants,field,normal,0,Lucknow Super Giants,0,8,KL Rahul,Ekana Cricket Stadium,AK Chaudhary,R Pandit,Chennai Super Kings,Lucknow Super Giants,Lucknow Super Giants,Lucknow Super Giants,False,False,League,
1426273,2024,Delhi,2024-04-20,Sunrisers Hyderabad,Delhi Capitals,Delhi Capitals,field,normal,0,Sunrisers Hyderabad,67,0,TM Head,Arun Jaitley Stadium,J Madanagopal,Navdeep Singh,Sunrisers Hyderabad,Delhi Capitals,Delhi Capitals,Sunrisers Hyderabad,False,False,League,
1426274,2024,Kolkata,2024-04-21,Kolkata Knight Riders,Royal Challengers Bengaluru,Royal Challengers Bengaluru,field,normal,0,Kolkata Knight Riders,1,0,AD Russell,Eden Gardens,A Totre,Vinod Seshan,Kolkata Knight Riders,Royal Challengers Bengaluru,Royal Challengers Bengaluru,Kolkata Knight Riders,False,False,League,
1426275,2024,Mullanpur,2024-04-21,Punjab Kings,Gujarat Titans,Punjab Kings,bat,normal,0,Gujarat Titans,0,3,R Sai Kishore,Maharaja Yadavindra Singh International Cricket Stadium,A Nand Kishore,VA Kulkarni,Punjab Kings,Gujarat Titans,Punjab Kings,Gujarat Titans,False,False,League,
1426276,2024,Jaipur,2024-04-22,Mumbai Indians,Rajasthan Royals,Mumbai Indians,bat,normal,0,Rajasthan Royals,0,9,Sandeep Sharma,Sawai Mansingh Stadium,AK Chaudhary,MV Saidharshan Kumar,Mumbai Indians,Rajasthan Royals,Mumbai Indians,Rajasthan Royals,False,False,League,
1426277,2024,Chennai,2024-04-23,Chennai Super Kings,Lucknow Super Giants,Lucknow Super Giants,field,normal,0,Lucknow Super Giants,0,6,MP Stoinis,"MA Chidambaram Stadium, Chepauk",NA Patwardhan,Tapan Sharma,Chennai Super Kings,Lucknow Super Giants,Lucknow Super Giants,Lucknow Super Giants,False,False,League,
1426278,2024,Delhi,2024-04-24,Delhi Capitals,Gujarat Titans,Gujarat Titans,field,normal,0,Delhi Capitals,4,0,RR Pant,Arun Jaitley Stadium,KN Ananthapadmanabhan,UV Gandhe,Delhi Capitals,Gujarat Titans,Gujarat Titans,Delhi Capitals,False,False,League,
1426279,2024,Hyderabad,2024-04-25,Royal Challengers Bengaluru,Sunrisers Hyderabad,Royal Challengers Bengaluru,bat,normal,0,Royal Challengers Bengaluru,35,0,RM Patidar,"Rajiv Gandhi International Stadium, Uppal",Nitin Menon,HAS Khalid,Royal Challengers Bengaluru,Sunrisers Hyderabad,Royal Challengers Bengaluru,Royal Challengers Bengaluru,False,False,League,
1426280,2024,Kolkata,2024-04-26,Kolkata Knight Riders,Punjab Kings,Punjab Kings,field,normal,0,Punjab Kings,0,8,JM Bairstow,Eden Gardens,AK Chaudhary,YC Barde,Kolkata Knight Riders,Punjab Kings,Punjab Kings,Punjab Kings,False,False,League,
1426281,2024,Delhi,2024-04-27,Delhi Capitals,Mumbai Indians,Mumbai Indians,field,normal,0,Delhi Capitals,10,0,J Fraser-McGurk,Arun Jaitley Stadium,Navdeep Singh,NA Patwardhan,Delhi Capitals,Mumbai Indians,Mumbai Indians,Delhi Capitals,False,False,League,
1426282,2024,Lucknow,2024-04-27,Lucknow Super Giants,Rajasthan Royals,Rajasthan Royals,field,normal,0,Rajasthan Royals,0,7,SV Samson,Ekana Cricket Stadium,KN Ananthapadmanabhan,MA Gough,Lucknow Super Giants,Rajasthan Royals,Rajasthan Royals,Rajasthan Royals,False,False,League,
1426283,2024,Ahmedabad,2024-04-28,Gujarat Titans,Royal Challengers Bengaluru,Royal Challengers Bengaluru,field,normal,0,Royal Challengers Bengaluru,0,9,WG Jacks,Narendra Modi Stadium,Nitin Menon,VK Sharma,Gujarat Titans,Royal Challengers Bengaluru,Royal Challengers Bengaluru,Royal Challengers Bengaluru,False,False,League,
1426284,2024,Chennai,2024-04-28,Chennai Super Kings,Sunrisers Hyderabad,Sunrisers Hyderabad,field,normal,0,Chennai Super Kings,78,0,RD Gaikwad,"MA Chidambaram Stadium, Chepauk",R Pandit,MV Saidharshan Kumar,Chennai Super Kings,Sunrisers Hyderabad,Sunrisers Hyderabad,Chennai Super Kings,False,False,League,
1426285,2024,Kolkata,2024-04-29,Delhi Capitals,Kolkata Knight Riders,Delhi Capitals,bat,normal,0,Kolkata Knight Riders,0,7,CV Varun,Eden Gardens,Navdeep Singh,Tapan Sharma,Delhi Capitals,Kolkata Knight Riders,Delhi Capitals,Kolkata Knight Riders,False,False,League,
1426286,2024,Lucknow,2024-04-30,Mumbai Indians,Lucknow Super Giants,Lucknow Super Giants,field,normal,0,Lucknow Super Giants,0,4,MP Stoinis,Ekana Cricket Stadium,MA Gough,UV Gandhe,Mumbai Indians,Lucknow Super Giants,Lucknow Super Giants,Lucknow Super Giants,False,False,League,
1426287,2024,Chennai,2024-05-01,Chennai Super Kings,Punjab Kings,Punjab Kings,field,normal,0,Punjab Kings,0,7,Harpreet Brar,"MA Chidambaram Stadium, Chepauk",HAS Khalid,VK Sharma,Chennai Super Kings,Punjab Kings,Punjab Kings,Punjab Kings,False,False,League,
1426288,2024,Hyderabad,2024-05-02,Sunrisers Hyderabad,Rajasthan Royals,Sunrisers Hyderabad,bat,normal,0,Sunrisers Hyderabad,1,0,B Kumar,"Rajiv Gandhi International Stadium, Uppal",AK Chaudhary,YC Barde,Sunrisers Hyderabad,Rajasthan Royals,Sunrisers Hyderabad,Sunrisers Hyderabad,False,False,League,
1426289,2024,Mumbai,2024-05-03,Kolkata Knight Riders,Mumbai Indians,Mumbai Indians,field,normal,0,Kolkata Knight Riders,24,0,VR Iyer,Wankhede Stadium,J Madanagopal,Tapan Sharma,Kolkata Knight Riders,Mumbai Indians,Mumbai Indians,Kolkata Knight Riders,False,False,League,
1426290,2024,Bengaluru,2024-05-04,Gujarat Titans,Royal Challengers Bengaluru,Royal Challengers Bengaluru,field,normal,0,Royal Challengers Bengaluru,0,4,Mohammed Siraj,M Chinnaswamy Stadium,A Totre,Vinod Seshan,Gujarat Titans,Royal Challengers Bengaluru,Royal Challengers Bengaluru,Royal Challengers Bengaluru,False,False,League,
1426291,2024,Dharamsala,2024-05-05,Chennai Super Kings,Punjab Kings,Punjab Kings,field,normal,0,Chennai Super Kings,28,0,RA Jadeja,Himachal Pradesh Cricket Association Stadium,A Nand Kishore,VA Kulkarni,Chennai Super Kings,Punjab Kings,Punjab Kings,Chennai Super Kings,False,False,League,
1426292,2024,Lucknow,2024-05-05,Kolkata Knight Riders,Lucknow Super Giants,Lucknow Super Giants,field,normal,0,Kolkata Knight Riders,98,0,SP Narine,Ekana Cricket Stadium,MV Saidharshan Kumar,YC Barde,Kolkata Knight Riders,Lucknow Super Giants,Lucknow Super Giants,Kolkata Knight Riders,False,False,League,
1426293,2024,Mumbai,2024-05-06,Sunrisers Hyderabad,Mumbai Indians,Mumbai Indians,field,normal,0,Mumbai Indians,0,7,SA Yadav,Wankhede Stadium,Navdeep Singh,Tapan Sharma,Sunrisers Hyderabad,Mumbai Indians,Mumbai Indians,Mumbai Indians,False,False,League,
1426294,2024,Delhi,2024-05-07,Delhi Capitals,Rajasthan Royals,Rajasthan Royals,field,normal,0,Delhi Capitals,20,0,Kuldeep Yadav,Arun Jaitley Stadium,KN Ananthapadmanabhan,UV Gandhe,Delhi Capitals,Rajasthan Royals,Rajasthan Royals,Delhi Capitals,False,False,League,
1426295,2024,Hyderabad,2024-05-08,Lucknow Super Giants,Sunrisers Hyderabad,Lucknow Super Giants,bat,normal,0,Sunrisers Hyderabad,0,10,TM Head,"Rajiv Gandhi International Stadium, Uppal",MV Saidharshan Kumar,YC Barde,Lucknow Super Giants,Sunrisers Hyderabad,Lucknow Super Giants,Sunrisers Hyderabad,False,False,League,
1426296,2024,Dharamsala,2024-05-09,Royal Challengers Bengaluru,Punjab Kings,Punjab Kings,field,normal,0,Royal Challengers Bengaluru,60,0,V Kohli,Himachal Pradesh Cricket Association Stadium,Nitin Menon,HAS Khalid,Royal Challengers Bengaluru,Punjab Kings,Punjab Kings,Royal Challengers Bengaluru,False,False,League,
1426297,2024,Ahmedabad,2024-05-10,Gujarat Titans,Chennai Super Kings,Chennai Super Kings,field,normal,0,Gujarat Titans,35,0,Shubman Gill,Narendra Modi Stadium,KN Ananthapadmanabhan,NA Patwardhan,Gujarat Titans,Chennai Super Kings,Chennai Super Kings,Gujarat Titans,False,False,League,
1426298,2024,Kolkata,2024-05-11,Kolkata Knight Riders,Mumbai Indians,Mumbai Indians,field,normal,0,Kolkata Knight Riders,18,0,CV Varun,Eden Gardens,UV Gandhe,Vinod Seshan,Kolkata Knight Riders,Mumbai Indians,Mumbai Indians,Kolkata Knight Riders,False,False,League,
1426299,2024,Chennai,2024-05-12,Rajasthan Royals,Chennai Super Kings,Rajasthan Royals,bat,normal,0,Chennai Super Kings,0,5,Simarjeet Singh,"MA Chidambaram Stadium, Chepauk",R Pandit,YC Barde,Rajasthan Royals,Chennai Super Kings,Rajasthan Royals,Chennai Super Kings,False,False,League,
1426300,2024,Bengaluru,2024-05-12,Royal Challengers Bengaluru,Delhi Capitals,Delhi Capitals,field,normal,0,Royal Challengers Bengaluru,47,0,C Green,M Chinnaswamy Stadium,A Nand Kishore,VA Kulkarni,Royal Challengers Bengaluru,Delhi Capitals,Delhi Capitals,Royal Challengers Bengaluru,False,False,League,
1426302,2024,Delhi,2024-05-14,Delhi Capitals,Lucknow Super Giants,Lucknow Super Giants,field,normal,0,Delhi Capitals,19,0,I Sharma,Arun Jaitley Stadium,A Totre,Vinod Seshan,Delhi Capitals,Lucknow Super Giants,Lucknow Super Giants,Delhi Capitals,False,False,League,
1426303,2024,Guwahati,2024-05-15,Rajasthan Royals,Punjab Kings,Rajasthan Royals,bat,normal,0,Punjab Kings,0,5,SM Curran,Barsapara Cricket Stadium,R Pandit,MV Saidharshan Kumar,Rajasthan Royals,Punjab Kings,Rajasthan Royals,Punjab Kings,False,False,League,
1426305,2024,Mumbai,2024-05-17,Lucknow Super Giants,Mumbai Indians,Mumbai Indians,field,normal,0,Lucknow Super Giants,18,0,N Pooran,Wankhede Stadium,Navdeep Singh,R Pandit,Lucknow Super Giants,Mumbai Indians,Mumbai Indians,Lucknow Super Giants,False,False,League,
1426306,2024,Bengaluru,2024-05-18,Royal Challengers Bengaluru,Chennai Super Kings,Chennai Super Kings,field,normal,0,Royal Challengers Bengaluru,27,0,F du Plessis,M Chinnaswamy Stadium,A Totre,KN Ananthapadmanabhan,Royal Challengers Bengaluru,Chennai Super Kings,Chennai Super Kings,Royal Challengers Bengaluru,False,False,League,
1426307,2024,Hyderabad,2024-05-19,Punjab Kings,Sunrisers Hyderabad,Punjab Kings,bat,normal,0,Sunrisers Hyderabad,0,4,Abhishek Sharma,"Rajiv Gandhi International Stadium, Uppal",Nitin Menon,VK Sharma,Punjab Kings,Sunrisers Hyderabad,Punjab Kings,Sunrisers Hyderabad,False,False,League,
1426309,2024,Ahmedabad,2024-05-21,Sunrisers Hyderabad,Kolkata Knight Riders,Sunrisers Hyderabad,bat,normal,0,Kolkata Knight Riders,0,8,MA Starc,Narendra Modi Stadium,AK Chaudhary,R Pandit,Sunrisers Hyderabad,Kolkata Knight Riders,Sunrisers Hyderabad,Kolkata Knight Riders,False,False,Playoff,Qualifier 1
1426310,2024,Ahmedabad,2024-05-22,Royal Challengers Bengaluru,Rajasthan Royals,Rajasthan Royals,field,normal,0,Rajasthan Royals,0,4,R Ashwin,Narendra Modi Stadium,KN Ananthapadmanabhan,MV Saidharshan Kumar,Royal Challengers Bengaluru,Rajasthan Royals,Rajasthan Royals,Rajasthan Royals,False,False,Playoff,Eliminator
1426311,2024,Chennai,2024-05-24,Sunrisers Hyderabad,Rajasthan Royals,Rajasthan Royals,field,normal,0,Sunrisers Hyderabad,36,0,Shahbaz Ahmed,"MA Chidambaram Stadium, Chepauk",Nitin Menon,VK Sharma,Sunrisers Hyderabad,Rajasthan Royals,Rajasthan Royals,Sunrisers Hyderabad,False,False,Playoff,Qualifier 2
1426312,2024,Chennai,2024-05-26,Sunrisers Hyderabad,Kolkata Knight Riders,Sunrisers Hyderabad,bat,normal,0,Kolkata Knight Riders,0,8,MA Starc,"MA Chidambaram Stadium, Chepauk",J Madanagopal,Nitin Menon,Sunrisers Hyderabad,Kolkata Knight Riders,Sunrisers Hyderabad,Kolkata Knight Riders,False,False,Playoff,Final
1473438,2025,Kolkata,2025-03-22,Kolkata Knight Riders,Royal Challengers Bengaluru,Royal Challengers Bengaluru,field,normal,0,Royal Challengers Bengaluru,0,7,KH Pandya,Eden Gardens,A Bengeri,Vinod Seshan,Kolkata Knight Riders,Royal Challengers Bengaluru,Royal Challengers Bengaluru,Royal Challengers Bengaluru,False,False,League,
1473439,2025,Hyderabad,2025-03-23,Sunrisers Hyderabad,Rajasthan Royals,Rajasthan Royals,field,normal,0,Sunrisers Hyderabad,44,0,Ishan Kishan,"Rajiv Gandhi International Stadium, Uppal",AT Holdstock,A Totre,Sunrisers Hyderabad,Rajasthan Royals,Rajasthan Royals,Sunrisers Hyderabad,False,False,League,
1473440,2025,Chennai,2025-03-23,Mumbai Indians,Chennai Super Kings,Chennai Super Kings,field,normal,0,Chennai Super Kings,0,4,Noor Ahmad,"MA Chidambaram Stadium, Chepauk",KN Ananthapadmanabhan,HAS Khalid,Mumbai Indians,Chennai Super Kings,Chennai Super Kings,Chennai Super Kings,False,False,League,
1473441,2025,Visakhapatnam,2025-03-24,Lucknow Super Giants,Delhi Capitals,Delhi Capitals,field,normal,0,Delhi Capitals,0,1,Ashutosh Sharma,Dr. Y.S. Rajasekhara Reddy ACA-VDCA Cricket Stadium,Abhijit Bhattacharya,UV Gandhe,Lucknow Super Giants,Delhi Capitals,Delhi Capitals,Delhi Capitals,False,False,League,
1473442,2025,Ahmedabad,2025-03-25,Punjab Kings,Gujarat Titans,Gujarat Titans,field,normal,0,Punjab Kings,11,0,SS Iyer,Narendra Modi Stadium,A Bengeri,Vinod Seshan,Punjab Kings,Gujarat Titans,Gujarat Titans,Punjab Kings,False,False,League,
1473443,2025,Guwahati,2025-03-26,Rajasthan Royals,Kolkata Knight Riders,Kolkata Knight Riders,field,normal,0,Kolkata Knight Riders,0,8,Q de Kock,Barsapara Cricket Stadium,A Totre,R Pandit,Rajasthan Royals,Kolkata Knight Riders,Kolkata Knight Riders,Kolkata Knight Riders,False,False,League,
1473444,2025,Hyderabad,2025-03-27,Sunrisers Hyderabad,Lucknow Super Giants,Lucknow Super Giants,field,normal,0,Lucknow Super Giants,0,5,SN Thakur,"Rajiv Gandhi International Stadium, Uppal",Abhijit Bhattacharya,UV Gandhe,Sunrisers Hyderabad,Lucknow Super Giants,Lucknow Super Giants,Lucknow Super Giants,False,False,League,
1473445,2025,Chennai,2025-03-28,Royal Challengers Bengaluru,Chennai Super Kings,Chennai Super Kings,field,normal,0,Royal Challengers Bengaluru,50,0,RM Patidar,"MA Chidambaram Stadium, Chepauk",Nitin Menon,HAS Khalid,Royal Challengers Bengaluru,Chennai Super Kings,Chennai Super Kings,Royal Challengers Bengaluru,False,False,League,
1473446,2025,Ahmedabad,2025-03-29,Gujarat Titans,Mumbai Indians,Mumbai Indians,field,normal,0,Gujarat Titans,36,0,M Prasidh Krishna,Narendra Modi Stadium,A Bengeri,Vinod Seshan,Gujarat Titans,Mumbai Indians,Mumbai Indians,Gujarat Titans,False,False,League,
1473447,2025,Visakhapatnam,2025-03-30,Sunrisers Hyderabad,Delhi Capitals,Sunrisers Hyderabad,bat,normal,0,Delhi Capitals,0,7,MA Starc,Dr. Y.S. Rajasekhara Reddy ACA-VDCA Cricket Stadium,Abhijit Bhattacharya,UV Gandhe,Sunrisers Hyderabad,Delhi Capitals,Sunrisers Hyderabad,Delhi Capitals,False,False,League,
1473448,2025,Guwahati,2025-03-30,Rajasthan Royals,Chennai Super Kings,Chennai Super Kings,field,normal,0,Rajasthan Royals,6,0,N Rana,Barsapara Cricket Stadium,AT Holdstock,A Totre,Rajasthan Royals,Chennai Super Kings,Chennai Super Kings,Rajasthan Royals,False,False,League,
1473449,2025,Mumbai,2025-03-31,Kolkata Knight Riders,Mumbai Indians,Mumbai Indians,field,normal,0,Mumbai Indians,0,8,Ashwani Kumar,Wankhede Stadium,MV Saidharshan Kumar,HAS Khalid,Kolkata Knight Riders,Mumbai Indians,Mumbai Indians,Mumbai Indians,False,False,League,
1473450,2025,Lucknow,2025-04-01,Lucknow Super Giants,Punjab Kings,Punjab Kings,field,normal,0,Punjab Kings,0,8,P Simran Singh,Ekana Cricket Stadium,A Bengeri,Vinod Seshan,Lucknow Super Giants,Punjab Kings,Punjab Kings,Punjab Kings,False,False,League,
1473451,2025,Bengaluru,2025-04-02,Royal Challengers Bengaluru,Gujarat Titans,Gujarat Titans,field,normal,0,Gujarat Titans,0,8,Mohammed Siraj,M Chinnaswamy Stadium,Abhijit Bhattacharya,UV Gandhe,Royal Challengers Bengaluru,Gujarat Titans,Gujarat Titans,Gujarat Titans,False,False,League,
1473452,2025,Kolkata,2025-04-03,Kolkata Knight Riders,Sunrisers Hyderabad,Sunrisers Hyderabad,field,normal,0,Kolkata Knight Riders,80,0,VG Arora,Eden Gardens,AT Holdstock,A Totre,Kolkata Knight Riders,Sunrisers Hyderabad,Sunrisers Hyderabad,Kolkata Knight Riders,False,False,League,
1473453,2025,Lucknow,2025-04-04,Lucknow Super Giants,Mumbai Indians,Mumbai Indians,field,normal,0,Lucknow Super Giants,12,0,DS Rathi,Ekana Cricket Stadium,Nitin Menon,MV Saidharshan Kumar,Lucknow Super Giants,Mumbai Indians,Mumbai Indians,Lucknow Super Giants,False,False,League,
1473454,2025,Chennai,2025-04-05,Delhi Capitals,Chennai Super Kings,Delhi Capitals,bat,normal,0,Delhi Capitals,25,0,KL Rahul,"MA Chidambaram Stadium, Chepauk",A Bengeri,P Joshi,Delhi Capitals,Chennai Super Kings,Delhi Capitals,Delhi Capitals,False,False,League,
1473455,2025,Mullanpur,2025-04-05,Rajasthan Royals,Punjab Kings,Punjab Kings,field,normal,0,Rajasthan Royals,50,0,JC Archer,Maharaja Yadavindra Singh International Cricket Stadium,K Swaroopanand,UV Gandhe,Rajasthan Royals,Punjab Kings,Punjab Kings,Rajasthan Royals,False,False,League,
1473457,2025,Hyderabad,2025-04-06,Sunrisers Hyderabad,Gujarat Titans,Gujarat Titans,field,normal,0,Gujarat Titans,0,7,Mohammed Siraj,"Rajiv Gandhi International Stadium, Uppal",KN Ananthapadmanabhan,MV Saidharshan Kumar,Sunrisers Hyderabad,Gujarat Titans,Gujarat Titans,Gujarat Titans,False,False,League,
1473458,2025,Mumbai,2025-04-07,Royal Challengers Bengaluru,Mumbai Indians,Mumbai Indians,field,normal,0,Royal Challengers Bengaluru,12,0,RM Patidar,Wankhede Stadium,P Joshi,Vinod Seshan,Royal Challengers Bengaluru,Mumbai Indians,Mumbai Indians,Royal Challengers Bengaluru,False,False,League,
1473456,2025,Kolkata,2025-04-08,Lucknow Super Giants,Kolkata Knight Riders,Kolkata Knight Riders,field,normal,0,Lucknow Super Giants,4,0,N Pooran,Eden Gardens,AT Holdstock,A Totre,Lucknow Super Giants,Kolkata Knight Riders,Kolkata Knight Riders,Lucknow Super Giants,False,False,League,
1473459,2025,Mullanpur,2025-04-08,Punjab Kings,Chennai Super Kings,Punjab Kings,bat,normal,0,Punjab Kings,18,0,Priyansh Arya,Maharaja Yadavindra Singh International Cricket Stadium,Abhijit Bhattacharya,UV Gandhe,Punjab Kings,Chennai Super Kings,Punjab Kings,Punjab Kings,False,False,League,
1473460,2025,Ahmedabad,2025-04-09,Gujarat Titans,Rajasthan Royals,Rajasthan Royals,field,normal,0,Gujarat Titans,58,0,B Sai Sudharsan,Narendra Modi Stadium,A Totre,R Pandit,Gujarat Titans,Rajasthan Royals,Rajasthan Royals,Gujarat Titans,False,False,League,
1473461,2025,Bengaluru,2025-04-10,Royal Challengers Bengaluru,Delhi Capitals,Delhi Capitals,field,normal,0,Delhi Capitals,0,6,KL Rahul,M Chinnaswamy Stadium,KN Ananthapadmanabhan,MV Saidharshan Kumar,Royal Challengers Bengaluru,Delhi Capitals,Delhi Capitals,Delhi Capitals,False,False,League,
1473462,2025,Chennai,2025-04-11,Chennai Super Kings,Kolkata Knight Riders,Kolkata Knight Riders,field,normal,0,Kolkata Knight Riders,0,8,SP Narine,"MA Chidambaram Stadium, Chepauk",CB Gaffaney,P Joshi,Chennai Super Kings,Kolkata Knight Riders,Kolkata Knight Riders,Kolkata Knight Riders,False,False,League,
1473463,2025,Lucknow,2025-04-12,Gujarat Titans,Lucknow Super Giants,Lucknow Super Giants,field,normal,0,Lucknow Super Giants,0,6,AK Markram,Ekana Cricket Stadium,K Swaroopanand,UV Gandhe,Gujarat Titans,Lucknow Super Giants,Lucknow Super Giants,Lucknow Super Giants,False,False,League,
1473464,2025,Hyderabad,2025-04-12,Punjab Kings,Sunrisers Hyderabad,Punjab Kings,bat,normal,0,Sunrisers Hyderabad,0,8,Abhishek Sharma,"Rajiv Gandhi International Stadium, Uppal",A Totre,K Kelkar,Punjab Kings,Sunrisers Hyderabad,Punjab Kings,Sunrisers Hyderabad,False,False,League,
1473465,2025,Jaipur,2025-04-13,Rajasthan Royals,Royal Challengers Bengaluru,Royal Challengers Bengaluru,field,normal,0,Royal Challengers Bengaluru,0,9,PD Salt,Sawai Mansingh Stadium,Nitin Menon,MV Saidharshan Kumar,Rajasthan Royals,Royal Challengers Bengaluru,Royal Challengers Bengaluru,Royal Challengers Bengaluru,False,False,League,
1473466,2025,Delhi,2025-04-13,Mumbai Indians,Delhi Capitals,Delhi Capitals,field,normal,0,Mumbai Indians,12,0,KV Sharma,Arun Jaitley Stadium,CB Gaffaney,Vinod Seshan,Mumbai Indians,Delhi Capitals,Delhi Capitals,Mumbai Indians,False,False,League,
1473467,2025,Lucknow,2025-04-14,Lucknow Super Giants,Chennai Super Kings,Chennai Super Kings,field,normal,0,Chennai Super Kings,0,5,MS Dhoni,Ekana Cricket Stadium,UV Gandhe,VK Sharma,Lucknow Super Giants,Chennai Super Kings,Chennai Super Kings,Chennai Super Kings,False,False,League,
1473468,2025,Mullanpur,2025-04-15,Punjab Kings,Kolkata Knight Riders,Punjab Kings,bat,normal,0,Punjab Kings,16,0,YS Chahal,Maharaja Yadavindra Singh International Cricket Stadium,M Krishnadas,MV Saidharshan Kumar,Punjab Kings,Kolkata Knight Riders,Punjab Kings,Punjab Kings,False,False,League,
1473469,2025,Delhi,2025-04-16,Delhi Capitals,Rajasthan Royals,Rajasthan Royals,field,tie,0,Delhi Capitals,0,0,MA Starc,Arun Jaitley Stadium,A Totre,K Kelkar,Delhi Capitals,Rajasthan Royals,Rajasthan Royals,Delhi Capitals,False,False,League,
1473470,2025,Mumbai,2025-04-17,Sunrisers Hyderabad,Mumbai Indians,Mumbai Indians,field,normal,0,Mumbai Indians,0,4,WG Jacks,Wankhede Stadium,J Madanagopal,Vinod Seshan,Sunrisers Hyderabad,Mumbai Indians,Mumbai Indians,Mumbai Indians,False,False,League,
1473471,2025,Bengaluru,2025-04-18,Royal Challengers Bengaluru,Punjab Kings,Punjab Kings,field,normal,0,Punjab Kings,0,5,TH David,M Chinnaswamy Stadium,UV Gandhe,VK Sharma,Royal Challengers Bengaluru,Punjab Kings,Punjab Kings,Punjab Kings,False,False,League,
1473472,2025,Ahmedabad,2025-04-19,Delhi Capitals,Gujarat Titans,Gujarat Titans,field,normal,0,Gujarat Titans,0,7,JC Buttler,Narendra Modi Stadium,A Totre,K Kelkar,Delhi Capitals,Gujarat Titans,Gujarat Titans,Gujarat Titans,False,False,League,
1473473,2025,Jaipur,2025-04-19,Lucknow Super Giants,Rajasthan Royals,Lucknow Super Giants,bat,normal,0,Lucknow Super Giants,2,0,Avesh Khan,Sawai Mansingh Stadium,J Madanagopal,Vinod Seshan,Lucknow Super Giants,Rajasthan Royals,Lucknow Super Giants,Lucknow Super Giants,False,False,League,
1473474,2025,Mullanpur,2025-04-20,Punjab Kings,Royal Challengers Bengaluru,Royal Challengers Bengaluru,field,normal,0,Royal Challengers Bengaluru,0,7,V Kohli,Maharaja Yadavindra Singh International Cricket Stadium,KM Gandhi,MV Saidharshan Kumar,Punjab Kings,Royal Challengers Bengaluru,Royal Challengers Bengaluru,Royal Challengers Bengaluru,False,False,League,
1473475,2025,Mumbai,2025-04-20,Chennai Super Kings,Mumbai Indians,Mumbai Indians,field,normal,0,Mumbai Indians,0,9,RG Sharma,Wankhede Stadium,Abhijit Bhattacharya,VK Sharma,Chennai Super Kings,Mumbai Indians,Mumbai Indians,Mumbai Indians,False,False,League,
1473476,2025,Kolkata,2025-04-21,Gujarat Titans,Kolkata Knight Riders,Kolkata Knight Riders,field,normal,0,Gujarat Titans,39,0,Shubman Gill,Eden Gardens,Anish Sahasrabudhe,R Pandit,Gujarat Titans,Kolkata Knight Riders,Kolkata Knight Riders,Gujarat Titans,False,False,League,
1473477,2025,Lucknow,2025-04-22,Lucknow Super Giants,Delhi Capitals,Delhi Capitals,field,normal,0,Delhi Capitals,0,8,Mukesh Kumar,Ekana Cricket Stadium,KM Gandhi,MV Saidharshan Kumar,Lucknow Super Giants,Delhi Capitals,Delhi Capitals,Delhi Capitals,False,False,League,
1473478,2025,Hyderabad,2025-04-23,Sunrisers Hyderabad,Mumbai Indians,Mumbai Indians,field,normal,0,Mumbai Indians,0,7,TA Boult,"Rajiv Gandhi International Stadium, Uppal",J Madanagopal,Vinod Seshan,Sunrisers Hyderabad,Mumbai Indians,Mumbai Indians,Mumbai Indians,False,False,League,
1473479,2025,Bengaluru,2025-04-24,Royal Challengers Bengaluru,Rajasthan Royals,Rajasthan Royals,field,normal,0,Royal Challengers Bengaluru,11,0,JR Hazlewood,M Chinnaswamy Stadium,MA Gough,UV Gandhe,Royal Challengers Bengaluru,Rajasthan Royals,Rajasthan Royals,Royal Challengers Bengaluru,False,False,League,
1473480,2025,Chennai,2025-04-25,Chennai Super Kings,Sunrisers Hyderabad,Sunrisers Hyderabad,field,normal,0,Sunrisers Hyderabad,0,5,HV Patel,"MA Chidambaram Stadium, Chepauk",M Krishnadas,Nitin Menon,Chennai Super Kings,Sunrisers Hyderabad,Sunrisers Hyderabad,Sunrisers Hyderabad,False,False,League,
1473481,2025,Kolkata,2025-04-26,Punjab Kings,Kolkata Knight Riders,Punjab Kings,bat,no result,0,,0,0,,Eden Gardens,AT Holdstock,Anish Sahasrabudhe,Punjab Kings,Kolkata Knight Riders,Punjab Kings,,True,False,League,
1473482,2025,Mumbai,2025-04-27,Mumbai Indians,Lucknow Super Giants,Lucknow Super Giants,field,normal,0,Mumbai Indians,54,0,WG Jacks,Wankhede Stadium,CB Gaffaney,J Madanagopal,Mumbai Indians,Lucknow Super Giants,Lucknow Super Giants,Mumbai Indians,False,False,League,
1473483,2025,Delhi,2025-04-27,Delhi Capitals,Royal Challengers Bengaluru,Royal Challengers Bengaluru,field,normal,0,Royal Challengers Bengaluru,0,6,KH Pandya,Arun Jaitley Stadium,M Krishnadas,Nitin Menon,Delhi Capitals,Royal Challengers Bengaluru,Royal Challengers Bengaluru,Royal Challengers Bengaluru,False,False,League,
1473484,2025,Jaipur,2025-04-28,Gujarat Titans,Rajasthan Royals,Rajasthan Royals,field,normal,0,Rajasthan Royals,0,8,V Suryavanshi,Sawai Mansingh Stadium,MA Gough,VK Sharma,Gujarat Titans,Rajasthan Royals,Rajasthan Royals,Rajasthan Royals,False,False,League,
1473485,2025,Delhi,2025-04-29,Kolkata Knight Riders,Delhi Capitals,Delhi Capitals,field,normal,0,Kolkata Knight Riders,14,0,SP Narine,Arun Jaitley Stadium,M Krishnadas,MV Saidharshan Kumar,Kolkata Knight Riders,Delhi Capitals,Delhi Capitals,Kolkata Knight Riders,False,False,League,
1473486,2025,Chennai,2025-04-30,Chennai Super Kings,Punjab Kings,Punjab Kings,field,normal,0,Punjab Kings,0,4,SS Iyer,"MA Chidambaram Stadium, Chepauk",A Totre,Anish Sahasrabudhe,Chennai Super Kings,Punjab Kings,Punjab Kings,Punjab Kings,False,False,League,
1473487,2025,Jaipur,2025-05-01,Mumbai Indians,Rajasthan Royals,Rajasthan Royals,field,normal,0,Mumbai Indians,100,0,RD Rickelton,Sawai Mansingh Stadium,P Joshi,Vinod Seshan,Mumbai Indians,Rajasthan Royals,Rajasthan Royals,Mumbai Indians,False,False,League,
1473488,2025,Ahmedabad,2025-05-02,Gujarat Titans,Sunrisers Hyderabad,Sunrisers Hyderabad,field,normal,0,Gujarat Titans,38,0,M Prasidh Krishna,Narendra Modi Stadium,K Swaroopanand,VK Sharma,Gujarat Titans,Sunrisers Hyderabad,Sunrisers Hyderabad,Gujarat Titans,False,False,League,
1473489,2025,Bengaluru,2025-05-03,Royal Challengers Bengaluru,Chennai Super Kings,Chennai Super Kings,field,normal,0,Royal Challengers Bengaluru,2,0,R Shepherd,M Chinnaswamy Stadium,M Krishnadas,Nitin Menon,Royal Challengers Bengaluru,Chennai Super Kings,Chennai Super Kings,Royal Challengers Bengaluru,False,False,League,
1473490,2025,Kolkata,2025-05-04,Kolkata Knight Riders,Rajasthan Royals,Kolkata Knight Riders,bat,normal,0,Kolkata Knight Riders,1,0,AD Russell,Eden Gardens,Anish Sahasrabudhe,R Pandit,Kolkata Knight Riders,Rajasthan Royals,Kolkata Knight Riders,Kolkata Knight Riders,False,False,League,
1473491,2025,Dharamsala,2025-05-04,Punjab Kings,Lucknow Super Giants,Lucknow Super Giants,field,normal,0,Punjab Kings,37,0,P Simran Singh,Himachal Pradesh Cricket Association Stadium,J Madanagopal,P Joshi,Punjab Kings,Lucknow Super Giants,Lucknow Super Giants,Punjab Kings,False,False,League,
1473492,2025,Hyderabad,2025-05-05,Delhi Capitals,Sunrisers Hyderabad,Sunrisers Hyderabad,field,no result,0,,0,0,,"Rajiv Gandhi International Stadium, Uppal",K Swaroopanand,VK Sharma,Delhi Capitals,Sunrisers Hyderabad,Sunrisers Hyderabad,,True,False,League,
1473493,2025,Mumbai,2025-05-06,Mumbai Indians,Gujarat Titans,Gujarat Titans,field,normal,1,Gujarat Titans,0,3,Shubman Gill,Wankhede Stadium,KM Gandhi,MV Saidharshan Kumar,Mumbai Indians,Gujarat Titans,Gujarat Titans,Gujarat Titans,False,True,League,
1473494,2025,Kolkata,2025-05-07,Kolkata Knight Riders,Chennai Super Kings,Kolkata Knight Riders,bat,normal,0,Chennai Super Kings,0,2,Noor Ahmad,Eden Gardens,AT Holdstock,Anish Sahasrabudhe,Kolkata Knight Riders,Chennai Super Kings,Kolkata Knight Riders,Chennai Super Kings,False,False,League,
1473495,2025,Dharamsala,2025-05-08,Punjab Kings,Delhi Capitals,Punjab Kings,bat,no result,0,,0,0,,Himachal Pradesh Cricket Association Stadium,CB Gaffaney,P Joshi,Punjab Kings,Delhi Capitals,Punjab Kings,,True,False,League,
1473497,2025,Jaipur,2025-05-18,Punjab Kings,Rajasthan Royals,Punjab Kings,bat,normal,0,Punjab Kings,10,0,Harpreet Brar,Sawai Mansingh Stadium,A Bengeri,CB Gaffaney,Punjab Kings,Rajasthan Royals,Punjab Kings,Punjab Kings,False,False,League,
1473498,2025,Delhi,2025-05-18,Delhi Capitals,Gujarat Titans,Gujarat Titans,field,normal,0,Gujarat Titans,0,10,B Sai Sudharsan,Arun Jaitley Stadium,AT Holdstock,K Kelkar,Delhi Capitals,Gujarat Titans,Gujarat Titans,Gujarat Titans,False,False,League,
1473499,2025,Lucknow,2025-05-19,Lucknow Super Giants,Sunrisers Hyderabad,Sunrisers Hyderabad,field,normal,0,Sunrisers Hyderabad,0,6,Abhishek Sharma,Ekana Cricket Stadium,K Swaroopanand,MA Gough,Lucknow Super Giants,Sunrisers Hyderabad,Sunrisers Hyderabad,Sunrisers Hyderabad,False,False,League,
1473500,2025,Delhi,2025-05-20,Chennai Super Kings,Rajasthan Royals,Rajasthan Royals,field,normal,0,Rajasthan Royals,0,6,Akash Madhwal,Arun Jaitley Stadium,K Kelkar,R Pandit,Chennai Super Kings,Rajasthan Royals,Rajasthan Royals,Rajasthan Royals,False,False,League,
1473501,2025,Mumbai,2025-05-21,Mumbai Indians,Delhi Capitals,Delhi Capitals,field,normal,0,Mumbai Indians,59,0,SA Yadav,Wankhede Stadium,A Bengeri,J Madanagopal,Mumbai Indians,Delhi Capitals,Delhi Capitals,Mumbai Indians,False,False,League,
1473502,2025,Ahmedabad,2025-05-22,Lucknow Super Giants,Gujarat Titans,Gujarat Titans,field,normal,0,Lucknow Super Giants,33,0,MR Marsh,Narendra Modi Stadium,KN Ananthapadmanabhan,M Krishnadas,Lucknow Super Giants,Gujarat Titans,Gujarat Titans,Lucknow Super Giants,False,False,League,
1473503,2025,Lucknow,2025-05-23,Sunrisers Hyderabad,Royal Challengers Bengaluru,Royal Challengers Bengaluru,field,normal,0,Sunrisers Hyderabad,42,0,Ishan Kishan,Ekana Cricket Stadium,K Swaroopanand,MA Gough,Sunrisers Hyderabad,Royal Challengers Bengaluru,Royal Challengers Bengaluru,Sunrisers Hyderabad,False,False,League,
1485779,2025,Jaipur,2025-05-24,Punjab Kings,Delhi Capitals,Delhi Capitals,field,normal,0,Delhi Capitals,0,6,Sameer Rizvi,Sawai Mansingh Stadium,J Madanagopal,P Joshi,Punjab Kings,Delhi Capitals,Delhi Capitals,Delhi Capitals,False,False,League,
1473504,2025,Ahmedabad,2025-05-25,Chennai Super Kings,Gujarat Titans,Chennai Super Kings,bat,normal,0,Chennai Super Kings,83,0,D Brevis,Narendra Modi Stadium,KM Gandhi,KN Ananthapadmanabhan,Chennai Super Kings,Gujarat Titans,Chennai Super Kings,Chennai Super Kings,False,False,League,
1473505,2025,Delhi,2025-05-25,Sunrisers Hyderabad,Kolkata Knight Riders,Sunrisers Hyderabad,bat,normal,0,Sunrisers Hyderabad,110,0,H Klaasen,Arun Jaitley Stadium,AT Holdstock,K Kelkar,Sunrisers Hyderabad,Kolkata Knight Riders,Sunrisers Hyderabad,Sunrisers Hyderabad,False,False,League,
1473506,2025,Jaipur,2025-05-26,Mumbai Indians,Punjab Kings,Punjab Kings,field,normal,0,Punjab Kings,0,7,JP Inglis,Sawai Mansingh Stadium,CB Gaffaney,P Joshi,Mumbai Indians,Punjab Kings,Punjab Kings,Punjab Kings,False,False,League,
1473507,2025,Lucknow,2025-05-27,Lucknow Super Giants,Royal Challengers Bengaluru,Royal Challengers Bengaluru,field,normal,0,Royal Challengers Bengaluru,0,6,JM Sharma,Ekana Cricket Stadium,MA Gough,VK Sharma,Lucknow Super Giants,Royal Challengers Bengaluru,Royal Challengers Bengaluru,Royal Challengers Bengaluru,False,False,League,
1473508,2025,Mullanpur,2025-05-29,Punjab Kings,Royal Challengers Bengaluru,Royal Challengers Bengaluru,field,normal,0,Royal Challengers Bengaluru,0,8,Suyash Sharma,Maharaja Yadavindra Singh International Cricket Stadium,MA Gough,VK Sharma,Punjab Kings,Royal Challengers Bengaluru,Royal Challengers Bengaluru,Royal Challengers Bengaluru,False,False,Playoff,Qualifier 1
1473509,2025,Mullanpur,2025-05-30,Mumbai Indians,Gujarat Titans,Mumbai Indians,bat,normal,0,Mumbai Indians,20,0,RG Sharma,Maharaja Yadavindra Singh International Cricket Stadium,R Pandit,UV Gandhe,Mumbai Indians,Gujarat Titans,Mumbai Indians,Mumbai Indians,False,False,Playoff,Eliminator
1473510,2025,Ahmedabad,2025-06-01,Mumbai Indians,Punjab Kings,Punjab Kings,field,normal,0,Punjab Kings,0,5,SS Iyer,Narendra Modi Stadium,CB Gaffaney,Nitin Menon,Mumbai Indians,Punjab Kings,Punjab Kings,Punjab Kings,False,False,Playoff,Qualifier 2
1473511,2025,Ahmedabad,2025-06-03,Royal Challengers Bengaluru,Punjab Kings,Punjab Kings,field,normal,0,Royal Challengers Bengaluru,6,0,KH Pandya,Narendra Modi Stadium,J Madanagopal,Nitin Menon,Royal Challengers Bengaluru,Punjab Kings,Punjab Kings,Royal Challengers Bengaluru,False,False,Playoff,Final
1527674,2026,Bengaluru,2026-03-28,Sunrisers Hyderabad,Royal Challengers Bengaluru,Royal Challengers Bengaluru,field,normal,0,Royal Challengers Bengaluru,0,6,JA Duffy,M Chinnaswamy Stadium,J Madanagopal,UV Gandhe,Sunrisers Hyderabad,Royal Challengers Bengaluru,Royal Challengers Bengaluru,Royal Challengers Bengaluru,False,False,League,
1527675,2026,Mumbai,2026-03-29,Kolkata Knight Riders,Mumbai Indians,Mumbai Indians,field,normal,0,Mumbai Indians,0,6,SN Thakur,Wankhede Stadium,Anish Sahasrabudhe,MV Saidharshan Kumar,Kolkata Knight Riders,Mumbai Indians,Mumbai Indians,Mumbai Indians,False,False,League,
1527676,2026,Guwahati,2026-03-30,Chennai Super Kings,Rajasthan Royals,Rajasthan Royals,field,normal,0,Rajasthan Royals,0,8,N Burger,Barsapara Cricket Stadium,HDPK Dharmasena,M Krishnadas,Chennai Super Kings,Rajasthan Royals,Rajasthan Royals,Rajasthan Royals,False,False,League,
1527677,2026,Mullanpur,2026-03-31,Gujarat Titans,Punjab Kings,Punjab Kings,field,normal,0,Punjab Kings,0,3,C Connolly,Maharaja Yadavindra Singh International Cricket Stadium,Abhijit Bhattacharya,A Totre,Gujarat Titans,Punjab Kings,Punjab Kings,Punjab Kings,False,False,League,
1527678,2026,Lucknow,2026-04-01,Lucknow Super Giants,Delhi Capitals,Delhi Capitals,field,normal,0,Delhi Capitals,0,6,Sameer Rizvi,Ekana Cricket Stadium,R Pandit,UV Gandhe,Lucknow Super Giants,Delhi Capitals,Delhi Capitals,Delhi Capitals,False,False,League,
1527679,2026,Kolkata,2026-04-02,Sunrisers Hyderabad,Kolkata Knight Riders,Kolkata Knight Riders,field,normal,0,Sunrisers Hyderabad,65,0,Nithish Kumar Reddy,Eden Gardens,MV Saidharshan Kumar,Vinod Seshan,Sunrisers Hyderabad,Kolkata Knight Riders,Kolkata Knight Riders,Sunrisers Hyderabad,False,False,League,
1527680,2026,Chennai,2026-04-03,Chennai Super Kings,Punjab Kings,Punjab Kings,field,normal,0,Punjab Kings,0,5,Priyansh Arya,"MA Chidambaram Stadium, Chepauk",Abhijit Bhattacharya,A Totre,Chennai Super Kings,Punjab Kings,Punjab Kings,Punjab Kings,False,False,League,
1527681,2026,Delhi,2026-04-04,Mumbai Indians,Delhi Capitals,Delhi Capitals,field,normal,0,Delhi Capitals,0,6,Sameer Rizvi,Arun Jaitley Stadium,HDPK Dharmasena,M Krishnadas,Mumbai Indians,Delhi Capitals,Delhi Capitals,Delhi Capitals,False,False,League,
1527682,2026,Ahmedabad,2026-04-04,Rajasthan Royals,Gujarat Titans,Rajasthan Royals,bat,normal,0,Rajasthan Royals,6,0,Ravi Bishnoi,Narendra Modi Stadium,R Pandit,UV Gandhe,Rajasthan Royals,Gujarat Titans,Rajasthan Royals,Rajasthan Royals,False,False,League,
1527683,2026,Hyderabad,2026-04-05,Sunrisers Hyderabad,Lucknow Super Giants,Lucknow Super Giants,field,normal,0,Lucknow Super Giants,0,5,Mohammed Shami,"Rajiv Gandhi International Stadium, Uppal",Anish Sahasrabudhe,MV Saidharshan Kumar,Sunrisers Hyderabad,Lucknow Super Giants,Lucknow Super Giants,Lucknow Super Giants,False,False,League,
1527684,2026,Bengaluru,2026-04-05,Royal Challengers Bengaluru,Chennai Super Kings,Chennai Super Kings,field,normal,0,Royal Challengers Bengaluru,43,0,TH David,M Chinnaswamy Stadium,A Totre,KN Ananthapadmanabhan,Royal Challengers Bengaluru,Chennai Super Kings,Chennai Super Kings,Royal Challengers Bengaluru,False,False,League,
1527685,2026,Kolkata,2026-04-06,Kolkata Knight Riders,Punjab Kings,Kolkata Knight Riders,bat,no result,0,,0,0,,Eden Gardens,A Bengeri,J Madanagopal,Kolkata Knight Riders,Punjab Kings,Kolkata Knight Riders,,True,False,League,
1527686,2026,Guwahati,2026-04-07,Rajasthan Royals,Mumbai Indians,Mumbai Indians,field,normal,0,Rajasthan Royals,27,0,YBK Jaiswal,Barsapara Cricket Stadium,HDPK Dharmasena,M Krishnadas,Rajasthan Royals,Mumbai Indians,Mumbai Indians,Rajasthan Royals,False,False,League,
1527687,2026,Delhi,2026-04-08,Gujarat Titans,Delhi Capitals,Delhi Capitals,field,normal,0,Gujarat Titans,1,0,Rashid Khan,Arun Jaitley Stadium,Anish Sahasrabudhe,Nitin Menon,Gujarat Titans,Delhi Capitals,Delhi Capitals,Gujarat Titans,False,False,League,
1527688,2026,Kolkata,2026-04-09,Kolkata Knight Riders,Lucknow Super Giants,Lucknow Super Giants,field,normal,0,Lucknow Super Giants,0,3,MD Choudhary,Eden Gardens,AT Holdstock,A Totre,Kolkata Knight Riders,Lucknow Super Giants,Lucknow Super Giants,Lucknow Super Giants,False,False,League,
1527689,2026,Guwahati,2026-04-10,Royal Challengers Bengaluru,Rajasthan Royals,Rajasthan Royals,field,normal,0,Rajasthan Royals,0,6,V Suryavanshi,Barsapara Cricket Stadium,K Swaroopanand,HDPK Dharmasena,Royal Challengers Bengaluru,Rajasthan Royals,Rajasthan Royals,Rajasthan Royals,False,False,League,
1527690,2026,Mullanpur,2026-04-11,Sunrisers Hyderabad,Punjab Kings,Punjab Kings,field,normal,0,Punjab Kings,0,6,SS Iyer,Maharaja Yadavindra Singh International Cricket Stadium,A Bengeri,R Pandit,Sunrisers Hyderabad,Punjab Kings,Punjab Kings,Punjab Kings,False,False,League,
1527691,2026,Chennai,2026-04-11,Chennai Super Kings,Delhi Capitals,Delhi Capitals,field,normal,0,Chennai Super Kings,23,0,SV Samson,"MA Chidambaram Stadium, Chepauk",MV Saidharshan Kumar,Vinod Seshan,Chennai Super Kings,Delhi Capitals,Delhi Capitals,Chennai Super Kings,False,False,League,
1527692,2026,Lucknow,2026-04-12,Lucknow Super Giants,Gujarat Titans,Gujarat Titans,field,normal,0,Gujarat Titans,0,7,M Prasidh Krishna,Ekana Cricket Stadium,Abhijit Bhattacharya,KN Ananthapadmanabhan,Lucknow Super Giants,Gujarat Titans,Gujarat Titans,Gujarat Titans,False,False,League,
1527693,2026,Mumbai,2026-04-12,Royal Challengers Bengaluru,Mumbai Indians,Mumbai Indians,field,normal,0,Royal Challengers Bengaluru,18,0,PD Salt,Wankhede Stadium,K Swaroopanand,VK Sharma,Royal Challengers Bengaluru,Mumbai Indians,Mumbai Indians,Royal Challengers Bengaluru,False,False,League,
1529264,2026,Hyderabad,2026-04-13,Sunrisers Hyderabad,Rajasthan Royals,Rajasthan Royals,field,normal,0,Sunrisers Hyderabad,57,0,PP Hinge,"Rajiv Gandhi International Stadium, Uppal",J Madanagopal,R Pandit,Sunrisers Hyderabad,Rajasthan Royals,Rajasthan Royals,Sunrisers Hyderabad,False,False,League,
1529265,2026,Chennai,2026-04-14,Chennai Super Kings,Kolkata Knight Riders,Kolkata Knight Riders,field,normal,0,Chennai Super Kings,32,0,Noor Ahmad,"MA Chidambaram Stadium, Chepauk",Nitin Menon,MV Saidharshan Kumar,Chennai Super Kings,Kolkata Knight Riders,Kolkata Knight Riders,Chennai Super Kings,False,False,League,
1529266,2026,Bengaluru,2026-04-15,Lucknow Super Giants,Royal Challengers Bengaluru,Royal Challengers Bengaluru,field,normal,0,Royal Challengers Bengaluru,0,5,JR Hazlewood,M Chinnaswamy Stadium,AT Holdstock,Bhavesh Patel,Lucknow Super Giants,Royal Challengers Bengaluru,Royal Challengers Bengaluru,Royal Challengers Bengaluru,False,False,League,
1529267,2026,Mumbai,2026-04-16,Mumbai Indians,Punjab Kings,Punjab Kings,field,normal,0,Punjab Kings,0,7,Arshdeep Singh,Wankhede Stadium,HDPK Dharmasena,M Krishnadas,Mumbai Indians,Punjab Kings,Punjab Kings,Punjab Kings,False,False,League,
1529268,2026,Ahmedabad,2026-04-17,Kolkata Knight Riders,Gujarat Titans,Kolkata Knight Riders,bat,normal,0,Gujarat Titans,0,5,Shubman Gill,Narendra Modi Stadium,R Pandit,UV Gandhe,Kolkata Knight Riders,Gujarat Titans,Kolkata Knight Riders,Gujarat Titans,False,False,League,
1529269,2026,Bengaluru,2026-04-18,Royal Challengers Bengaluru,Delhi Capitals,Delhi Capitals,field,normal,0,Delhi Capitals,0,6,T Stubbs,M Chinnaswamy Stadium,Abhijit Bhattacharya,Bhavesh Patel,Royal Challengers Bengaluru,Delhi Capitals,Delhi Capitals,Delhi Capitals,False,False,League,
1529270,2026,Hyderabad,2026-04-18,Sunrisers Hyderabad,Chennai Super Kings,Chennai Super Kings,field,normal,0,Sunrisers Hyderabad,10,0,E Malinga,"Rajiv Gandhi International Stadium, Uppal",Anish Sahasrabudhe,Vinod Seshan,Sunrisers Hyderabad,Chennai Super Kings,Chennai Super Kings,Sunrisers Hyderabad,False,False,League,
1529271,2026,Kolkata,2026-04-19,Rajasthan Royals,Kolkata Knight Riders,Rajasthan Royals,bat,normal,0,Kolkata Knight Riders,0,4,CV Varun,Eden Gardens,HDPK Dharmasena,M Krishnadas,Rajasthan Royals,Kolkata Knight Riders,Rajasthan Royals,Kolkata Knight Riders,False,False,League,
1529272,2026,Mullanpur,2026-04-19,Punjab Kings,Lucknow Super Giants,Lucknow Super Giants,field,normal,0,Punjab Kings,54,0,Priyansh Arya,Maharaja Yadavindra Singh International Cricket Stadium,J Madanagopal,K Kelkar,Punjab Kings,Lucknow Super Giants,Lucknow Super Giants,Punjab Kings,False,False,League,
1529273,2026,Ahmedabad,2026-04-20,Mumbai Indians,Gujarat Titans,Gujarat Titans,field,normal,0,Mumbai Indians,99,0,Tilak Varma,Narendra Modi Stadium,Abhijit Bhattacharya,KN Ananthapadmanabhan,Mumbai Indians,Gujarat Titans,Gujarat Titans,Mumbai Indians,False,False,League,
1529274,2026,Hyderabad,2026-04-21,Sunrisers Hyderabad,Delhi Capitals,Delhi Capitals,field,normal,0,Sunrisers Hyderabad,47,0,Abhishek Sharma,"Rajiv Gandhi International Stadium, Uppal",Anish Sahasrabudhe,Vinod Seshan,Sunrisers Hyderabad,Delhi Capitals,Delhi Capitals,Sunrisers Hyderabad,False,False,League,
1529275,2026,Lucknow,2026-04-22,Rajasthan Royals,Lucknow Super Giants,Lucknow Super Giants,field,normal,0,Rajasthan Royals,40,0,RA Jadeja,Ekana Cricket Stadium,AK Argal,VK Sharma,Rajasthan Royals,Lucknow Super Giants,Lucknow Super Giants,Rajasthan Royals,False,False,League,
1529276,2026,Mumbai,2026-04-23,Chennai Super Kings,Mumbai Indians,Mumbai Indians,field,normal,0,Chennai Super Kings,103,0,SV Samson,Wankhede Stadium,AT Holdstock,P Joshi,Chennai Super Kings,Mumbai Indians,Mumbai Indians,Chennai Super Kings,False,False,League,
1529277,2026,Bengaluru,2026-04-24,Gujarat Titans,Royal Challengers Bengaluru,Royal Challengers Bengaluru,field,normal,0,Royal Challengers Bengaluru,0,5,V Kohli,M Chinnaswamy Stadium,Amit Rana,J Madanagopal,Gujarat Titans,Royal Challengers Bengaluru,Royal Challengers Bengaluru,Royal Challengers Bengaluru,False,False,League,
1529278,2026,Delhi,2026-04-25,Delhi Capitals,Punjab Kings,Delhi Capitals,bat,normal,0,Punjab Kings,0,6,KL Rahul,Arun Jaitley Stadium,AK Argal,VK Sharma,Delhi Capitals,Punjab Kings,Delhi Capitals,Punjab Kings,False,False,League,
1529279,2026,Jaipur,2026-04-25,Rajasthan Royals,Sunrisers Hyderabad,Sunrisers Hyderabad,field,normal,0,Sunrisers Hyderabad,0,5,Ishan Kishan,Sawai Mansingh Stadium,KM Gandhi,Nitin Menon,Rajasthan Royals,Sunrisers Hyderabad,Sunrisers Hyderabad,Sunrisers Hyderabad,False,False,League,
1529280,2026,Chennai,2026-04-26,Chennai Super Kings,Gujarat Titans,Gujarat Titans,field,normal,0,Gujarat Titans,0,8,K Rabada,"MA Chidambaram Stadium, Chepauk",AT Holdstock,KN Ananthapadmanabhan,Chennai Super Kings,Gujarat Titans,Gujarat Titans,Gujarat Titans,False,False,League,
1529281,2026,Lucknow,2026-04-26,Kolkata Knight Riders,Lucknow Super Giants,Lucknow Super Giants,field,tie,0,Kolkata Knight Riders,0,0,RK Singh,Ekana Cricket Stadium,A Bengeri,K Kelkar,Kolkata Knight Riders,Lucknow Super Giants,Lucknow Super Giants,Kolkata Knight Riders,False,False,League,
1529282,2026,Delhi,2026-04-27,Delhi Capitals,Royal Challengers Bengaluru,Royal Challengers Bengaluru,field,normal,0,Royal Challengers Bengaluru,0,9,JR Hazlewood,Arun Jaitley Stadium,AK Argal,SJ Nogajski,Delhi Capitals,Royal Challengers Bengaluru,Royal Challengers Bengaluru,Royal Challengers Bengaluru,False,False,League,
1529283,2026,Mullanpur,2026-04-28,Punjab Kings,Rajasthan Royals,Rajasthan Royals,field,normal,0,Rajasthan Royals,0,6,D Ferreira,Maharaja Yadavindra Singh International Cricket Stadium,Nitin Menon,TM Srivastava,Punjab Kings,Rajasthan Royals,Rajasthan Royals,Rajasthan Royals,False,False,League,
1529284,2026,Mumbai,2026-04-29,Mumbai Indians,Sunrisers Hyderabad,Mumbai Indians,bat,normal,0,Sunrisers Hyderabad,0,6,H Klaasen,Wankhede Stadium,A Bengeri,J Madanagopal,Mumbai Indians,Sunrisers Hyderabad,Mumbai Indians,Sunrisers Hyderabad,False,False,League,
1529285,2026,Ahmedabad,2026-04-30,Royal Challengers Bengaluru,Gujarat Titans,Gujarat Titans,field,normal,0,Gujarat Titans,0,4,JO Holder,Narendra Modi Stadium,AT Holdstock,KN Ananthapadmanabhan,Royal Challengers Bengaluru,Gujarat Titans,Gujarat Titans,Gujarat Titans,False,False,League,
1529286,2026,Jaipur,2026-05-01,Rajasthan Royals,Delhi Capitals,Rajasthan Royals,bat,normal,0,Delhi Capitals,0,7,KL Rahul,Sawai Mansingh Stadium,SJ Nogajski,VK Sharma,Rajasthan Royals,Delhi Capitals,Rajasthan Royals,Delhi Capitals,False,False,League,
1529287,2026,Chennai,2026-05-02,Mumbai Indians,Chennai Super Kings,Mumbai Indians,bat,normal,0,Chennai Super Kings,0,8,RD Gaikwad,"MA Chidambaram Stadium, Chepauk",KM Gandhi,Nitin Menon,Mumbai Indians,Chennai Super Kings,Mumbai Indians,Chennai Super Kings,False,False,League,
1529288,2026,Hyderabad,2026-05-03,Sunrisers Hyderabad,Kolkata Knight Riders,Sunrisers Hyderabad,bat,normal,0,Kolkata Knight Riders,0,7,CV Varun,"Rajiv Gandhi International Stadium, Uppal",A Bengeri,J Madanagopal,Sunrisers Hyderabad,Kolkata Knight Riders,Sunrisers Hyderabad,Kolkata Knight Riders,False,False,League,
1529289,2026,Ahmedabad,2026-05-03,Punjab Kings,Gujarat Titans,Gujarat Titans,field,normal,0,Gujarat Titans,0,4,JO Holder,Narendra Modi Stadium,KN Ananthapadmanabhan,P Joshi,Punjab Kings,Gujarat Titans,Gujarat Titans,Gujarat Titans,False,False,League,
1529290,2026,Mumbai,2026-05-04,Lucknow Super Giants,Mumbai Indians,Mumbai Indians,field,normal,0,Mumbai Indians,0,6,RD Rickelton,Wankhede Stadium,AK Argal,SJ Nogajski,Lucknow Super Giants,Mumbai Indians,Mumbai Indians,Mumbai Indians,False,False,League,
1529291,2026,Delhi,2026-05-05,Delhi Capitals,Chennai Super Kings,Delhi Capitals,bat,normal,0,Chennai Super Kings,0,8,SV Samson,Arun Jaitley Stadium,KM Gandhi,TM Srivastava,Delhi Capitals,Chennai Super Kings,Delhi Capitals,Chennai Super Kings,False,False,League,
1529292,2026,Hyderabad,2026-05-06,Sunrisers Hyderabad,Punjab Kings,Punjab Kings,field,normal,0,Sunrisers Hyderabad,33,0,PJ Cummins,"Rajiv Gandhi International Stadium, Uppal",J Madanagopal,K Kelkar,Sunrisers Hyderabad,Punjab Kings,Punjab Kings,Sunrisers Hyderabad,False,False,League,
1529293,2026,Lucknow,2026-05-07,Lucknow Super Giants,Royal Challengers Bengaluru,Royal Challengers Bengaluru,field,normal,1,Lucknow Super Giants,9,0,MR Marsh,Ekana Cricket Stadium,A Totre,P Joshi,Lucknow Super Giants,Royal Challengers Bengaluru,Royal Challengers Bengaluru,Lucknow Super Giants,False,True,League,
1529294,2026,Delhi,2026-05-08,Delhi Capitals,Kolkata Knight Riders,Kolkata Knight Riders,field,normal,0,Kolkata Knight Riders,0,8,FH Allen,Arun Jaitley Stadium,Nitin Menon,R Pandit,Delhi Capitals,Kolkata Knight Riders,Kolkata Knight Riders,Kolkata Knight Riders,False,False,League,
1529295,2026,Jaipur,2026-05-09,Gujarat Titans,Rajasthan Royals,Rajasthan Royals,field,normal,0,Gujarat Titans,77,0,Rashid Khan,Sawai Mansingh Stadium,HAS Khalid,VK Sharma,Gujarat Titans,Rajasthan Royals,Rajasthan Royals,Gujarat Titans,False,False,League,
1529296,2026,Chennai,2026-05-10,Lucknow Super Giants,Chennai Super Kings,Chennai Super Kings,field,normal,0,Chennai Super Kings,0,5,J Overton,"MA Chidambaram Stadium, Chepauk",Amit Rana,K Kelkar,Lucknow Super Giants,Chennai Super Kings,Chennai Super Kings,Chennai Super Kings,False,False,League,
1529297,2026,Raipur,2026-05-10,Mumbai Indians,Royal Challengers Bengaluru,Royal Challengers Bengaluru,field,normal,0,Royal Challengers Bengaluru,0,2,B Kumar,Shaheed Veer Narayan Singh International Stadium,R Pandit,TM Srivastava,Mumbai Indians,Royal Challengers Bengaluru,Royal Challengers Bengaluru,Royal Challengers Bengaluru,False,False,League,
1529298,2026,Dharamsala,2026-05-11,Punjab Kings,Delhi Capitals,Delhi Capitals,field,normal,0,Delhi Capitals,0,3,M Tiwari,Himachal Pradesh Cricket Association Stadium,Bhavesh Patel,KN Ananthapadmanabhan,Punjab Kings,Delhi Capitals,Delhi Capitals,Delhi Capitals,False,False,League,
1529299,2026,Ahmedabad,2026-05-12,Gujarat Titans,Sunrisers Hyderabad,Sunrisers Hyderabad,field,normal,0,Gujarat Titans,82,0,K Rabada,Narendra Modi Stadium,HAS Khalid,VK Sharma,Gujarat Titans,Sunrisers Hyderabad,Sunrisers Hyderabad,Gujarat Titans,False,False,League,
1529300,2026,Raipur,2026-05-13,Kolkata Knight Riders,Royal Challengers Bengaluru,Royal Challengers Bengaluru,field,normal,0,Royal Challengers Bengaluru,0,6,V Kohli,Shaheed Veer Narayan Singh International Stadium,Nitin Menon,R Pandit,Kolkata Knight Riders,Royal Challengers Bengaluru,Royal Challengers Bengaluru,Royal Challengers Bengaluru,False,False,League,
1529301,2026,Dharamsala,2026-05-14,Punjab Kings,Mumbai Indians,Mumbai Indians,field,normal,0,Mumbai Indians,0,6,Tilak Varma,Himachal Pradesh Cricket Association Stadium,Bhavesh Patel,KN Ananthapadmanabhan,Punjab Kings,Mumbai Indians,Mumbai Indians,Mumbai Indians,False,False,League,
1529302,2026,Lucknow,2026-05-15,Chennai Super Kings,Lucknow Super Giants,Lucknow Super Giants,field,normal,0,Lucknow Super Giants,0,7,MR Marsh,Ekana Cricket Stadium,T Ematty,UV Gandhe,Chennai Super Kings,Lucknow Super Giants,Lucknow Super Giants,Lucknow Super Giants,False,False,League,
1529303,2026,Kolkata,2026-05-16,Kolkata Knight Riders,Gujarat Titans,Gujarat Titans,field,normal,0,Kolkata Knight Riders,29,0,SP Narine,Eden Gardens,K Swaroopanand,VK Sharma,Kolkata Knight Riders,Gujarat Titans,Gujarat Titans,Kolkata Knight Riders,False,False,League,
1529304,2026,Dharamsala,2026-05-17,Royal Challengers Bengaluru,Punjab Kings,Punjab Kings,field,normal,0,Royal Challengers Bengaluru,23,0,VR Iyer,Himachal Pradesh Cricket Association Stadium,AT Holdstock,KN Ananthapadmanabhan,Royal Challengers Bengaluru,Punjab Kings,Punjab Kings,Royal Challengers Bengaluru,False,False,League,
1529305,2026,Delhi,2026-05-17,Rajasthan Royals,Delhi Capitals,Delhi Capitals,field,normal,0,Delhi Capitals,0,5,MA Starc,Arun Jaitley Stadium,Amit Rana,K Kelkar,Rajasthan Royals,Delhi Capitals,Delhi Capitals,Delhi Capitals,False,False,League,
1529306,2026,Chennai,2026-05-18,Chennai Super Kings,Sunrisers Hyderabad,Chennai Super Kings,bat,normal,0,Sunrisers Hyderabad,0,5,Ishan Kishan,"MA Chidambaram Stadium, Chepauk",Nitin Menon,TM Srivastava,Chennai Super Kings,Sunrisers Hyderabad,Chennai Super Kings,Sunrisers Hyderabad,False,False,League,
1529307,2026,Jaipur,2026-05-19,Lucknow Super Giants,Rajasthan Royals,Rajasthan Royals,field,normal,0,Rajasthan Royals,0,7,V Suryavanshi,Sawai Mansingh Stadium,AT Holdstock,P Joshi,Lucknow Super Giants,Rajasthan Royals,Rajasthan Royals,Rajasthan Royals,False,False,League,
1529308,2026,Kolkata,2026-05-20,Mumbai Indians,Kolkata Knight Riders,Kolkata Knight Riders,field,normal,0,Kolkata Knight Riders,0,4,MK Pandey,Eden Gardens,K Swaroopanand,HAS Khalid,Mumbai Indians,Kolkata Knight Riders,Kolkata Knight Riders,Kolkata Knight Riders,False,False,League,
1529309,2026,Ahmedabad,2026-05-21,Gujarat Titans,Chennai Super Kings,Chennai Super Kings,field,normal,0,Gujarat Titans,89,0,Mohammed Siraj,Narendra Modi Stadium,KM Gandhi,Nitin Menon,Gujarat Titans,Chennai Super Kings,Chennai Super Kings,Gujarat Titans,False,False,League,
1529310,2026,Hyderabad,2026-05-22,Sunrisers Hyderabad,Royal Challengers Bengaluru,Sunrisers Hyderabad,bat,normal,0,Sunrisers Hyderabad,55,0,Ishan Kishan,"Rajiv Gandhi International Stadium, Uppal",Amit Rana,J Madanagopal,Sunrisers Hyderabad,Royal Challengers Bengaluru,Sunrisers Hyderabad,Sunrisers Hyderabad,False,False,League,
1529311,2026,Lucknow,2026-05-23,Lucknow Super Giants,Punjab Kings,Punjab Kings,field,normal,0,Punjab Kings,0,7,SS Iyer,Ekana Cricket Stadium,KM Gandhi,Vinod Seshan,Lucknow Super Giants,Punjab Kings,Punjab Kings,Punjab Kings,False,False,League,
1529312,2026,Mumbai,2026-05-24,Rajasthan Royals,Mumbai Indians,Mumbai Indians,field,normal,0,Rajasthan Royals,30,0,JC Archer,Wankhede Stadium,R Pandit,T Ematty,Rajasthan Royals,Mumbai Indians,Mumbai Indians,Rajasthan Royals,False,False,League,
1529313,2026,Kolkata,2026-05-24,Delhi Capitals,Kolkata Knight Riders,Kolkata Knight Riders,field,normal,0,Delhi Capitals,40,0,Kuldeep Yadav,Eden Gardens,K Swaroopanand,HAS Khalid,Delhi Capitals,Kolkata Knight Riders,Kolkata Knight Riders,Delhi Capitals,False,False,League,
1535462,2026,Dharamsala,2026-05-26,Royal Challengers Bengaluru,Gujarat Titans,Gujarat Titans,field,normal,0,Royal Challengers Bengaluru,92,0,RM Patidar,Himachal Pradesh Cricket Association Stadium,J Madanagopal,VK Sharma,Royal Challengers Bengaluru,Gujarat Titans,Gujarat Titans,Royal Challengers Bengaluru,False,False,Playoff,Qualifier 1
1535463,2026,Mullanpur,2026-05-27,Rajasthan Royals,Sunrisers Hyderabad,Sunrisers Hyderabad,field,normal,0,Rajasthan Royals,47,0,V Suryavanshi,Maharaja Yadavindra Singh International Cricket Stadium,AT Holdstock,UV Gandhe,Rajasthan Royals,Sunrisers Hyderabad,Sunrisers Hyderabad,Rajasthan Royals,False,False,Playoff,Eliminator
1535464,2026,Mullanpur,2026-05-29,Rajasthan Royals,Gujarat Titans,Rajasthan Royals,bat,normal,0,Gujarat Titans,0,7,Shubman Gill,Maharaja Yadavindra Singh International Cricket Stadium,R Pandit,SJ Nogajski,Rajasthan Royals,Gujarat Titans,Rajasthan Royals,Gujarat Titans,False,False,Playoff,Qualifier 2
1535465,2026,Ahmedabad,2026-05-31,Gujarat Titans,Royal Challengers Bengaluru,Royal Challengers Bengaluru,field,normal,0,Royal Challengers Bengaluru,0,5,V Kohli,Narendra Modi Stadium,KN Ananthapadmanabhan,Nitin Menon,Gujarat Titans,Royal Challengers Bengaluru,Royal Challengers Bengaluru,Royal Challengers Bengaluru,False,False,Playoff,Final
