id,season,city,date,team1,team2,toss_winner,toss_decision,result,dl_applied,winner,win_by_runs,win_by_wickets,player_of_match,venue,umpire1,umpire2
60,2008,Bengaluru,2008-04-18,Kolkata Knight Riders,Royal Challengers Bangalore,Royal Challengers Bangalore,field,normal,0,Kolkata Knight Riders,140,0,BB McCullum,"M Chinnaswamy Stadium, Bengaluru",Asad Rauf,RE Koertzen
61,2008,Chandigarh,2008-04-19,Chennai Super Kings,Kings XI Punjab,Chennai Super Kings,bat,normal,0,Chennai Super Kings,33,0,MEK Hussey,"Punjab Cricket Association IS Bindra Stadium, Mohali, Chandigarh",MR Benson,SL Shastri
62,2008,Delhi,2008-04-19,Rajasthan Royals,Delhi Daredevils,Rajasthan Royals,bat,normal,0,Delhi Daredevils,0,9,MF Maharoof,Feroz Shah Kotla,Aleem Dar,GA Pratapkumar
63,2008,Mumbai,2008-04-20,Mumbai Indians,Royal Challengers Bangalore,Mumbai Indians,bat,normal,0,Royal Challengers Bangalore,0,5,MV Boucher,"Wankhede Stadium, Mumbai",SJ Davis,DJ Harper
64,2008,Kolkata,2008-04-20,Deccan Chargers,Kolkata Knight Riders,Deccan Chargers,bat,normal,0,Kolkata Knight Riders,0,5,DJ Hussey,"Eden Gardens, Kolkata",BF Bowden,K Hariharan
65,2008,Jaipur,2008-04-21,Kings XI Punjab,Rajasthan Royals,Kings XI Punjab,bat,normal,0,Rajasthan Royals,0,6,SR Watson,"Sawai Mansingh Stadium, Jaipur",Aleem Dar,RB Tiffin
66,2008,Hyderabad,2008-04-22,Deccan Chargers,Delhi Daredevils,Deccan Chargers,bat,normal,0,Delhi Daredevils,0,9,V Sehwag,"Rajiv Gandhi International Stadium, Uppal, Hyderabad",IL Howell,AM Saheba
67,2008,Chennai,2008-04-23,Chennai Super Kings,Mumbai Indians,Mumbai Indians,field,normal,0,Chennai Super Kings,6,0,ML Hayden,"MA Chidambaram Stadium, Chepauk, Chennai",DJ Harper,GA Pratapkumar
68,2008,Hyderabad,2008-04-24,Deccan Chargers,Rajasthan Royals,Rajasthan Royals,field,normal,0,Rajasthan Royals,0,3,YK Pathan,"Rajiv Gandhi International Stadium, Uppal, Hyderabad",Asad Rauf,MR Benson
69,2008,Chandigarh,2008-04-25,Kings XI Punjab,Mumbai Indians,Mumbai Indians,field,normal,0,Kings XI Punjab,66,0,KC Sangakkara,"Punjab Cricket Association IS Bindra Stadium, Mohali, Chandigarh",Aleem Dar,AM Saheba
70,2008,Bengaluru,2008-04-26,Royal Challengers Bangalore,Rajasthan Royals,Rajasthan Royals,field,normal,0,Rajasthan Royals,0,7,SR Watson,"M Chinnaswamy Stadium, Bengaluru",MR Benson,IL Howell
71,2008,Chennai,2008-04-26,Kolkata Knight Riders,Chennai Super Kings,Kolkata Knight Riders,bat,normal,0,Chennai Super Kings,0,9,JDP Oram,"MA Chidambaram Stadium, Chepauk, Chennai",BF Bowden,AV Jayaprakash
72,2008,Mumbai,2008-04-27,Mumbai Indians,Deccan Chargers,Deccan Chargers,field,normal,0,Deccan Chargers,0,10,AC Gilchrist,"Dr DY Patil Sports Academy, Mumbai",Asad Rauf,SL Shastri
73,2008,Chandigarh,2008-04-27,Delhi Daredevils,Kings XI Punjab,Delhi Daredevils,bat,normal,0,Kings XI Punjab,0,4,SM Katich,"Punjab Cricket Association IS Bindra Stadium, Mohali, Chandigarh",RE Koertzen,I Shivram
74,2008,Bengaluru,2008-04-28,Chennai Super Kings,Royal Challengers Bangalore,Chennai Super Kings,bat,normal,0,Chennai Super Kings,13,0,MS Dhoni,"M Chinnaswamy Stadium, Bengaluru",BR Doctrove,RB Tiffin
75,2008,Kolkata,2008-04-29,Kolkata Knight Riders,Mumbai Indians,Kolkata Knight Riders,bat,normal,0,Mumbai Indians,0,7,ST Jayasuriya,"Eden Gardens, Kolkata",BF Bowden,AV Jayaprakash
76,2008,Delhi,2008-04-30,Delhi Daredevils,Royal Challengers Bangalore,Royal Challengers Bangalore,field,normal,0,Delhi Daredevils,10,0,GD McGrath,Feroz Shah Kotla,Aleem Dar,I Shivram
77,2008,Hyderabad,2008-05-01,Deccan Chargers,Kings XI Punjab,Kings XI Punjab,field,normal,0,Kings XI Punjab,0,7,SE Marsh,"Rajiv Gandhi International Stadium, Uppal, Hyderabad",BR Doctrove,RB Tiffin
78,2008,Jaipur,2008-05-01,Rajasthan Royals,Kolkata Knight Riders,Rajasthan Royals,bat,normal,0,Rajasthan Royals,45,0,SA Asnodkar,"Sawai Mansingh Stadium, Jaipur",RE Koertzen,GA Pratapkumar
79,2008,Chennai,2008-05-02,Chennai Super Kings,Delhi Daredevils,Chennai Super Kings,bat,normal,0,Delhi Daredevils,0,8,V Sehwag,"MA Chidambaram Stadium, Chepauk, Chennai",BF Bowden,K Hariharan
81,2008,Chandigarh,2008-05-03,Kings XI Punjab,Kolkata Knight Riders,Kings XI Punjab,bat,normal,0,Kings XI Punjab,9,0,IK Pathan,"Punjab Cricket Association IS Bindra Stadium, Mohali, Chandigarh",DJ Harper,I Shivram
111,2008,Bengaluru,2008-05-03,Royal Challengers Bangalore,Deccan Chargers,Deccan Chargers,field,normal,0,Royal Challengers Bangalore,3,0,P Kumar,"M Chinnaswamy Stadium, Bengaluru",BR Doctrove,SL Shastri
82,2008,Mumbai,2008-05-04,Mumbai Indians,Delhi Daredevils,Delhi Daredevils,field,normal,0,Mumbai Indians,29,0,SM Pollock,"Dr DY Patil Sports Academy, Mumbai",IL Howell,RE Koertzen
83,2008,Jaipur,2008-05-04,Chennai Super Kings,Rajasthan Royals,Chennai Super Kings,bat,normal,0,Rajasthan Royals,0,8,Sohail Tanvir,"Sawai Mansingh Stadium, Jaipur",Asad Rauf,AV Jayaprakash
84,2008,Bengaluru,2008-05-05,Royal Challengers Bangalore,Kings XI Punjab,Kings XI Punjab,field,normal,0,Kings XI Punjab,0,6,S Sreesanth,"M Chinnaswamy Stadium, Bengaluru",SJ Davis,BR Doctrove
85,2008,Chennai,2008-05-06,Chennai Super Kings,Deccan Chargers,Deccan Chargers,field,normal,0,Deccan Chargers,0,7,AC Gilchrist,"MA Chidambaram Stadium, Chepauk, Chennai",MR Benson,RB Tiffin
86,2008,Mumbai,2008-05-07,Rajasthan Royals,Mumbai Indians,Mumbai Indians,field,normal,0,Mumbai Indians,0,7,A Nehra,"Dr DY Patil Sports Academy, Mumbai",DJ Harper,RE Koertzen
87,2008,Delhi,2008-05-08,Delhi Daredevils,Chennai Super Kings,Chennai Super Kings,field,normal,0,Chennai Super Kings,0,4,MS Dhoni,Feroz Shah Kotla,Aleem Dar,RB Tiffin
88,2008,Kolkata,2008-05-08,Kolkata Knight Riders,Royal Challengers Bangalore,Kolkata Knight Riders,bat,normal,0,Kolkata Knight Riders,5,0,SC Ganguly,"Eden Gardens, Kolkata",Asad Rauf,IL Howell
89,2008,Jaipur,2008-05-09,Deccan Chargers,Rajasthan Royals,Rajasthan Royals,field,normal,0,Rajasthan Royals,0,8,YK Pathan,"Sawai Mansingh Stadium, Jaipur",MR Benson,AM Saheba
91,2008,Chennai,2008-05-10,Chennai Super Kings,Kings XI Punjab,Kings XI Punjab,field,normal,0,Chennai Super Kings,18,0,L Balaji,"MA Chidambaram Stadium, Chepauk, Chennai",AV Jayaprakash,BG Jerling
92,2008,Hyderabad,2008-05-11,Kolkata Knight Riders,Deccan Chargers,Kolkata Knight Riders,bat,normal,0,Kolkata Knight Riders,23,0,SC Ganguly,"Rajiv Gandhi International Stadium, Uppal, Hyderabad",IL Howell,AM Saheba
93,2008,Jaipur,2008-05-11,Delhi Daredevils,Rajasthan Royals,Rajasthan Royals,field,normal,0,Rajasthan Royals,0,3,SR Watson,"Sawai Mansingh Stadium, Jaipur",SJ Davis,RE Koertzen
94,2008,Chandigarh,2008-05-12,Royal Challengers Bangalore,Kings XI Punjab,Royal Challengers Bangalore,bat,normal,0,Kings XI Punjab,0,9,SE Marsh,"Punjab Cricket Association IS Bindra Stadium, Mohali, Chandigarh",BR Doctrove,I Shivram
95,2008,Kolkata,2008-05-13,Kolkata Knight Riders,Delhi Daredevils,Kolkata Knight Riders,bat,normal,0,Kolkata Knight Riders,23,0,Shoaib Akhtar,"Eden Gardens, Kolkata",Asad Rauf,IL Howell
96,2008,Mumbai,2008-05-14,Chennai Super Kings,Mumbai Indians,Mumbai Indians,field,normal,0,Mumbai Indians,0,9,ST Jayasuriya,"Wankhede Stadium, Mumbai",BR Doctrove,AM Saheba
98,2008,Delhi,2008-05-15,Delhi Daredevils,Deccan Chargers,Deccan Chargers,field,normal,0,Delhi Daredevils,12,0,A Mishra,Feroz Shah Kotla,BG Jerling,GA Pratapkumar
99,2008,Mumbai,2008-05-16,Kolkata Knight Riders,Mumbai Indians,Mumbai Indians,field,normal,0,Mumbai Indians,0,8,SM Pollock,"Wankhede Stadium, Mumbai",BR Doctrove,DJ Harper
100,2008,Delhi,2008-05-17,Delhi Daredevils,Kings XI Punjab,Delhi Daredevils,bat,normal,1,Kings XI Punjab,6,0,DPMD Jayawardene,Feroz Shah Kotla,AV Jayaprakash,RE Koertzen
101,2008,Jaipur,2008-05-17,Rajasthan Royals,Royal Challengers Bangalore,Royal Challengers Bangalore,field,normal,0,Rajasthan Royals,65,0,GC Smith,"Sawai Mansingh Stadium, Jaipur",BF Bowden,SL Shastri
102,2008,Hyderabad,2008-05-18,Mumbai Indians,Deccan Chargers,Deccan Chargers,field,normal,0,Mumbai Indians,25,0,DJ Bravo,"Rajiv Gandhi International Stadium, Uppal, Hyderabad",BR Doctrove,DJ Harper
103,2008,Kolkata,2008-05-18,Kolkata Knight Riders,Chennai Super Kings,Kolkata Knight Riders,bat,normal,1,Chennai Super Kings,3,0,M Ntini,"Eden Gardens, Kolkata",Asad Rauf,K Hariharan
104,2008,Bengaluru,2008-05-19,Royal Challengers Bangalore,Delhi Daredevils,Delhi Daredevils,field,normal,0,Delhi Daredevils,0,5,SP Goswami,"M Chinnaswamy Stadium, Bengaluru",SJ Davis,GA Pratapkumar
105,2008,Kolkata,2008-05-20,Kolkata Knight Riders,Rajasthan Royals,Rajasthan Royals,field,normal,0,Rajasthan Royals,0,6,YK Pathan,"Eden Gardens, Kolkata",BG Jerling,RE Koertzen
106,2008,Mumbai,2008-05-21,Kings XI Punjab,Mumbai Indians,Mumbai Indians,field,normal,0,Kings XI Punjab,1,0,SE Marsh,"Wankhede Stadium, Mumbai",BF Bowden,GA Pratapkumar
107,2008,Chennai,2008-05-21,Royal Challengers Bangalore,Chennai Super Kings,Royal Challengers Bangalore,bat,normal,0,Royal Challengers Bangalore,14,0,A Kumble,"MA Chidambaram Stadium, Chepauk, Chennai",DJ Harper,I Shivram
108,2008,Chandigarh,2008-05-23,Deccan Chargers,Kings XI Punjab,Kings XI Punjab,field,normal,0,Kings XI Punjab,0,6,SE Marsh,"Punjab Cricket Association IS Bindra Stadium, Mohali, Chandigarh",Asad Rauf,SJ Davis
109,2008,Delhi,2008-05-24,Mumbai Indians,Delhi Daredevils,Delhi Daredevils,field,normal,0,Delhi Daredevils,0,5,KD Karthik,Feroz Shah Kotla,BF Bowden,K Hariharan
110,2008,Chennai,2008-05-24,Rajasthan Royals,Chennai Super Kings,Rajasthan Royals,bat,normal,0,Rajasthan Royals,10,0,JA Morkel,"MA Chidambaram Stadium, Chepauk, Chennai",DJ Harper,SL Shastri
80,2008,Hyderabad,2008-05-25,Deccan Chargers,Royal Challengers Bangalore,Deccan Chargers,bat,normal,0,Royal Challengers Bangalore,0,5,R Vinay Kumar,"Rajiv Gandhi International Stadium, Uppal, Hyderabad",Asad Rauf,RE Koertzen
112,2008,Kolkata,2008-05-25,Kings XI Punjab,Kolkata Knight Riders,Kings XI Punjab,bat,normal,0,Kolkata Knight Riders,0,3,Umar Gul,"Eden Gardens, Kolkata",SJ Davis,I Shivram
113,2008,Jaipur,2008-05-26,Mumbai Indians,Rajasthan Royals,Rajasthan Royals,field,normal,0,Rajasthan Royals,0,5,Sohail Tanvir,"Sawai Mansingh Stadium, Jaipur",BF Bowden,K Hariharan
114,2008,Hyderabad,2008-05-27,Deccan Chargers,Chennai Super Kings,Deccan Chargers,bat,normal,0,Chennai Super Kings,0,7,SK Raina,"Rajiv Gandhi International Stadium, Uppal, Hyderabad",BG Jerling,AM Saheba
90,2008,Bengaluru,2008-05-28,Royal Challengers Bangalore,Mumbai Indians,Mumbai Indians,field,normal,0,Mumbai Indians,0,9,CRD Fernando,"M Chinnaswamy Stadium, Bengaluru",BF Bowden,AV Jayaprakash
97,2008,Chandigarh,2008-05-28,Kings XI Punjab,Rajasthan Royals,Rajasthan Royals,field,normal,0,Kings XI Punjab,41,0,SE Marsh,"Punjab Cricket Association IS Bindra Stadium, Mohali, Chandigarh",SJ Davis,K Hariharan
115,2008,Mumbai,2008-05-30,Rajasthan Royals,Delhi Daredevils,Delhi Daredevils,field,normal,0,Rajasthan Royals,105,0,SR Watson,"Wankhede Stadium, Mumbai",BF Bowden,RE Koertzen
116,2008,Mumbai,2008-05-31,Kings XI Punjab,Chennai Super Kings,Kings XI Punjab,bat,normal,0,Chennai Super Kings,0,9,M Ntini,"Wankhede Stadium, Mumbai",Asad Rauf,DJ Harper
117,2008,Mumbai,2008-06-01,Chennai Super Kings,Rajasthan Royals,Rajasthan Royals,field,normal,0,Rajasthan Royals,0,3,YK Pathan,"Dr DY Patil Sports Academy, Mumbai",BF Bowden,RE Koertzen
118,2009,Cape Town,2009-04-18,Mumbai Indians,Chennai Super Kings,Chennai Super Kings,field,normal,0,Mumbai Indians,19,0,SR Tendulkar,Newlands,BR Doctrove,K Hariharan
119,2009,Cape Town,2009-04-18,Royal Challengers Bangalore,Rajasthan Royals,Royal Challengers Bangalore,bat,normal,0,Royal Challengers Bangalore,75,0,R Dravid,Newlands,BR Doctrove,RB Tiffin
120,2009,Cape Town,2009-04-19,Kings XI Punjab,Delhi Daredevils,Delhi Daredevils,field,normal,1,Delhi Daredevils,0,10,DL Vettori,Newlands,MR Benson,SD Ranade
121,2009,Cape Town,2009-04-19,Kolkata Knight Riders,Deccan Chargers,Kolkata Knight Riders,bat,normal,0,Deccan Chargers,0,8,RP Singh,Newlands,MR Benson,BR Doctrove
122,2009,Port Elizabeth,2009-04-20,Chennai Super Kings,Royal Challengers Bangalore,Chennai Super Kings,bat,normal,0,Chennai Super Kings,92,0,M Muralitharan,St George's Park,BG Jerling,SJA Taufel
123,2009,Durban,2009-04-21,Kings XI Punjab,Kolkata Knight Riders,Kolkata Knight Riders,field,normal,1,Kolkata Knight Riders,11,0,CH Gayle,Kingsmead,DJ Harper,SD Ranade
124,2009,Cape Town,2009-04-22,Deccan Chargers,Royal Challengers Bangalore,Deccan Chargers,bat,normal,0,Deccan Chargers,24,0,AC Gilchrist,Newlands,M Erasmus,AM Saheba
125,2009,Durban,2009-04-23,Delhi Daredevils,Chennai Super Kings,Delhi Daredevils,bat,normal,0,Delhi Daredevils,9,0,AB de Villiers,Kingsmead,BR Doctrove,SJA Taufel
126,2009,Cape Town,2009-04-23,Rajasthan Royals,Kolkata Knight Riders,Kolkata Knight Riders,field,tie,0,Rajasthan Royals,0,0,YK Pathan,Newlands,MR Benson,M Erasmus
127,2009,Durban,2009-04-24,Royal Challengers Bangalore,Kings XI Punjab,Royal Challengers Bangalore,bat,normal,0,Kings XI Punjab,0,7,RS Bopara,Kingsmead,BR Doctrove,TH Wijewardene
128,2009,Durban,2009-04-25,Deccan Chargers,Mumbai Indians,Deccan Chargers,bat,normal,0,Deccan Chargers,12,0,PP Ojha,Kingsmead,HDPK Dharmasena,SJA Taufel
129,2009,Port Elizabeth,2009-04-26,Royal Challengers Bangalore,Delhi Daredevils,Royal Challengers Bangalore,bat,normal,0,Delhi Daredevils,0,6,TM Dilshan,St George's Park,S Asnani,BG Jerling
130,2009,Cape Town,2009-04-26,Kings XI Punjab,Rajasthan Royals,Kings XI Punjab,bat,normal,0,Kings XI Punjab,27,0,KC Sangakkara,Newlands,M Erasmus,K Hariharan
131,2009,Durban,2009-04-27,Chennai Super Kings,Deccan Chargers,Deccan Chargers,field,normal,0,Deccan Chargers,0,6,HH Gibbs,Kingsmead,IL Howell,TH Wijewardene
132,2009,Port Elizabeth,2009-04-27,Mumbai Indians,Kolkata Knight Riders,Mumbai Indians,bat,normal,0,Mumbai Indians,92,0,SR Tendulkar,St George's Park,BG Jerling,RB Tiffin
133,2009,Centurion,2009-04-28,Delhi Daredevils,Rajasthan Royals,Delhi Daredevils,bat,normal,0,Rajasthan Royals,0,5,YK Pathan,SuperSport Park,GAV Baxter,RE Koertzen
134,2009,Durban,2009-04-29,Kolkata Knight Riders,Royal Challengers Bangalore,Kolkata Knight Riders,bat,normal,0,Royal Challengers Bangalore,0,5,MV Boucher,Kingsmead,MR Benson,TH Wijewardene
135,2009,Durban,2009-04-29,Kings XI Punjab,Mumbai Indians,Kings XI Punjab,bat,normal,0,Kings XI Punjab,3,0,KC Sangakkara,Kingsmead,MR Benson,SL Shastri
136,2009,Centurion,2009-04-30,Deccan Chargers,Delhi Daredevils,Delhi Daredevils,field,normal,0,Delhi Daredevils,0,6,DP Nannes,SuperSport Park,GAV Baxter,AM Saheba
137,2009,Centurion,2009-04-30,Chennai Super Kings,Rajasthan Royals,Rajasthan Royals,field,normal,0,Chennai Super Kings,38,0,SK Raina,SuperSport Park,GAV Baxter,RE Koertzen
138,2009,East London,2009-05-01,Mumbai Indians,Kolkata Knight Riders,Mumbai Indians,bat,normal,0,Mumbai Indians,9,0,JP Duminy,Buffalo Park,M Erasmus,SK Tarapore
139,2009,Durban,2009-05-01,Royal Challengers Bangalore,Kings XI Punjab,Royal Challengers Bangalore,bat,normal,0,Royal Challengers Bangalore,8,0,Yuvraj Singh,Kingsmead,HDPK Dharmasena,S Ravi
140,2009,Port Elizabeth,2009-05-02,Deccan Chargers,Rajasthan Royals,Deccan Chargers,bat,normal,0,Rajasthan Royals,0,3,YK Pathan,St George's Park,S Asnani,BG Jerling
141,2009,Johannesburg,2009-05-02,Chennai Super Kings,Delhi Daredevils,Delhi Daredevils,field,normal,0,Chennai Super Kings,18,0,SB Jakati,New Wanderers Stadium,DJ Harper,RE Koertzen
142,2009,Port Elizabeth,2009-05-03,Kolkata Knight Riders,Kings XI Punjab,Kolkata Knight Riders,bat,normal,0,Kings XI Punjab,0,6,DPMD Jayawardene,St George's Park,S Asnani,MR Benson
143,2009,Johannesburg,2009-05-03,Mumbai Indians,Royal Challengers Bangalore,Mumbai Indians,bat,normal,0,Royal Challengers Bangalore,0,9,JH Kallis,New Wanderers Stadium,RE Koertzen,TH Wijewardene
144,2009,East London,2009-05-04,Chennai Super Kings,Deccan Chargers,Chennai Super Kings,bat,normal,0,Chennai Super Kings,78,0,MS Dhoni,Buffalo Park,BR Doctrove,M Erasmus
145,2009,Durban,2009-05-05,Rajasthan Royals,Kings XI Punjab,Kings XI Punjab,field,normal,0,Rajasthan Royals,78,0,GC Smith,Kingsmead,SS Hazare,IL Howell
146,2009,Durban,2009-05-05,Kolkata Knight Riders,Delhi Daredevils,Kolkata Knight Riders,bat,normal,0,Delhi Daredevils,0,9,G Gambhir,Kingsmead,GAV Baxter,IL Howell
147,2009,Centurion,2009-05-06,Deccan Chargers,Mumbai Indians,Deccan Chargers,bat,normal,0,Deccan Chargers,19,0,RG Sharma,SuperSport Park,MR Benson,HDPK Dharmasena
148,2009,Centurion,2009-05-07,Royal Challengers Bangalore,Rajasthan Royals,Rajasthan Royals,field,normal,0,Rajasthan Royals,0,7,A Singh,SuperSport Park,K Hariharan,DJ Harper
149,2009,Centurion,2009-05-07,Chennai Super Kings,Kings XI Punjab,Chennai Super Kings,bat,normal,1,Chennai Super Kings,12,0,ML Hayden,SuperSport Park,DJ Harper,TH Wijewardene
150,2009,East London,2009-05-08,Mumbai Indians,Delhi Daredevils,Mumbai Indians,bat,normal,0,Delhi Daredevils,0,7,A Nehra,Buffalo Park,M Erasmus,SK Tarapore
151,2009,Kimberley,2009-05-09,Deccan Chargers,Kings XI Punjab,Kings XI Punjab,field,normal,0,Kings XI Punjab,0,3,DPMD Jayawardene,De Beers Diamond Oval,GAV Baxter,AM Saheba
152,2009,Kimberley,2009-05-09,Rajasthan Royals,Chennai Super Kings,Rajasthan Royals,bat,normal,0,Chennai Super Kings,0,7,S Badrinath,De Beers Diamond Oval,GAV Baxter,HDPK Dharmasena
153,2009,Port Elizabeth,2009-05-10,Mumbai Indians,Royal Challengers Bangalore,Mumbai Indians,bat,normal,0,Mumbai Indians,16,0,JP Duminy,St George's Park,BR Doctrove,BG Jerling
154,2009,Johannesburg,2009-05-10,Kolkata Knight Riders,Delhi Daredevils,Delhi Daredevils,field,normal,0,Delhi Daredevils,0,7,A Mishra,New Wanderers Stadium,SL Shastri,RB Tiffin
155,2009,Kimberley,2009-05-11,Deccan Chargers,Rajasthan Royals,Deccan Chargers,bat,normal,0,Deccan Chargers,53,0,DR Smith,De Beers Diamond Oval,GAV Baxter,HDPK Dharmasena
156,2009,Centurion,2009-05-12,Kolkata Knight Riders,Royal Challengers Bangalore,Royal Challengers Bangalore,field,normal,0,Royal Challengers Bangalore,0,6,LRPL Taylor,SuperSport Park,M Erasmus,SS Hazare
157,2009,Centurion,2009-05-12,Kings XI Punjab,Mumbai Indians,Kings XI Punjab,bat,normal,0,Mumbai Indians,0,8,Harbhajan Singh,SuperSport Park,SS Hazare,RE Koertzen
158,2009,Durban,2009-05-13,Delhi Daredevils,Deccan Chargers,Deccan Chargers,field,normal,0,Delhi Daredevils,12,0,R Bhatia,Kingsmead,DJ Harper,SL Shastri
159,2009,Durban,2009-05-14,Chennai Super Kings,Royal Challengers Bangalore,Chennai Super Kings,bat,normal,0,Royal Challengers Bangalore,0,2,LRPL Taylor,Kingsmead,BR Doctrove,DJ Harper
160,2009,Durban,2009-05-14,Rajasthan Royals,Mumbai Indians,Rajasthan Royals,bat,normal,0,Rajasthan Royals,2,0,SK Warne,Kingsmead,BR Doctrove,DJ Harper
161,2009,Bloemfontein,2009-05-15,Delhi Daredevils,Kings XI Punjab,Kings XI Punjab,field,normal,0,Kings XI Punjab,0,6,B Lee,OUTsurance Oval,HDPK Dharmasena,IL Howell
162,2009,Port Elizabeth,2009-05-16,Mumbai Indians,Chennai Super Kings,Mumbai Indians,bat,normal,0,Chennai Super Kings,0,7,ML Hayden,St George's Park,SK Tarapore,SJA Taufel
163,2009,Johannesburg,2009-05-16,Kolkata Knight Riders,Deccan Chargers,Deccan Chargers,field,normal,0,Deccan Chargers,0,6,RG Sharma,New Wanderers Stadium,RE Koertzen,S Ravi
164,2009,Johannesburg,2009-05-17,Kings XI Punjab,Deccan Chargers,Deccan Chargers,field,normal,0,Kings XI Punjab,1,0,Yuvraj Singh,New Wanderers Stadium,S Ravi,RB Tiffin
165,2009,Bloemfontein,2009-05-17,Delhi Daredevils,Rajasthan Royals,Delhi Daredevils,bat,normal,0,Delhi Daredevils,14,0,AB de Villiers,OUTsurance Oval,SS Hazare,IL Howell
166,2009,Centurion,2009-05-18,Chennai Super Kings,Kolkata Knight Riders,Chennai Super Kings,bat,normal,0,Kolkata Knight Riders,0,7,BJ Hodge,SuperSport Park,SJA Taufel,RB Tiffin
167,2009,Johannesburg,2009-05-19,Delhi Daredevils,Royal Challengers Bangalore,Delhi Daredevils,bat,normal,0,Royal Challengers Bangalore,0,7,JH Kallis,New Wanderers Stadium,IL Howell,RB Tiffin
168,2009,Durban,2009-05-20,Rajasthan Royals,Kolkata Knight Riders,Kolkata Knight Riders,field,normal,0,Kolkata Knight Riders,0,4,LR Shukla,Kingsmead,BG Jerling,SJA Taufel
169,2009,Durban,2009-05-20,Chennai Super Kings,Kings XI Punjab,Chennai Super Kings,bat,normal,0,Chennai Super Kings,24,0,M Muralitharan,Kingsmead,BG Jerling,SJA Taufel
170,2009,Centurion,2009-05-21,Mumbai Indians,Delhi Daredevils,Delhi Daredevils,field,normal,0,Delhi Daredevils,0,4,V Sehwag,SuperSport Park,IL Howell,S Ravi
171,2009,Centurion,2009-05-21,Royal Challengers Bangalore,Deccan Chargers,Royal Challengers Bangalore,bat,normal,0,Royal Challengers Bangalore,12,0,MK Pandey,SuperSport Park,IL Howell,S Ravi
172,2009,Centurion,2009-05-22,Delhi Daredevils,Deccan Chargers,Deccan Chargers,field,normal,0,Deccan Chargers,0,6,AC Gilchrist,SuperSport Park,BR Doctrove,DJ Harper
173,2009,Johannesburg,2009-05-23,Chennai Super Kings,Royal Challengers Bangalore,Royal Challengers Bangalore,field,normal,0,Royal Challengers Bangalore,0,6,MK Pandey,New Wanderers Stadium,RE Koertzen,SJA Taufel
174,2009,Johannesburg,2009-05-24,Deccan Chargers,Royal Challengers Bangalore,Royal Challengers Bangalore,field,normal,0,Deccan Chargers,6,0,A Kumble,New Wanderers Stadium,RE Koertzen,SJA Taufel
175,2010,Mumbai,2010-03-12,Kolkata Knight Riders,Deccan Chargers,Deccan Chargers,field,normal,0,Kolkata Knight Riders,11,0,AD Mathews,"Dr DY Patil Sports Academy, Mumbai",RE Koertzen,RB Tiffin
176,2010,Mumbai,2010-03-13,Mumbai Indians,Rajasthan Royals,Mumbai Indians,bat,normal,0,Mumbai Indians,4,0,YK Pathan,"Brabourne Stadium, Mumbai",RE Koertzen,RB Tiffin
177,2010,Chandigarh,2010-03-13,Kings XI Punjab,Delhi Daredevils,Delhi Daredevils,field,normal,0,Delhi Daredevils,0,5,G Gambhir,"Punjab Cricket Association IS Bindra Stadium, Mohali, Chandigarh",BR Doctrove,S Ravi
178,2010,Kolkata,2010-03-14,Royal Challengers Bangalore,Kolkata Knight Riders,Kolkata Knight Riders,field,normal,0,Kolkata Knight Riders,0,7,MK Tiwary,"Eden Gardens, Kolkata",HDPK Dharmasena,AM Saheba
179,2010,Chennai,2010-03-14,Deccan Chargers,Chennai Super Kings,Deccan Chargers,bat,normal,0,Deccan Chargers,31,0,WPUJC Vaas,"MA Chidambaram Stadium, Chepauk, Chennai",K Hariharan,DJ Harper
180,2010,Ahmedabad,2010-03-15,Rajasthan Royals,Delhi Daredevils,Delhi Daredevils,field,normal,0,Delhi Daredevils,0,6,V Sehwag,"Sardar Patel Stadium, Motera",BG Jerling,RE Koertzen
181,2010,Bengaluru,2010-03-16,Kings XI Punjab,Royal Challengers Bangalore,Kings XI Punjab,bat,normal,0,Royal Challengers Bangalore,0,8,JH Kallis,"M Chinnaswamy Stadium, Bengaluru",S Das,DJ Harper
182,2010,Kolkata,2010-03-16,Chennai Super Kings,Kolkata Knight Riders,Chennai Super Kings,bat,normal,0,Chennai Super Kings,55,0,MS Dhoni,"Eden Gardens, Kolkata",HDPK Dharmasena,AM Saheba
183,2010,Delhi,2010-03-17,Mumbai Indians,Delhi Daredevils,Delhi Daredevils,field,normal,0,Mumbai Indians,98,0,SR Tendulkar,Feroz Shah Kotla,BR Doctrove,SK Tarapore
184,2010,Bengaluru,2010-03-18,Rajasthan Royals,Royal Challengers Bangalore,Royal Challengers Bangalore,field,normal,0,Royal Challengers Bangalore,0,10,JH Kallis,"M Chinnaswamy Stadium, Bengaluru",K Hariharan,DJ Harper
185,2010,Delhi,2010-03-19,Delhi Daredevils,Chennai Super Kings,Delhi Daredevils,bat,normal,0,Chennai Super Kings,0,5,ML Hayden,Feroz Shah Kotla,BR Doctrove,SK Tarapore
186,2010,Cuttack,2010-03-19,Deccan Chargers,Kings XI Punjab,Kings XI Punjab,field,normal,0,Deccan Chargers,6,0,A Symonds,Barabati Stadium,BF Bowden,M Erasmus
187,2010,Ahmedabad,2010-03-20,Rajasthan Royals,Kolkata Knight Riders,Rajasthan Royals,bat,normal,0,Rajasthan Royals,34,0,AA Jhunjhunwala,"Sardar Patel Stadium, Motera",RE Koertzen,RB Tiffin
188,2010,Mumbai,2010-03-20,Mumbai Indians,Royal Challengers Bangalore,Mumbai Indians,bat,normal,0,Royal Challengers Bangalore,0,7,JH Kallis,"Brabourne Stadium, Mumbai",HDPK Dharmasena,SS Hazare
189,2010,Cuttack,2010-03-21,Deccan Chargers,Delhi Daredevils,Deccan Chargers,bat,normal,0,Deccan Chargers,10,0,A Symonds,Barabati Stadium,BF Bowden,M Erasmus
190,2010,Chennai,2010-03-21,Kings XI Punjab,Chennai Super Kings,Chennai Super Kings,field,tie,0,Kings XI Punjab,0,0,J Theron,"MA Chidambaram Stadium, Chepauk, Chennai",K Hariharan,DJ Harper
191,2010,Mumbai,2010-03-22,Kolkata Knight Riders,Mumbai Indians,Kolkata Knight Riders,bat,normal,0,Mumbai Indians,0,7,SR Tendulkar,"Brabourne Stadium, Mumbai",SS Hazare,SJA Taufel
192,2010,Bengaluru,2010-03-23,Royal Challengers Bangalore,Chennai Super Kings,Chennai Super Kings,field,normal,0,Royal Challengers Bangalore,36,0,RV Uthappa,"M Chinnaswamy Stadium, Bengaluru",RE Koertzen,RB Tiffin
193,2010,Chandigarh,2010-03-24,Rajasthan Royals,Kings XI Punjab,Kings XI Punjab,field,normal,0,Rajasthan Royals,31,0,AC Voges,"Punjab Cricket Association IS Bindra Stadium, Mohali, Chandigarh",BR Doctrove,SK Tarapore
194,2010,Mumbai,2010-03-25,Chennai Super Kings,Mumbai Indians,Mumbai Indians,field,normal,0,Mumbai Indians,0,5,SR Tendulkar,"Brabourne Stadium, Mumbai",BF Bowden,AM Saheba
197,2010,Bengaluru,2010-03-25,Delhi Daredevils,Royal Challengers Bangalore,Royal Challengers Bangalore,field,normal,0,Delhi Daredevils,17,0,KM Jadhav,"M Chinnaswamy Stadium, Bengaluru",BG Jerling,RE Koertzen
195,2010,Ahmedabad,2010-03-26,Deccan Chargers,Rajasthan Royals,Deccan Chargers,bat,normal,0,Rajasthan Royals,0,8,YK Pathan,"Sardar Patel Stadium, Motera",HDPK Dharmasena,SJA Taufel
196,2010,Chandigarh,2010-03-27,Kolkata Knight Riders,Kings XI Punjab,Kolkata Knight Riders,bat,normal,0,Kolkata Knight Riders,39,0,MK Tiwary,"Punjab Cricket Association IS Bindra Stadium, Mohali, Chandigarh",BR Doctrove,S Ravi
198,2010,Ahmedabad,2010-03-28,Rajasthan Royals,Chennai Super Kings,Rajasthan Royals,bat,normal,0,Rajasthan Royals,17,0,NV Ojha,"Sardar Patel Stadium, Motera",SS Hazare,SJA Taufel
199,2010,Mumbai,2010-03-28,Mumbai Indians,Deccan Chargers,Deccan Chargers,field,normal,0,Mumbai Indians,41,0,Harbhajan Singh,"Dr DY Patil Sports Academy, Mumbai",S Das,K Hariharan
200,2010,Delhi,2010-03-29,Delhi Daredevils,Kolkata Knight Riders,Delhi Daredevils,bat,normal,0,Delhi Daredevils,40,0,DA Warner,Feroz Shah Kotla,SS Hazare,SJA Taufel
201,2010,Mumbai,2010-03-30,Kings XI Punjab,Mumbai Indians,Mumbai Indians,field,normal,0,Mumbai Indians,0,4,SL Malinga,"Brabourne Stadium, Mumbai",BR Doctrove,SK Tarapore
202,2010,Chennai,2010-03-31,Royal Challengers Bangalore,Chennai Super Kings,Royal Challengers Bangalore,bat,normal,0,Chennai Super Kings,0,5,M Vijay,"MA Chidambaram Stadium, Chepauk, Chennai",BG Jerling,RE Koertzen
203,2010,Delhi,2010-03-31,Delhi Daredevils,Rajasthan Royals,Delhi Daredevils,bat,normal,0,Delhi Daredevils,67,0,KD Karthik,Feroz Shah Kotla,HDPK Dharmasena,SJA Taufel
204,2010,Kolkata,2010-04-01,Kolkata Knight Riders,Deccan Chargers,Kolkata Knight Riders,bat,normal,0,Kolkata Knight Riders,24,0,SC Ganguly,"Eden Gardens, Kolkata",K Hariharan,DJ Harper
205,2010,Chandigarh,2010-04-02,Kings XI Punjab,Royal Challengers Bangalore,Kings XI Punjab,bat,normal,0,Royal Challengers Bangalore,0,6,KP Pietersen,"Punjab Cricket Association IS Bindra Stadium, Mohali, Chandigarh",BF Bowden,M Erasmus
206,2010,Chennai,2010-04-03,Chennai Super Kings,Rajasthan Royals,Chennai Super Kings,bat,normal,0,Chennai Super Kings,23,0,M Vijay,"MA Chidambaram Stadium, Chepauk, Chennai",RE Koertzen,RB Tiffin
207,2010,Mumbai,2010-04-03,Mumbai Indians,Deccan Chargers,Mumbai Indians,bat,normal,0,Mumbai Indians,63,0,AT Rayudu,"Brabourne Stadium, Mumbai",BR Doctrove,S Ravi
208,2010,Kolkata,2010-04-04,Kolkata Knight Riders,Kings XI Punjab,Kolkata Knight Riders,bat,normal,0,Kings XI Punjab,0,8,DPMD Jayawardene,"Eden Gardens, Kolkata",S Asnani,DJ Harper
209,2010,Delhi,2010-04-04,Delhi Daredevils,Royal Challengers Bangalore,Delhi Daredevils,bat,normal,0,Delhi Daredevils,37,0,PD Collingwood,Feroz Shah Kotla,BF Bowden,M Erasmus
210,2010,Nagpur,2010-04-05,Rajasthan Royals,Deccan Chargers,Rajasthan Royals,bat,normal,0,Rajasthan Royals,2,0,SK Warne,"Vidarbha Cricket Association Stadium, Jamtha",HDPK Dharmasena,SJA Taufel
211,2010,Chennai,2010-04-06,Chennai Super Kings,Mumbai Indians,Chennai Super Kings,bat,normal,0,Chennai Super Kings,24,0,SK Raina,"MA Chidambaram Stadium, Chepauk, Chennai",S Asnani,DJ Harper
212,2010,Jaipur,2010-04-07,Kings XI Punjab,Rajasthan Royals,Kings XI Punjab,bat,normal,0,Rajasthan Royals,0,9,MJ Lumb,"Sawai Mansingh Stadium, Jaipur",S Ravi,SK Tarapore
213,2010,Kolkata,2010-04-07,Kolkata Knight Riders,Delhi Daredevils,Kolkata Knight Riders,bat,normal,0,Kolkata Knight Riders,14,0,SC Ganguly,"Eden Gardens, Kolkata",BG Jerling,RE Koertzen
214,2010,Bengaluru,2010-04-08,Royal Challengers Bangalore,Deccan Chargers,Deccan Chargers,field,normal,0,Deccan Chargers,0,7,TL Suman,"M Chinnaswamy Stadium, Bengaluru",S Asnani,DJ Harper
215,2010,Chandigarh,2010-04-09,Mumbai Indians,Kings XI Punjab,Mumbai Indians,bat,normal,0,Kings XI Punjab,0,6,KC Sangakkara,"Punjab Cricket Association IS Bindra Stadium, Mohali, Chandigarh",M Erasmus,AM Saheba
216,2010,Nagpur,2010-04-10,Chennai Super Kings,Deccan Chargers,Chennai Super Kings,bat,normal,0,Deccan Chargers,0,6,RJ Harris,"Vidarbha Cricket Association Stadium, Jamtha",HDPK Dharmasena,SJA Taufel
217,2010,Bengaluru,2010-04-10,Kolkata Knight Riders,Royal Challengers Bangalore,Royal Challengers Bangalore,field,normal,0,Royal Challengers Bangalore,0,7,R Vinay Kumar,"M Chinnaswamy Stadium, Bengaluru",K Hariharan,DJ Harper
218,2010,Delhi,2010-04-11,Delhi Daredevils,Kings XI Punjab,Delhi Daredevils,bat,normal,0,Kings XI Punjab,0,7,PP Chawla,Feroz Shah Kotla,BF Bowden,AM Saheba
219,2010,Jaipur,2010-04-11,Mumbai Indians,Rajasthan Royals,Rajasthan Royals,field,normal,0,Mumbai Indians,37,0,SR Tendulkar,"Sawai Mansingh Stadium, Jaipur",BR Doctrove,SK Tarapore
220,2010,Nagpur,2010-04-12,Deccan Chargers,Royal Challengers Bangalore,Royal Challengers Bangalore,field,normal,0,Deccan Chargers,13,0,Harmeet Singh,"Vidarbha Cricket Association Stadium, Jamtha",RE Koertzen,RB Tiffin
221,2010,Mumbai,2010-04-13,Mumbai Indians,Delhi Daredevils,Mumbai Indians,bat,normal,0,Mumbai Indians,39,0,KA Pollard,"Brabourne Stadium, Mumbai",S Asnani,DJ Harper
222,2010,Chennai,2010-04-13,Kolkata Knight Riders,Chennai Super Kings,Kolkata Knight Riders,bat,normal,0,Chennai Super Kings,0,9,R Ashwin,"MA Chidambaram Stadium, Chepauk, Chennai",SS Hazare,SJA Taufel
223,2010,Jaipur,2010-04-14,Rajasthan Royals,Royal Challengers Bangalore,Rajasthan Royals,bat,normal,0,Royal Challengers Bangalore,0,5,KP Pietersen,"Sawai Mansingh Stadium, Jaipur",BR Doctrove,S Ravi
224,2010,Chennai,2010-04-15,Chennai Super Kings,Delhi Daredevils,Chennai Super Kings,bat,normal,0,Delhi Daredevils,0,6,G Gambhir,"MA Chidambaram Stadium, Chepauk, Chennai",HDPK Dharmasena,SS Hazare
225,2010,Dharamsala,2010-04-16,Kings XI Punjab,Deccan Chargers,Deccan Chargers,field,normal,0,Deccan Chargers,0,5,RG Sharma,"Himachal Pradesh Cricket Association Stadium, Dharamsala",M Erasmus,AM Saheba
226,2010,Bengaluru,2010-04-17,Mumbai Indians,Royal Challengers Bangalore,Royal Challengers Bangalore,field,normal,0,Mumbai Indians,57,0,R McLaren,"M Chinnaswamy Stadium, Bengaluru",HDPK Dharmasena,SJA Taufel
227,2010,Kolkata,2010-04-17,Rajasthan Royals,Kolkata Knight Riders,Rajasthan Royals,bat,normal,0,Kolkata Knight Riders,0,8,JD Unadkat,"Eden Gardens, Kolkata",BG Jerling,RB Tiffin
228,2010,Dharamsala,2010-04-18,Kings XI Punjab,Chennai Super Kings,Chennai Super Kings,field,normal,0,Chennai Super Kings,0,6,MS Dhoni,"Himachal Pradesh Cricket Association Stadium, Dharamsala",BF Bowden,AM Saheba
229,2010,Delhi,2010-04-18,Deccan Chargers,Delhi Daredevils,Deccan Chargers,bat,normal,0,Deccan Chargers,11,0,A Symonds,Feroz Shah Kotla,BR Doctrove,SK Tarapore
230,2010,Kolkata,2010-04-19,Mumbai Indians,Kolkata Knight Riders,Mumbai Indians,bat,normal,0,Kolkata Knight Riders,0,9,M Kartik,"Eden Gardens, Kolkata",BG Jerling,RE Koertzen
231,2010,Mumbai,2010-04-21,Mumbai Indians,Royal Challengers Bangalore,Mumbai Indians,bat,normal,0,Mumbai Indians,35,0,KA Pollard,"Dr DY Patil Sports Academy, Mumbai",BR Doctrove,RB Tiffin
232,2010,Mumbai,2010-04-22,Chennai Super Kings,Deccan Chargers,Chennai Super Kings,bat,normal,0,Chennai Super Kings,38,0,DE Bollinger,"Dr DY Patil Sports Academy, Mumbai",BR Doctrove,RB Tiffin
233,2010,Mumbai,2010-04-24,Deccan Chargers,Royal Challengers Bangalore,Deccan Chargers,bat,normal,0,Royal Challengers Bangalore,0,9,A Kumble,"Dr DY Patil Sports Academy, Mumbai",RE Koertzen,SJA Taufel
234,2010,Mumbai,2010-04-25,Chennai Super Kings,Mumbai Indians,Chennai Super Kings,bat,normal,0,Chennai Super Kings,22,0,SK Raina,"Dr DY Patil Sports Academy, Mumbai",RE Koertzen,SJA Taufel
235,2011,Chennai,2011-04-08,Chennai Super Kings,Kolkata Knight Riders,Chennai Super Kings,bat,normal,0,Chennai Super Kings,2,0,S Anirudha,"MA Chidambaram Stadium, Chepauk, Chennai",BR Doctrove,PR Reiffel
236,2011,Hyderabad,2011-04-09,Deccan Chargers,Rajasthan Royals,Rajasthan Royals,field,normal,0,Rajasthan Royals,0,8,SK Trivedi,"Rajiv Gandhi International Stadium, Uppal, Hyderabad",RE Koertzen,SK Tarapore
237,2011,Kochi,2011-04-09,Kochi Tuskers Kerala,Royal Challengers Bangalore,Kochi Tuskers Kerala,bat,normal,0,Royal Challengers Bangalore,0,6,AB de Villiers,Nehru Stadium,HDPK Dharmasena,K Hariharan
238,2011,Delhi,2011-04-10,Delhi Daredevils,Mumbai Indians,Delhi Daredevils,bat,normal,0,Mumbai Indians,0,8,SL Malinga,Feroz Shah Kotla,AM Saheba,RB Tiffin
239,2011,Mumbai,2011-04-10,Kings XI Punjab,Pune Warriors,Kings XI Punjab,bat,normal,0,Pune Warriors,0,7,SB Wagh,"Dr DY Patil Sports Academy, Mumbai",BR Doctrove,PR Reiffel
240,2011,Kolkata,2011-04-11,Kolkata Knight Riders,Deccan Chargers,Kolkata Knight Riders,bat,normal,0,Kolkata Knight Riders,9,0,JH Kallis,"Eden Gardens, Kolkata",RE Koertzen,SK Tarapore
241,2011,Jaipur,2011-04-12,Delhi Daredevils,Rajasthan Royals,Delhi Daredevils,bat,normal,0,Rajasthan Royals,0,6,SK Warne,"Sawai Mansingh Stadium, Jaipur",Aleem Dar,RB Tiffin
242,2011,Bengaluru,2011-04-12,Royal Challengers Bangalore,Mumbai Indians,Mumbai Indians,field,normal,0,Mumbai Indians,0,9,SR Tendulkar,"M Chinnaswamy Stadium, Bengaluru",HDPK Dharmasena,AL Hill
243,2011,Chandigarh,2011-04-13,Chennai Super Kings,Kings XI Punjab,Kings XI Punjab,field,normal,0,Kings XI Punjab,0,6,PC Valthaty,"Punjab Cricket Association IS Bindra Stadium, Mohali, Chandigarh",Asad Rauf,SL Shastri
244,2011,Mumbai,2011-04-13,Kochi Tuskers Kerala,Pune Warriors,Kochi Tuskers Kerala,bat,normal,0,Pune Warriors,0,4,MD Mishra,"Dr DY Patil Sports Academy, Mumbai",S Asnani,PR Reiffel
245,2011,Hyderabad,2011-04-14,Deccan Chargers,Royal Challengers Bangalore,Royal Challengers Bangalore,field,normal,0,Deccan Chargers,33,0,DW Steyn,"Rajiv Gandhi International Stadium, Uppal, Hyderabad",RE Koertzen,S Ravi
246,2011,Jaipur,2011-04-15,Rajasthan Royals,Kolkata Knight Riders,Kolkata Knight Riders,field,normal,0,Kolkata Knight Riders,0,9,G Gambhir,"Sawai Mansingh Stadium, Jaipur",Aleem Dar,SS Hazare
247,2011,Mumbai,2011-04-15,Mumbai Indians,Kochi Tuskers Kerala,Kochi Tuskers Kerala,field,normal,0,Kochi Tuskers Kerala,0,8,BB McCullum,"Wankhede Stadium, Mumbai",BR Doctrove,PR Reiffel
248,2011,Chennai,2011-04-16,Chennai Super Kings,Royal Challengers Bangalore,Chennai Super Kings,bat,normal,0,Chennai Super Kings,21,0,MEK Hussey,"MA Chidambaram Stadium, Chepauk, Chennai",HDPK Dharmasena,AL Hill
249,2011,Hyderabad,2011-04-16,Deccan Chargers,Kings XI Punjab,Kings XI Punjab,field,normal,0,Kings XI Punjab,0,8,PC Valthaty,"Rajiv Gandhi International Stadium, Uppal, Hyderabad",RE Koertzen,S Ravi
250,2011,Mumbai,2011-04-17,Pune Warriors,Delhi Daredevils,Delhi Daredevils,field,normal,0,Delhi Daredevils,0,3,Yuvraj Singh,"Dr DY Patil Sports Academy, Mumbai",Asad Rauf,AM Saheba
251,2011,Kolkata,2011-04-17,Rajasthan Royals,Kolkata Knight Riders,Kolkata Knight Riders,field,normal,0,Kolkata Knight Riders,0,8,L Balaji,"Eden Gardens, Kolkata",Aleem Dar,RB Tiffin
252,2011,Kochi,2011-04-18,Chennai Super Kings,Kochi Tuskers Kerala,Kochi Tuskers Kerala,field,normal,1,Kochi Tuskers Kerala,0,7,BB McCullum,Nehru Stadium,K Hariharan,AL Hill
253,2011,Delhi,2011-04-19,Deccan Chargers,Delhi Daredevils,Deccan Chargers,bat,normal,0,Deccan Chargers,16,0,S Sohal,Feroz Shah Kotla,PR Reiffel,RJ Tucker
254,2011,Mumbai,2011-04-20,Pune Warriors,Mumbai Indians,Pune Warriors,bat,normal,0,Mumbai Indians,0,7,MM Patel,"Wankhede Stadium, Mumbai",Asad Rauf,AM Saheba
255,2011,Kolkata,2011-04-20,Kochi Tuskers Kerala,Kolkata Knight Riders,Kolkata Knight Riders,field,normal,0,Kochi Tuskers Kerala,6,0,DPMD Jayawardene,"Eden Gardens, Kolkata",Aleem Dar,RB Tiffin
256,2011,Chandigarh,2011-04-21,Kings XI Punjab,Rajasthan Royals,Rajasthan Royals,field,normal,0,Kings XI Punjab,48,0,SE Marsh,"Punjab Cricket Association IS Bindra Stadium, Mohali, Chandigarh",S Asnani,PR Reiffel
257,2011,Mumbai,2011-04-22,Mumbai Indians,Chennai Super Kings,Chennai Super Kings,field,normal,0,Mumbai Indians,8,0,Harbhajan Singh,"Wankhede Stadium, Mumbai",Asad Rauf,AM Saheba
258,2011,Kolkata,2011-04-22,Kolkata Knight Riders,Royal Challengers Bangalore,Royal Challengers Bangalore,field,normal,0,Royal Challengers Bangalore,0,9,CH Gayle,"Eden Gardens, Kolkata",SS Hazare,RB Tiffin
259,2011,Delhi,2011-04-23,Delhi Daredevils,Kings XI Punjab,Kings XI Punjab,field,normal,0,Delhi Daredevils,29,0,DA Warner,Feroz Shah Kotla,S Asnani,RE Koertzen
260,2011,Hyderabad,2011-04-24,Mumbai Indians,Deccan Chargers,Deccan Chargers,field,normal,0,Mumbai Indians,37,0,SL Malinga,"Rajiv Gandhi International Stadium, Uppal, Hyderabad",HDPK Dharmasena,AL Hill
261,2011,Jaipur,2011-04-24,Kochi Tuskers Kerala,Rajasthan Royals,Rajasthan Royals,field,normal,0,Rajasthan Royals,0,8,SK Warne,"Sawai Mansingh Stadium, Jaipur",BR Doctrove,SK Tarapore
262,2011,Chennai,2011-04-25,Chennai Super Kings,Pune Warriors,Pune Warriors,field,normal,0,Chennai Super Kings,25,0,MEK Hussey,"MA Chidambaram Stadium, Chepauk, Chennai",Aleem Dar,RB Tiffin
263,2011,Delhi,2011-04-26,Delhi Daredevils,Royal Challengers Bangalore,Royal Challengers Bangalore,field,normal,0,Royal Challengers Bangalore,0,3,V Kohli,Feroz Shah Kotla,S Asnani,RJ Tucker
264,2011,Mumbai,2011-04-27,Pune Warriors,Chennai Super Kings,Pune Warriors,bat,normal,0,Chennai Super Kings,0,8,DE Bollinger,"Dr DY Patil Sports Academy, Mumbai",Asad Rauf,SL Shastri
265,2011,Kochi,2011-04-27,Deccan Chargers,Kochi Tuskers Kerala,Kochi Tuskers Kerala,field,normal,0,Deccan Chargers,55,0,I Sharma,Nehru Stadium,HDPK Dharmasena,AL Hill
266,2011,Delhi,2011-04-28,Kolkata Knight Riders,Delhi Daredevils,Delhi Daredevils,field,normal,0,Kolkata Knight Riders,17,0,MK Tiwary,Feroz Shah Kotla,PR Reiffel,RJ Tucker
267,2011,Jaipur,2011-04-29,Mumbai Indians,Rajasthan Royals,Rajasthan Royals,field,normal,0,Rajasthan Royals,0,7,J Botha,"Sawai Mansingh Stadium, Jaipur",Asad Rauf,SK Tarapore
268,2011,Bengaluru,2011-04-29,Royal Challengers Bangalore,Pune Warriors,Pune Warriors,field,normal,0,Royal Challengers Bangalore,26,0,V Kohli,"M Chinnaswamy Stadium, Bengaluru",Aleem Dar,SS Hazare
269,2011,Kochi,2011-04-30,Delhi Daredevils,Kochi Tuskers Kerala,Delhi Daredevils,bat,normal,0,Delhi Daredevils,38,0,V Sehwag,Nehru Stadium,HDPK Dharmasena,AL Hill
270,2011,Kolkata,2011-04-30,Kings XI Punjab,Kolkata Knight Riders,Kolkata Knight Riders,field,normal,0,Kolkata Knight Riders,0,8,Iqbal Abdulla,"Eden Gardens, Kolkata",AM Saheba,SL Shastri
271,2011,Jaipur,2011-05-01,Pune Warriors,Rajasthan Royals,Rajasthan Royals,field,normal,0,Rajasthan Royals,0,6,LRPL Taylor,"Sawai Mansingh Stadium, Jaipur",SK Tarapore,SJA Taufel
272,2011,Chennai,2011-05-01,Chennai Super Kings,Deccan Chargers,Chennai Super Kings,bat,normal,0,Chennai Super Kings,19,0,JA Morkel,"MA Chidambaram Stadium, Chepauk, Chennai",Aleem Dar,RB Tiffin
273,2011,Mumbai,2011-05-02,Mumbai Indians,Kings XI Punjab,Kings XI Punjab,field,normal,0,Mumbai Indians,23,0,KA Pollard,"Wankhede Stadium, Mumbai",HDPK Dharmasena,PR Reiffel
274,2011,Delhi,2011-05-02,Delhi Daredevils,Kochi Tuskers Kerala,Kochi Tuskers Kerala,field,normal,0,Kochi Tuskers Kerala,0,7,P Parameswaran,Feroz Shah Kotla,Asad Rauf,SL Shastri
275,2011,Hyderabad,2011-05-03,Kolkata Knight Riders,Deccan Chargers,Deccan Chargers,field,normal,0,Kolkata Knight Riders,20,0,YK Pathan,"Rajiv Gandhi International Stadium, Uppal, Hyderabad",S Asnani,RJ Tucker
276,2011,Chennai,2011-05-04,Rajasthan Royals,Chennai Super Kings,Rajasthan Royals,bat,normal,0,Chennai Super Kings,0,8,MEK Hussey,"MA Chidambaram Stadium, Chepauk, Chennai",SS Hazare,RB Tiffin
277,2011,Mumbai,2011-05-04,Mumbai Indians,Pune Warriors,Pune Warriors,field,normal,0,Mumbai Indians,21,0,R Sharma,"Dr DY Patil Sports Academy, Mumbai",HDPK Dharmasena,SJA Taufel
278,2011,Kochi,2011-05-05,Kochi Tuskers Kerala,Kolkata Knight Riders,Kolkata Knight Riders,field,normal,0,Kochi Tuskers Kerala,17,0,BJ Hodge,Nehru Stadium,S Ravi,RJ Tucker
279,2011,Hyderabad,2011-05-05,Deccan Chargers,Delhi Daredevils,Delhi Daredevils,field,normal,0,Delhi Daredevils,0,4,V Sehwag,"Rajiv Gandhi International Stadium, Uppal, Hyderabad",Asad Rauf,AM Saheba
280,2011,Bengaluru,2011-05-06,Royal Challengers Bangalore,Kings XI Punjab,Kings XI Punjab,field,normal,0,Royal Challengers Bangalore,85,0,CH Gayle,"M Chinnaswamy Stadium, Bengaluru",Aleem Dar,RB Tiffin
281,2011,Kolkata,2011-05-07,Chennai Super Kings,Kolkata Knight Riders,Chennai Super Kings,bat,normal,1,Kolkata Knight Riders,10,0,Iqbal Abdulla,"Eden Gardens, Kolkata",Asad Rauf,PR Reiffel
282,2011,Mumbai,2011-05-07,Mumbai Indians,Delhi Daredevils,Delhi Daredevils,field,normal,0,Mumbai Indians,32,0,AT Rayudu,"Wankhede Stadium, Mumbai",K Hariharan,SJA Taufel
283,2011,Bengaluru,2011-05-08,Kochi Tuskers Kerala,Royal Challengers Bangalore,Kochi Tuskers Kerala,bat,normal,0,Royal Challengers Bangalore,0,9,CH Gayle,"M Chinnaswamy Stadium, Bengaluru",Aleem Dar,SS Hazare
284,2011,Chandigarh,2011-05-08,Kings XI Punjab,Pune Warriors,Kings XI Punjab,bat,normal,0,Pune Warriors,0,5,R Sharma,"Punjab Cricket Association IS Bindra Stadium, Mohali, Chandigarh",SK Tarapore,RJ Tucker
285,2011,Jaipur,2011-05-09,Chennai Super Kings,Rajasthan Royals,Rajasthan Royals,field,normal,0,Chennai Super Kings,63,0,M Vijay,"Sawai Mansingh Stadium, Jaipur",K Hariharan,SJA Taufel
286,2011,Hyderabad,2011-05-10,Deccan Chargers,Pune Warriors,Deccan Chargers,bat,normal,0,Pune Warriors,0,6,MR Marsh,"Rajiv Gandhi International Stadium, Uppal, Hyderabad",Asad Rauf,AM Saheba
287,2011,Chandigarh,2011-05-10,Kings XI Punjab,Mumbai Indians,Mumbai Indians,field,normal,0,Kings XI Punjab,76,0,BA Bhatt,"Punjab Cricket Association IS Bindra Stadium, Mohali, Chandigarh",SK Tarapore,RJ Tucker
288,2011,Jaipur,2011-05-11,Rajasthan Royals,Royal Challengers Bangalore,Royal Challengers Bangalore,field,normal,0,Royal Challengers Bangalore,0,9,S Aravind,"Sawai Mansingh Stadium, Jaipur",HDPK Dharmasena,K Hariharan
289,2011,Chennai,2011-05-12,Chennai Super Kings,Delhi Daredevils,Chennai Super Kings,bat,normal,0,Chennai Super Kings,18,0,MS Dhoni,"MA Chidambaram Stadium, Chepauk, Chennai",AM Saheba,SL Shastri
290,2011,Indore,2011-05-13,Kochi Tuskers Kerala,Kings XI Punjab,Kings XI Punjab,field,normal,0,Kings XI Punjab,0,6,KD Karthik,Holkar Cricket Stadium,S Asnani,RJ Tucker
291,2011,Bengaluru,2011-05-14,Kolkata Knight Riders,Royal Challengers Bangalore,Royal Challengers Bangalore,field,normal,1,Royal Challengers Bangalore,0,4,CH Gayle,"M Chinnaswamy Stadium, Bengaluru",RE Koertzen,RB Tiffin
292,2011,Mumbai,2011-05-14,Deccan Chargers,Mumbai Indians,Deccan Chargers,bat,normal,0,Deccan Chargers,10,0,A Mishra,"Wankhede Stadium, Mumbai",S Ravi,SK Tarapore
293,2011,Dharamsala,2011-05-15,Kings XI Punjab,Delhi Daredevils,Delhi Daredevils,field,normal,0,Kings XI Punjab,29,0,PP Chawla,"Himachal Pradesh Cricket Association Stadium, Dharamsala",Asad Rauf,SL Shastri
294,2011,Indore,2011-05-15,Rajasthan Royals,Kochi Tuskers Kerala,Kochi Tuskers Kerala,field,normal,0,Kochi Tuskers Kerala,0,8,BJ Hodge,Holkar Cricket Stadium,PR Reiffel,RJ Tucker
295,2011,Mumbai,2011-05-16,Pune Warriors,Deccan Chargers,Deccan Chargers,field,normal,0,Deccan Chargers,0,6,A Mishra,"Dr DY Patil Sports Academy, Mumbai",S Ravi,SK Tarapore
296,2011,Dharamsala,2011-05-17,Kings XI Punjab,Royal Challengers Bangalore,Kings XI Punjab,bat,normal,0,Kings XI Punjab,111,0,AC Gilchrist,"Himachal Pradesh Cricket Association Stadium, Dharamsala",Asad Rauf,AM Saheba
297,2011,Chennai,2011-05-18,Chennai Super Kings,Kochi Tuskers Kerala,Chennai Super Kings,bat,normal,0,Chennai Super Kings,11,0,WP Saha,"MA Chidambaram Stadium, Chepauk, Chennai",HDPK Dharmasena,RE Koertzen
298,2011,Mumbai,2011-05-19,Pune Warriors,Kolkata Knight Riders,Kolkata Knight Riders,field,normal,0,Kolkata Knight Riders,0,7,YK Pathan,"Dr DY Patil Sports Academy, Mumbai",S Ravi,SJA Taufel
299,2011,Mumbai,2011-05-20,Mumbai Indians,Rajasthan Royals,Mumbai Indians,bat,normal,0,Rajasthan Royals,0,10,SR Watson,"Wankhede Stadium, Mumbai",RE Koertzen,PR Reiffel
300,2011,Dharamsala,2011-05-21,Deccan Chargers,Kings XI Punjab,Kings XI Punjab,field,normal,0,Deccan Chargers,82,0,S Dhawan,"Himachal Pradesh Cricket Association Stadium, Dharamsala",Asad Rauf,AM Saheba
301,2011,Delhi,2011-05-21,Delhi Daredevils,Pune Warriors,Delhi Daredevils,bat,no result,0,,0,0,,Feroz Shah Kotla,SS Hazare,RJ Tucker
302,2011,Bengaluru,2011-05-22,Chennai Super Kings,Royal Challengers Bangalore,Royal Challengers Bangalore,field,normal,0,Royal Challengers Bangalore,0,8,CH Gayle,"M Chinnaswamy Stadium, Bengaluru",K Hariharan,RE Koertzen
303,2011,Kolkata,2011-05-22,Kolkata Knight Riders,Mumbai Indians,Mumbai Indians,field,normal,0,Mumbai Indians,0,5,JEC Franklin,"Eden Gardens, Kolkata",SK Tarapore,SJA Taufel
304,2011,Mumbai,2011-05-24,Royal Challengers Bangalore,Chennai Super Kings,Chennai Super Kings,field,normal,0,Chennai Super Kings,0,6,SK Raina,"Wankhede Stadium, Mumbai",Asad Rauf,SJA Taufel
305,2011,Mumbai,2011-05-25,Kolkata Knight Riders,Mumbai Indians,Mumbai Indians,field,normal,0,Mumbai Indians,0,4,MM Patel,"Wankhede Stadium, Mumbai",Asad Rauf,SJA Taufel
306,2011,Chennai,2011-05-27,Royal Challengers Bangalore,Mumbai Indians,Mumbai Indians,field,normal,0,Royal Challengers Bangalore,43,0,CH Gayle,"MA Chidambaram Stadium, Chepauk, Chennai",Asad Rauf,SJA Taufel
307,2011,Chennai,2011-05-28,Chennai Super Kings,Royal Challengers Bangalore,Chennai Super Kings,bat,normal,0,Chennai Super Kings,58,0,M Vijay,"MA Chidambaram Stadium, Chepauk, Chennai",Asad Rauf,SJA Taufel
308,2012,Chennai,2012-04-04,Chennai Super Kings,Mumbai Indians,Mumbai Indians,field,normal,0,Mumbai Indians,0,8,RE Levi,"MA Chidambaram Stadium, Chepauk, Chennai",JD Cloete,SJA Taufel
309,2012,Kolkata,2012-04-05,Kolkata Knight Riders,Delhi Daredevils,Delhi Daredevils,field,normal,0,Delhi Daredevils,0,8,IK Pathan,"Eden Gardens, Kolkata",S Asnani,HDPK Dharmasena
310,2012,Mumbai,2012-04-06,Pune Warriors,Mumbai Indians,Mumbai Indians,field,normal,0,Pune Warriors,28,0,SPD Smith,"Wankhede Stadium, Mumbai",AK Chaudhary,SJA Taufel
311,2012,Jaipur,2012-04-06,Rajasthan Royals,Kings XI Punjab,Kings XI Punjab,field,normal,0,Rajasthan Royals,31,0,AM Rahane,"Sawai Mansingh Stadium, Jaipur",BF Bowden,SK Tarapore
312,2012,Bengaluru,2012-04-07,Royal Challengers Bangalore,Delhi Daredevils,Delhi Daredevils,field,normal,0,Royal Challengers Bangalore,20,0,AB de Villiers,"M Chinnaswamy Stadium, Bengaluru",S Asnani,S Ravi
313,2012,Visakhapatnam,2012-04-07,Chennai Super Kings,Deccan Chargers,Deccan Chargers,field,normal,0,Chennai Super Kings,74,0,RA Jadeja,"Dr. Y.S. Rajasekhara Reddy ACA-VDCA Cricket Stadium, Visakhapatnam",JD Cloete,HDPK Dharmasena
314,2012,Jaipur,2012-04-08,Rajasthan Royals,Kolkata Knight Riders,Kolkata Knight Riders,field,normal,0,Rajasthan Royals,22,0,BJ Hodge,"Sawai Mansingh Stadium, Jaipur",BF Bowden,VA Kulkarni
315,2012,Pune,2012-04-08,Pune Warriors,Kings XI Punjab,Pune Warriors,bat,normal,0,Pune Warriors,22,0,MN Samuels,Subrata Roy Sahara Stadium,S Das,SJA Taufel
316,2012,Visakhapatnam,2012-04-09,Deccan Chargers,Mumbai Indians,Deccan Chargers,bat,normal,0,Mumbai Indians,0,5,RG Sharma,"Dr. Y.S. Rajasekhara Reddy ACA-VDCA Cricket Stadium, Visakhapatnam",AK Chaudhary,JD Cloete
317,2012,Bengaluru,2012-04-10,Kolkata Knight Riders,Royal Challengers Bangalore,Royal Challengers Bangalore,field,normal,0,Kolkata Knight Riders,42,0,L Balaji,"M Chinnaswamy Stadium, Bengaluru",S Ravi,RJ Tucker
318,2012,Delhi,2012-04-10,Chennai Super Kings,Delhi Daredevils,Delhi Daredevils,field,normal,0,Delhi Daredevils,0,8,M Morkel,Feroz Shah Kotla,Asad Rauf,SK Tarapore
319,2012,Mumbai,2012-04-11,Mumbai Indians,Rajasthan Royals,Rajasthan Royals,field,normal,0,Mumbai Indians,27,0,KA Pollard,"Wankhede Stadium, Mumbai",Aleem Dar,BNJ Oxenford
320,2012,Chennai,2012-04-12,Royal Challengers Bangalore,Chennai Super Kings,Royal Challengers Bangalore,bat,normal,0,Chennai Super Kings,0,5,F du Plessis,"MA Chidambaram Stadium, Chepauk, Chennai",HDPK Dharmasena,RJ Tucker
321,2012,Chandigarh,2012-04-12,Pune Warriors,Kings XI Punjab,Kings XI Punjab,field,normal,0,Kings XI Punjab,0,7,AD Mascarenhas,"Punjab Cricket Association IS Bindra Stadium, Mohali, Chandigarh",VA Kulkarni,SK Tarapore
322,2012,Kolkata,2012-04-13,Rajasthan Royals,Kolkata Knight Riders,Rajasthan Royals,bat,normal,0,Kolkata Knight Riders,0,5,Shakib Al Hasan,"Eden Gardens, Kolkata",Asad Rauf,S Asnani
324,2012,Pune,2012-04-14,Chennai Super Kings,Pune Warriors,Chennai Super Kings,bat,normal,0,Pune Warriors,0,7,JD Ryder,Subrata Roy Sahara Stadium,Aleem Dar,BNJ Oxenford
325,2012,Kolkata,2012-04-15,Kings XI Punjab,Kolkata Knight Riders,Kolkata Knight Riders,field,normal,0,Kings XI Punjab,2,0,SP Narine,"Eden Gardens, Kolkata",Asad Rauf,S Asnani
326,2012,Bengaluru,2012-04-15,Rajasthan Royals,Royal Challengers Bangalore,Rajasthan Royals,bat,normal,0,Rajasthan Royals,59,0,AM Rahane,"M Chinnaswamy Stadium, Bengaluru",JD Cloete,RJ Tucker
327,2012,Mumbai,2012-04-16,Mumbai Indians,Delhi Daredevils,Delhi Daredevils,field,normal,0,Delhi Daredevils,0,7,S Nadeem,"Wankhede Stadium, Mumbai",BF Bowden,SK Tarapore
328,2012,Jaipur,2012-04-17,Deccan Chargers,Rajasthan Royals,Deccan Chargers,bat,normal,0,Rajasthan Royals,0,5,BJ Hodge,"Sawai Mansingh Stadium, Jaipur",Aleem Dar,BNJ Oxenford
329,2012,Bengaluru,2012-04-17,Pune Warriors,Royal Challengers Bangalore,Pune Warriors,bat,normal,0,Royal Challengers Bangalore,0,6,CH Gayle,"M Chinnaswamy Stadium, Bengaluru",S Asnani,S Das
330,2012,Chandigarh,2012-04-18,Kings XI Punjab,Kolkata Knight Riders,Kings XI Punjab,bat,normal,0,Kolkata Knight Riders,0,8,G Gambhir,"Punjab Cricket Association IS Bindra Stadium, Mohali, Chandigarh",JD Cloete,RJ Tucker
323,2012,Delhi,2012-04-19,Deccan Chargers,Delhi Daredevils,Deccan Chargers,bat,normal,0,Delhi Daredevils,0,5,KP Pietersen,Feroz Shah Kotla,BF Bowden,SK Tarapore
332,2012,Chennai,2012-04-19,Chennai Super Kings,Pune Warriors,Pune Warriors,field,normal,0,Chennai Super Kings,13,0,KMDN Kulasekara,"MA Chidambaram Stadium, Chepauk, Chennai",Asad Rauf,S Das
333,2012,Chandigarh,2012-04-20,Kings XI Punjab,Royal Challengers Bangalore,Royal Challengers Bangalore,field,normal,0,Royal Challengers Bangalore,0,5,CH Gayle,"Punjab Cricket Association IS Bindra Stadium, Mohali, Chandigarh",S Ravi,RJ Tucker
334,2012,Chennai,2012-04-21,Rajasthan Royals,Chennai Super Kings,Rajasthan Royals,bat,normal,0,Chennai Super Kings,0,7,F du Plessis,"MA Chidambaram Stadium, Chepauk, Chennai",Aleem Dar,BNJ Oxenford
335,2012,Delhi,2012-04-21,Pune Warriors,Delhi Daredevils,Delhi Daredevils,field,normal,0,Pune Warriors,20,0,SC Ganguly,Feroz Shah Kotla,Asad Rauf,S Das
336,2012,Mumbai,2012-04-22,Mumbai Indians,Kings XI Punjab,Mumbai Indians,bat,normal,0,Kings XI Punjab,0,6,SE Marsh,"Wankhede Stadium, Mumbai",S Ravi,RJ Tucker
337,2012,Cuttack,2012-04-22,Deccan Chargers,Kolkata Knight Riders,Kolkata Knight Riders,field,normal,0,Kolkata Knight Riders,0,5,B Lee,Barabati Stadium,BF Bowden,SK Tarapore
338,2012,Jaipur,2012-04-23,Royal Challengers Bangalore,Rajasthan Royals,Rajasthan Royals,field,normal,0,Royal Challengers Bangalore,46,0,AB de Villiers,"Sawai Mansingh Stadium, Jaipur",Asad Rauf,S Asnani
339,2012,Pune,2012-04-24,Pune Warriors,Delhi Daredevils,Pune Warriors,bat,normal,0,Delhi Daredevils,0,8,V Sehwag,Subrata Roy Sahara Stadium,S Ravi,RJ Tucker
340,2012,Chandigarh,2012-04-25,Kings XI Punjab,Mumbai Indians,Kings XI Punjab,bat,normal,0,Mumbai Indians,0,4,AT Rayudu,"Punjab Cricket Association IS Bindra Stadium, Mohali, Chandigarh",Aleem Dar,BNJ Oxenford
341,2012,Pune,2012-04-26,Deccan Chargers,Pune Warriors,Deccan Chargers,bat,normal,0,Deccan Chargers,18,0,CL White,Subrata Roy Sahara Stadium,S Ravi,RJ Tucker
342,2012,Delhi,2012-04-27,Delhi Daredevils,Mumbai Indians,Mumbai Indians,field,normal,0,Delhi Daredevils,37,0,V Sehwag,Feroz Shah Kotla,Aleem Dar,BNJ Oxenford
343,2012,Chennai,2012-04-28,Kings XI Punjab,Chennai Super Kings,Kings XI Punjab,bat,normal,0,Kings XI Punjab,7,0,Mandeep Singh,"MA Chidambaram Stadium, Chepauk, Chennai",BF Bowden,SK Tarapore
344,2012,Kolkata,2012-04-28,Kolkata Knight Riders,Royal Challengers Bangalore,Kolkata Knight Riders,bat,normal,0,Kolkata Knight Riders,47,0,G Gambhir,"Eden Gardens, Kolkata",Asad Rauf,BR Doctrove
345,2012,Delhi,2012-04-29,Delhi Daredevils,Rajasthan Royals,Delhi Daredevils,bat,normal,0,Delhi Daredevils,1,0,V Sehwag,Feroz Shah Kotla,S Ravi,RJ Tucker
346,2012,Mumbai,2012-04-29,Deccan Chargers,Mumbai Indians,Mumbai Indians,field,normal,0,Mumbai Indians,0,5,DW Steyn,"Wankhede Stadium, Mumbai",AK Chaudhary,BNJ Oxenford
347,2012,Chennai,2012-04-30,Chennai Super Kings,Kolkata Knight Riders,Chennai Super Kings,bat,normal,0,Kolkata Knight Riders,0,5,G Gambhir,"MA Chidambaram Stadium, Chepauk, Chennai",BF Bowden,C Shamshuddin
348,2012,Cuttack,2012-05-01,Deccan Chargers,Pune Warriors,Deccan Chargers,bat,normal,0,Deccan Chargers,13,0,KC Sangakkara,Barabati Stadium,Aleem Dar,AK Chaudhary
349,2012,Jaipur,2012-05-01,Rajasthan Royals,Delhi Daredevils,Rajasthan Royals,bat,normal,0,Delhi Daredevils,0,6,P Negi,"Sawai Mansingh Stadium, Jaipur",JD Cloete,SJA Taufel
350,2012,Bengaluru,2012-05-02,Royal Challengers Bangalore,Kings XI Punjab,Kings XI Punjab,field,normal,0,Kings XI Punjab,0,4,Azhar Mahmood,"M Chinnaswamy Stadium, Bengaluru",BF Bowden,C Shamshuddin
351,2012,Pune,2012-05-03,Mumbai Indians,Pune Warriors,Mumbai Indians,bat,normal,0,Mumbai Indians,1,0,SL Malinga,Subrata Roy Sahara Stadium,Asad Rauf,S Asnani
352,2012,Chennai,2012-05-04,Chennai Super Kings,Deccan Chargers,Chennai Super Kings,bat,normal,0,Chennai Super Kings,10,0,SK Raina,"MA Chidambaram Stadium, Chepauk, Chennai",HDPK Dharmasena,BNJ Oxenford
353,2012,Kolkata,2012-05-05,Kolkata Knight Riders,Pune Warriors,Kolkata Knight Riders,bat,normal,0,Kolkata Knight Riders,7,0,SP Narine,"Eden Gardens, Kolkata",BF Bowden,SK Tarapore
354,2012,Chandigarh,2012-05-05,Rajasthan Royals,Kings XI Punjab,Rajasthan Royals,bat,normal,0,Rajasthan Royals,43,0,SR Watson,"Punjab Cricket Association IS Bindra Stadium, Mohali, Chandigarh",JD Cloete,SJA Taufel
355,2012,Mumbai,2012-05-06,Chennai Super Kings,Mumbai Indians,Mumbai Indians,field,normal,0,Mumbai Indians,0,2,DR Smith,"Wankhede Stadium, Mumbai",Asad Rauf,S Asnani
356,2012,Bengaluru,2012-05-06,Deccan Chargers,Royal Challengers Bangalore,Royal Challengers Bangalore,field,normal,0,Royal Challengers Bangalore,0,5,AB de Villiers,"M Chinnaswamy Stadium, Bengaluru",HDPK Dharmasena,BNJ Oxenford
357,2012,Delhi,2012-05-07,Delhi Daredevils,Kolkata Knight Riders,Delhi Daredevils,bat,normal,0,Kolkata Knight Riders,0,6,JH Kallis,Feroz Shah Kotla,JD Cloete,S Ravi
358,2012,Pune,2012-05-08,Pune Warriors,Rajasthan Royals,Pune Warriors,bat,normal,0,Rajasthan Royals,0,7,SR Watson,Subrata Roy Sahara Stadium,Asad Rauf,BR Doctrove
359,2012,Hyderabad,2012-05-08,Kings XI Punjab,Deccan Chargers,Deccan Chargers,field,normal,0,Kings XI Punjab,25,0,Mandeep Singh,"Rajiv Gandhi International Stadium, Uppal, Hyderabad",HDPK Dharmasena,BNJ Oxenford
360,2012,Mumbai,2012-05-09,Mumbai Indians,Royal Challengers Bangalore,Royal Challengers Bangalore,field,normal,0,Royal Challengers Bangalore,0,9,CH Gayle,"Wankhede Stadium, Mumbai",BF Bowden,VA Kulkarni
331,2012,Hyderabad,2012-05-10,Deccan Chargers,Delhi Daredevils,Deccan Chargers,bat,normal,0,Delhi Daredevils,0,9,DA Warner,"Rajiv Gandhi International Stadium, Uppal, Hyderabad",JD Cloete,SJA Taufel
361,2012,Jaipur,2012-05-10,Rajasthan Royals,Chennai Super Kings,Chennai Super Kings,field,normal,0,Chennai Super Kings,0,4,BW Hilfenhaus,"Sawai Mansingh Stadium, Jaipur",BNJ Oxenford,C Shamshuddin
362,2012,Pune,2012-05-11,Royal Challengers Bangalore,Pune Warriors,Pune Warriors,field,normal,0,Royal Challengers Bangalore,35,0,CH Gayle,Subrata Roy Sahara Stadium,BF Bowden,SK Tarapore
363,2012,Kolkata,2012-05-12,Mumbai Indians,Kolkata Knight Riders,Mumbai Indians,bat,normal,0,Mumbai Indians,27,0,RG Sharma,"Eden Gardens, Kolkata",S Ravi,SJA Taufel
364,2012,Chennai,2012-05-12,Delhi Daredevils,Chennai Super Kings,Chennai Super Kings,field,normal,0,Chennai Super Kings,0,9,BW Hilfenhaus,"MA Chidambaram Stadium, Chepauk, Chennai",S Das,BR Doctrove
365,2012,Jaipur,2012-05-13,Rajasthan Royals,Pune Warriors,Rajasthan Royals,bat,normal,0,Rajasthan Royals,45,0,A Chandila,"Sawai Mansingh Stadium, Jaipur",BF Bowden,SK Tarapore
366,2012,Chandigarh,2012-05-13,Deccan Chargers,Kings XI Punjab,Deccan Chargers,bat,normal,0,Kings XI Punjab,0,4,DJ Hussey,"Punjab Cricket Association IS Bindra Stadium, Mohali, Chandigarh",HDPK Dharmasena,BNJ Oxenford
367,2012,Bengaluru,2012-05-14,Royal Challengers Bangalore,Mumbai Indians,Mumbai Indians,field,normal,0,Mumbai Indians,0,5,AT Rayudu,"M Chinnaswamy Stadium, Bengaluru",S Das,BR Doctrove
368,2012,Kolkata,2012-05-14,Kolkata Knight Riders,Chennai Super Kings,Chennai Super Kings,field,normal,0,Chennai Super Kings,0,5,MEK Hussey,"Eden Gardens, Kolkata",JD Cloete,SJA Taufel
369,2012,Delhi,2012-05-15,Kings XI Punjab,Delhi Daredevils,Kings XI Punjab,bat,normal,0,Delhi Daredevils,0,5,UT Yadav,Feroz Shah Kotla,HDPK Dharmasena,BNJ Oxenford
370,2012,Mumbai,2012-05-16,Kolkata Knight Riders,Mumbai Indians,Mumbai Indians,field,normal,0,Kolkata Knight Riders,32,0,SP Narine,"Wankhede Stadium, Mumbai",S Das,BR Doctrove
371,2012,Dharamsala,2012-05-17,Chennai Super Kings,Kings XI Punjab,Kings XI Punjab,field,normal,0,Kings XI Punjab,0,6,AC Gilchrist,"Himachal Pradesh Cricket Association Stadium, Dharamsala",VA Kulkarni,SK Tarapore
372,2012,Delhi,2012-05-17,Royal Challengers Bangalore,Delhi Daredevils,Delhi Daredevils,field,normal,0,Royal Challengers Bangalore,21,0,CH Gayle,Feroz Shah Kotla,HDPK Dharmasena,C Shamshuddin
373,2012,Hyderabad,2012-05-18,Rajasthan Royals,Deccan Chargers,Rajasthan Royals,bat,normal,0,Deccan Chargers,0,5,DW Steyn,"Rajiv Gandhi International Stadium, Uppal, Hyderabad",S Ravi,SJA Taufel
374,2012,Dharamsala,2012-05-19,Kings XI Punjab,Delhi Daredevils,Delhi Daredevils,field,normal,0,Delhi Daredevils,0,6,UT Yadav,"Himachal Pradesh Cricket Association Stadium, Dharamsala",BF Bowden,VA Kulkarni
375,2012,Pune,2012-05-19,Kolkata Knight Riders,Pune Warriors,Kolkata Knight Riders,bat,normal,0,Kolkata Knight Riders,34,0,Shakib Al Hasan,Subrata Roy Sahara Stadium,S Asnani,BR Doctrove
376,2012,Hyderabad,2012-05-20,Deccan Chargers,Royal Challengers Bangalore,Royal Challengers Bangalore,field,normal,0,Deccan Chargers,9,0,DW Steyn,"Rajiv Gandhi International Stadium, Uppal, Hyderabad",S Ravi,SJA Taufel
377,2012,Jaipur,2012-05-20,Rajasthan Royals,Mumbai Indians,Rajasthan Royals,bat,normal,0,Mumbai Indians,0,10,DR Smith,"Sawai Mansingh Stadium, Jaipur",HDPK Dharmasena,C Shamshuddin
378,2012,Pune,2012-05-22,Kolkata Knight Riders,Delhi Daredevils,Kolkata Knight Riders,bat,normal,0,Kolkata Knight Riders,18,0,YK Pathan,Subrata Roy Sahara Stadium,BR Doctrove,SJA Taufel
379,2012,Bengaluru,2012-05-23,Chennai Super Kings,Mumbai Indians,Mumbai Indians,field,normal,0,Chennai Super Kings,38,0,MS Dhoni,"M Chinnaswamy Stadium, Bengaluru",BF Bowden,HDPK Dharmasena
380,2012,Chennai,2012-05-25,Chennai Super Kings,Delhi Daredevils,Delhi Daredevils,field,normal,0,Chennai Super Kings,86,0,M Vijay,"MA Chidambaram Stadium, Chepauk, Chennai",BR Doctrove,SJA Taufel
381,2012,Chennai,2012-05-27,Chennai Super Kings,Kolkata Knight Riders,Chennai Super Kings,bat,normal,0,Kolkata Knight Riders,0,5,MS Bisla,"MA Chidambaram Stadium, Chepauk, Chennai",BF Bowden,SJA Taufel
382,2013,Kolkata,2013-04-03,Delhi Daredevils,Kolkata Knight Riders,Kolkata Knight Riders,field,normal,0,Kolkata Knight Riders,0,6,SP Narine,"Eden Gardens, Kolkata",S Ravi,SJA Taufel
383,2013,Bengaluru,2013-04-04,Royal Challengers Bangalore,Mumbai Indians,Mumbai Indians,field,normal,0,Royal Challengers Bangalore,2,0,CH Gayle,"M Chinnaswamy Stadium, Bengaluru",VA Kulkarni,C Shamshuddin
384,2013,Hyderabad,2013-04-05,Sunrisers Hyderabad,Pune Warriors,Pune Warriors,field,normal,0,Sunrisers Hyderabad,22,0,A Mishra,"Rajiv Gandhi International Stadium, Uppal, Hyderabad",S Ravi,SJA Taufel
385,2013,Delhi,2013-04-06,Rajasthan Royals,Delhi Daredevils,Rajasthan Royals,bat,normal,0,Rajasthan Royals,5,0,R Dravid,Feroz Shah Kotla,S Das,C Shamshuddin
386,2013,Chennai,2013-04-06,Mumbai Indians,Chennai Super Kings,Mumbai Indians,bat,normal,0,Mumbai Indians,9,0,KA Pollard,"MA Chidambaram Stadium, Chepauk, Chennai",M Erasmus,VA Kulkarni
387,2013,Pune,2013-04-07,Pune Warriors,Kings XI Punjab,Pune Warriors,bat,normal,0,Kings XI Punjab,0,8,M Vohra,Subrata Roy Sahara Stadium,S Asnani,SJA Taufel
388,2013,Hyderabad,2013-04-07,Royal Challengers Bangalore,Sunrisers Hyderabad,Royal Challengers Bangalore,bat,tie,0,Sunrisers Hyderabad,0,0,GH Vihari,"Rajiv Gandhi International Stadium, Uppal, Hyderabad",AK Chaudhary,S Ravi
389,2013,Jaipur,2013-04-08,Rajasthan Royals,Kolkata Knight Riders,Kolkata Knight Riders,field,normal,0,Rajasthan Royals,19,0,SK Trivedi,"Sawai Mansingh Stadium, Jaipur",Aleem Dar,S Das
390,2013,Mumbai,2013-04-09,Mumbai Indians,Delhi Daredevils,Mumbai Indians,bat,normal,0,Mumbai Indians,44,0,KD Karthik,"Wankhede Stadium, Mumbai",M Erasmus,VA Kulkarni
432,2013,Bengaluru,2013-04-09,Sunrisers Hyderabad,Royal Challengers Bangalore,Sunrisers Hyderabad,bat,normal,0,Royal Challengers Bangalore,0,7,V Kohli,"M Chinnaswamy Stadium, Bengaluru",S Ravi,SJA Taufel
391,2013,Chandigarh,2013-04-10,Kings XI Punjab,Chennai Super Kings,Chennai Super Kings,field,normal,0,Chennai Super Kings,0,10,MEK Hussey,"Punjab Cricket Association IS Bindra Stadium, Mohali, Chandigarh",Aleem Dar,C Shamshuddin
392,2013,Bengaluru,2013-04-11,Kolkata Knight Riders,Royal Challengers Bangalore,Royal Challengers Bangalore,field,normal,0,Royal Challengers Bangalore,0,8,CH Gayle,"M Chinnaswamy Stadium, Bengaluru",Asad Rauf,AK Chaudhary
393,2013,Pune,2013-04-11,Rajasthan Royals,Pune Warriors,Rajasthan Royals,bat,normal,0,Pune Warriors,0,7,AJ Finch,Subrata Roy Sahara Stadium,M Erasmus,K Srinath
394,2013,Delhi,2013-04-12,Delhi Daredevils,Sunrisers Hyderabad,Delhi Daredevils,bat,normal,0,Sunrisers Hyderabad,0,3,A Mishra,Feroz Shah Kotla,Aleem Dar,Subroto Das
395,2013,Mumbai,2013-04-13,Mumbai Indians,Pune Warriors,Mumbai Indians,bat,normal,0,Mumbai Indians,41,0,RG Sharma,"Wankhede Stadium, Mumbai",S Ravi,SJA Taufel
396,2013,Chennai,2013-04-13,Royal Challengers Bangalore,Chennai Super Kings,Chennai Super Kings,field,normal,0,Chennai Super Kings,0,4,RA Jadeja,"MA Chidambaram Stadium, Chepauk, Chennai",Asad Rauf,AK Chaudhary
397,2013,Kolkata,2013-04-14,Kolkata Knight Riders,Sunrisers Hyderabad,Kolkata Knight Riders,bat,normal,0,Kolkata Knight Riders,48,0,G Gambhir,"Eden Gardens, Kolkata",M Erasmus,VA Kulkarni
398,2013,Jaipur,2013-04-14,Kings XI Punjab,Rajasthan Royals,Rajasthan Royals,field,normal,0,Rajasthan Royals,0,6,JP Faulkner,"Sawai Mansingh Stadium, Jaipur",Aleem Dar,C Shamshuddin
399,2013,Chennai,2013-04-15,Pune Warriors,Chennai Super Kings,Pune Warriors,bat,normal,0,Pune Warriors,24,0,SPD Smith,"MA Chidambaram Stadium, Chepauk, Chennai",Asad Rauf,AK Chaudhary
400,2013,Chandigarh,2013-04-16,Kings XI Punjab,Kolkata Knight Riders,Kolkata Knight Riders,field,normal,0,Kings XI Punjab,4,0,MS Gony,"Punjab Cricket Association IS Bindra Stadium, Mohali, Chandigarh",CK Nandan,SJA Taufel
401,2013,Bengaluru,2013-04-16,Delhi Daredevils,Royal Challengers Bangalore,Royal Challengers Bangalore,field,tie,0,Royal Challengers Bangalore,0,0,V Kohli,"M Chinnaswamy Stadium, Bengaluru",M Erasmus,VA Kulkarni
402,2013,Pune,2013-04-17,Sunrisers Hyderabad,Pune Warriors,Pune Warriors,field,normal,0,Sunrisers Hyderabad,11,0,A Mishra,Subrata Roy Sahara Stadium,Asad Rauf,AK Chaudhary
403,2013,Jaipur,2013-04-17,Rajasthan Royals,Mumbai Indians,Rajasthan Royals,bat,normal,0,Rajasthan Royals,87,0,AM Rahane,"Sawai Mansingh Stadium, Jaipur",Aleem Dar,C Shamshuddin
404,2013,Delhi,2013-04-18,Chennai Super Kings,Delhi Daredevils,Chennai Super Kings,bat,normal,0,Chennai Super Kings,86,0,MEK Hussey,Feroz Shah Kotla,M Erasmus,VA Kulkarni
405,2013,Hyderabad,2013-04-19,Kings XI Punjab,Sunrisers Hyderabad,Kings XI Punjab,bat,normal,0,Sunrisers Hyderabad,0,5,GH Vihari,"Rajiv Gandhi International Stadium, Uppal, Hyderabad",HDPK Dharmasena,CK Nandan
406,2013,Kolkata,2013-04-20,Kolkata Knight Riders,Chennai Super Kings,Kolkata Knight Riders,bat,normal,0,Chennai Super Kings,0,4,RA Jadeja,"Eden Gardens, Kolkata",Asad Rauf,AK Chaudhary
407,2013,Bengaluru,2013-04-20,Rajasthan Royals,Royal Challengers Bangalore,Royal Challengers Bangalore,field,normal,0,Royal Challengers Bangalore,0,7,R Vinay Kumar,"M Chinnaswamy Stadium, Bengaluru",Aleem Dar,C Shamshuddin
408,2013,Delhi,2013-04-21,Mumbai Indians,Delhi Daredevils,Mumbai Indians,bat,normal,0,Delhi Daredevils,0,9,V Sehwag,Feroz Shah Kotla,HDPK Dharmasena,S Ravi
409,2013,Chandigarh,2013-04-21,Pune Warriors,Kings XI Punjab,Kings XI Punjab,field,normal,0,Kings XI Punjab,0,7,DA Miller,"Punjab Cricket Association IS Bindra Stadium, Mohali, Chandigarh",M Erasmus,K Srinath
410,2013,Chennai,2013-04-22,Rajasthan Royals,Chennai Super Kings,Rajasthan Royals,bat,normal,0,Chennai Super Kings,0,5,MEK Hussey,"MA Chidambaram Stadium, Chepauk, Chennai",S Asnani,AK Chaudhary
411,2013,Bengaluru,2013-04-23,Royal Challengers Bangalore,Pune Warriors,Pune Warriors,field,normal,0,Royal Challengers Bangalore,130,0,CH Gayle,"M Chinnaswamy Stadium, Bengaluru",Aleem Dar,C Shamshuddin
443,2013,Delhi,2013-04-23,Delhi Daredevils,Kings XI Punjab,Kings XI Punjab,field,normal,0,Kings XI Punjab,0,5,Harmeet Singh,Feroz Shah Kotla,VA Kulkarni,K Srinath
413,2013,Kolkata,2013-04-24,Kolkata Knight Riders,Mumbai Indians,Kolkata Knight Riders,bat,normal,0,Mumbai Indians,0,5,DR Smith,"Eden Gardens, Kolkata",HDPK Dharmasena,S Ravi
414,2013,Chennai,2013-04-25,Sunrisers Hyderabad,Chennai Super Kings,Sunrisers Hyderabad,bat,normal,0,Chennai Super Kings,0,5,MS Dhoni,"MA Chidambaram Stadium, Chepauk, Chennai",Aleem Dar,S Das
415,2013,Kolkata,2013-04-26,Kings XI Punjab,Kolkata Knight Riders,Kings XI Punjab,bat,normal,0,Kolkata Knight Riders,0,6,JH Kallis,"Eden Gardens, Kolkata",CK Nandan,S Ravi
416,2013,Jaipur,2013-04-27,Sunrisers Hyderabad,Rajasthan Royals,Sunrisers Hyderabad,bat,normal,0,Rajasthan Royals,0,8,JP Faulkner,"Sawai Mansingh Stadium, Jaipur",VA Kulkarni,K Srinath
417,2013,Mumbai,2013-04-27,Mumbai Indians,Royal Challengers Bangalore,Mumbai Indians,bat,normal,0,Mumbai Indians,58,0,DR Smith,"Wankhede Stadium, Mumbai",Asad Rauf,S Asnani
418,2013,Chennai,2013-04-28,Chennai Super Kings,Kolkata Knight Riders,Kolkata Knight Riders,field,normal,0,Chennai Super Kings,14,0,MEK Hussey,"MA Chidambaram Stadium, Chepauk, Chennai",Aleem Dar,SJA Taufel
419,2013,Raipur,2013-04-28,Delhi Daredevils,Pune Warriors,Pune Warriors,field,normal,0,Delhi Daredevils,15,0,DA Warner,"Shaheed Veer Narayan Singh International Stadium, Raipur",CK Nandan,S Ravi
420,2013,Jaipur,2013-04-29,Royal Challengers Bangalore,Rajasthan Royals,Rajasthan Royals,field,normal,0,Rajasthan Royals,0,4,SV Samson,"Sawai Mansingh Stadium, Jaipur",M Erasmus,K Srinath
421,2013,Mumbai,2013-04-29,Mumbai Indians,Kings XI Punjab,Mumbai Indians,bat,normal,0,Mumbai Indians,4,0,RG Sharma,"Wankhede Stadium, Mumbai",Asad Rauf,AK Chaudhary
422,2013,Pune,2013-04-30,Chennai Super Kings,Pune Warriors,Chennai Super Kings,bat,normal,0,Chennai Super Kings,37,0,MS Dhoni,Subrata Roy Sahara Stadium,S Das,SJA Taufel
423,2013,Hyderabad,2013-05-01,Mumbai Indians,Sunrisers Hyderabad,Mumbai Indians,bat,normal,0,Sunrisers Hyderabad,0,7,I Sharma,"Rajiv Gandhi International Stadium, Uppal, Hyderabad",Asad Rauf,S Asnani
424,2013,Raipur,2013-05-01,Kolkata Knight Riders,Delhi Daredevils,Kolkata Knight Riders,bat,normal,0,Delhi Daredevils,0,7,DA Warner,"Shaheed Veer Narayan Singh International Stadium, Raipur",HDPK Dharmasena,CK Nandan
425,2013,Chennai,2013-05-02,Chennai Super Kings,Kings XI Punjab,Chennai Super Kings,bat,normal,0,Chennai Super Kings,15,0,SK Raina,"MA Chidambaram Stadium, Chepauk, Chennai",M Erasmus,VA Kulkarni
426,2013,Pune,2013-05-02,Royal Challengers Bangalore,Pune Warriors,Royal Challengers Bangalore,bat,normal,0,Royal Challengers Bangalore,17,0,AB de Villiers,Subrata Roy Sahara Stadium,Aleem Dar,C Shamshuddin
427,2013,Kolkata,2013-05-03,Rajasthan Royals,Kolkata Knight Riders,Rajasthan Royals,bat,normal,0,Kolkata Knight Riders,0,8,YK Pathan,"Eden Gardens, Kolkata",HDPK Dharmasena,CK Nandan
428,2013,Hyderabad,2013-05-04,Delhi Daredevils,Sunrisers Hyderabad,Delhi Daredevils,bat,normal,0,Sunrisers Hyderabad,0,6,DJG Sammy,"Rajiv Gandhi International Stadium, Uppal, Hyderabad",Asad Rauf,S Asnani
430,2013,Mumbai,2013-05-05,Mumbai Indians,Chennai Super Kings,Mumbai Indians,bat,normal,0,Mumbai Indians,60,0,MG Johnson,"Wankhede Stadium, Mumbai",HDPK Dharmasena,CK Nandan
431,2013,Jaipur,2013-05-05,Pune Warriors,Rajasthan Royals,Pune Warriors,bat,normal,0,Rajasthan Royals,0,5,AM Rahane,"Sawai Mansingh Stadium, Jaipur",C Shamshuddin,RJ Tucker
448,2013,Chandigarh,2013-05-06,Royal Challengers Bangalore,Kings XI Punjab,Kings XI Punjab,field,normal,0,Kings XI Punjab,0,6,DA Miller,"Punjab Cricket Association IS Bindra Stadium, Mohali, Chandigarh",VA Kulkarni,NJ Llong
433,2013,Jaipur,2013-05-07,Delhi Daredevils,Rajasthan Royals,Delhi Daredevils,bat,normal,0,Rajasthan Royals,0,9,AM Rahane,"Sawai Mansingh Stadium, Jaipur",Aleem Dar,RJ Tucker
434,2013,Mumbai,2013-05-07,Mumbai Indians,Kolkata Knight Riders,Mumbai Indians,bat,normal,0,Mumbai Indians,65,0,SR Tendulkar,"Wankhede Stadium, Mumbai",HDPK Dharmasena,S Ravi
435,2013,Hyderabad,2013-05-08,Chennai Super Kings,Sunrisers Hyderabad,Sunrisers Hyderabad,field,normal,0,Chennai Super Kings,77,0,SK Raina,"Rajiv Gandhi International Stadium, Uppal, Hyderabad",S Das,NJ Llong
436,2013,Chandigarh,2013-05-09,Kings XI Punjab,Rajasthan Royals,Rajasthan Royals,field,normal,0,Rajasthan Royals,0,8,KK Cooper,"Punjab Cricket Association IS Bindra Stadium, Mohali, Chandigarh",HDPK Dharmasena,S Ravi
437,2013,Pune,2013-05-09,Kolkata Knight Riders,Pune Warriors,Kolkata Knight Riders,bat,normal,0,Kolkata Knight Riders,46,0,G Gambhir,Subrata Roy Sahara Stadium,Asad Rauf,S Asnani
438,2013,Delhi,2013-05-10,Royal Challengers Bangalore,Delhi Daredevils,Delhi Daredevils,field,normal,0,Royal Challengers Bangalore,4,0,JD Unadkat,Feroz Shah Kotla,NJ Llong,K Srinath
439,2013,Pune,2013-05-11,Pune Warriors,Mumbai Indians,Pune Warriors,bat,normal,0,Mumbai Indians,0,5,MG Johnson,Subrata Roy Sahara Stadium,Asad Rauf,AK Chaudhary
440,2013,Chandigarh,2013-05-11,Sunrisers Hyderabad,Kings XI Punjab,Kings XI Punjab,field,normal,0,Sunrisers Hyderabad,30,0,PA Patel,"Punjab Cricket Association IS Bindra Stadium, Mohali, Chandigarh",S Das,RJ Tucker
441,2013,Ranchi,2013-05-12,Royal Challengers Bangalore,Kolkata Knight Riders,Kolkata Knight Riders,field,normal,0,Kolkata Knight Riders,0,5,JH Kallis,JSCA International Stadium Complex,NJ Llong,K Srinath
442,2013,Jaipur,2013-05-12,Chennai Super Kings,Rajasthan Royals,Rajasthan Royals,field,normal,0,Rajasthan Royals,0,5,SR Watson,"Sawai Mansingh Stadium, Jaipur",HDPK Dharmasena,CK Nandan
444,2013,Mumbai,2013-05-13,Sunrisers Hyderabad,Mumbai Indians,Sunrisers Hyderabad,bat,normal,0,Mumbai Indians,0,7,KA Pollard,"Wankhede Stadium, Mumbai",AK Chaudhary,SJA Taufel
429,2013,Bengaluru,2013-05-14,Royal Challengers Bangalore,Kings XI Punjab,Kings XI Punjab,field,normal,0,Kings XI Punjab,0,7,AC Gilchrist,"M Chinnaswamy Stadium, Bengaluru",HDPK Dharmasena,S Ravi
446,2013,Chennai,2013-05-14,Chennai Super Kings,Delhi Daredevils,Chennai Super Kings,bat,normal,0,Chennai Super Kings,33,0,MS Dhoni,"MA Chidambaram Stadium, Chepauk, Chennai",C Shamshuddin,RJ Tucker
445,2013,Ranchi,2013-05-15,Pune Warriors,Kolkata Knight Riders,Kolkata Knight Riders,field,normal,0,Pune Warriors,7,0,MK Pandey,JSCA International Stadium Complex,NJ Llong,K Srinath
447,2013,Mumbai,2013-05-15,Mumbai Indians,Rajasthan Royals,Rajasthan Royals,field,normal,0,Mumbai Indians,14,0,AP Tare,"Wankhede Stadium, Mumbai",Asad Rauf,S Asnani
412,2013,Dharamsala,2013-05-16,Kings XI Punjab,Delhi Daredevils,Delhi Daredevils,field,normal,0,Kings XI Punjab,7,0,DA Miller,"Himachal Pradesh Cricket Association Stadium, Dharamsala",HDPK Dharmasena,S Ravi
449,2013,Hyderabad,2013-05-17,Sunrisers Hyderabad,Rajasthan Royals,Sunrisers Hyderabad,bat,normal,0,Sunrisers Hyderabad,23,0,A Mishra,"Rajiv Gandhi International Stadium, Uppal, Hyderabad",Asad Rauf,AK Chaudhary
450,2013,Dharamsala,2013-05-18,Kings XI Punjab,Mumbai Indians,Mumbai Indians,field,normal,0,Kings XI Punjab,50,0,Azhar Mahmood,"Himachal Pradesh Cricket Association Stadium, Dharamsala",HDPK Dharmasena,CK Nandan
452,2013,Bengaluru,2013-05-18,Royal Challengers Bangalore,Chennai Super Kings,Chennai Super Kings,field,normal,0,Royal Challengers Bangalore,24,0,V Kohli,"M Chinnaswamy Stadium, Bengaluru",C Shamshuddin,RJ Tucker
451,2013,Pune,2013-05-19,Pune Warriors,Delhi Daredevils,Pune Warriors,bat,normal,0,Pune Warriors,38,0,LJ Wright,Subrata Roy Sahara Stadium,NJ Llong,SJA Taufel
453,2013,Hyderabad,2013-05-19,Kolkata Knight Riders,Sunrisers Hyderabad,Kolkata Knight Riders,bat,normal,0,Sunrisers Hyderabad,0,5,PA Patel,"Rajiv Gandhi International Stadium, Uppal, Hyderabad",Asad Rauf,S Asnani
454,2013,Delhi,2013-05-21,Chennai Super Kings,Mumbai Indians,Chennai Super Kings,bat,normal,0,Chennai Super Kings,48,0,MEK Hussey,Feroz Shah Kotla,NJ Llong,RJ Tucker
455,2013,Delhi,2013-05-22,Sunrisers Hyderabad,Rajasthan Royals,Sunrisers Hyderabad,bat,normal,0,Rajasthan Royals,0,4,BJ Hodge,Feroz Shah Kotla,S Ravi,RJ Tucker
456,2013,Kolkata,2013-05-24,Rajasthan Royals,Mumbai Indians,Rajasthan Royals,bat,normal,0,Mumbai Indians,0,4,Harbhajan Singh,"Eden Gardens, Kolkata",C Shamshuddin,SJA Taufel
457,2013,Kolkata,2013-05-26,Mumbai Indians,Chennai Super Kings,Mumbai Indians,bat,normal,0,Mumbai Indians,23,0,KA Pollard,"Eden Gardens, Kolkata",HDPK Dharmasena,SJA Taufel
458,2014,Abu Dhabi,2014-04-16,Kolkata Knight Riders,Mumbai Indians,Kolkata Knight Riders,bat,normal,0,Kolkata Knight Riders,41,0,JH Kallis,Sheikh Zayed Stadium,M Erasmus,RK Illingworth
459,2014,Sharjah,2014-04-17,Delhi Daredevils,Royal Challengers Bangalore,Royal Challengers Bangalore,field,normal,0,Royal Challengers Bangalore,0,8,YS Chahal,Sharjah Cricket Stadium,Aleem Dar,S Ravi
460,2014,Abu Dhabi,2014-04-18,Chennai Super Kings,Kings XI Punjab,Chennai Super Kings,bat,normal,0,Kings XI Punjab,0,6,GJ Maxwell,Sheikh Zayed Stadium,RK Illingworth,C Shamshuddin
461,2014,Abu Dhabi,2014-04-18,Sunrisers Hyderabad,Rajasthan Royals,Rajasthan Royals,field,normal,0,Rajasthan Royals,0,4,AM Rahane,Sheikh Zayed Stadium,BF Bowden,RK Illingworth
462,2014,Dubai,2014-04-19,Mumbai Indians,Royal Challengers Bangalore,Royal Challengers Bangalore,field,normal,0,Royal Challengers Bangalore,0,7,PA Patel,Dubai International Cricket Stadium,Aleem Dar,AK Chaudhary
463,2014,Dubai,2014-04-19,Kolkata Knight Riders,Delhi Daredevils,Kolkata Knight Riders,bat,normal,0,Delhi Daredevils,0,4,JP Duminy,Dubai International Cricket Stadium,Aleem Dar,VA Kulkarni
464,2014,Sharjah,2014-04-20,Rajasthan Royals,Kings XI Punjab,Kings XI Punjab,field,normal,0,Kings XI Punjab,0,7,GJ Maxwell,Sharjah Cricket Stadium,BF Bowden,M Erasmus
465,2014,Abu Dhabi,2014-04-21,Chennai Super Kings,Delhi Daredevils,Chennai Super Kings,bat,normal,0,Chennai Super Kings,93,0,SK Raina,Sheikh Zayed Stadium,RK Illingworth,C Shamshuddin
466,2014,Sharjah,2014-04-22,Kings XI Punjab,Sunrisers Hyderabad,Sunrisers Hyderabad,field,normal,0,Kings XI Punjab,72,0,GJ Maxwell,Sharjah Cricket Stadium,M Erasmus,S Ravi
467,2014,Dubai,2014-04-23,Chennai Super Kings,Rajasthan Royals,Rajasthan Royals,field,normal,0,Chennai Super Kings,7,0,RA Jadeja,Dubai International Cricket Stadium,HDPK Dharmasena,RK Illingworth
468,2014,Sharjah,2014-04-24,Kolkata Knight Riders,Royal Challengers Bangalore,Royal Challengers Bangalore,field,normal,0,Kolkata Knight Riders,2,0,CA Lynn,Sharjah Cricket Stadium,Aleem Dar,VA Kulkarni
469,2014,Dubai,2014-04-25,Sunrisers Hyderabad,Delhi Daredevils,Sunrisers Hyderabad,bat,normal,0,Sunrisers Hyderabad,4,0,AJ Finch,Dubai International Cricket Stadium,M Erasmus,S Ravi
470,2014,Dubai,2014-04-25,Mumbai Indians,Chennai Super Kings,Mumbai Indians,bat,normal,0,Chennai Super Kings,0,7,MM Sharma,Dubai International Cricket Stadium,BF Bowden,M Erasmus
471,2014,Abu Dhabi,2014-04-26,Royal Challengers Bangalore,Rajasthan Royals,Rajasthan Royals,field,normal,0,Rajasthan Royals,0,6,PV Tambe,Sheikh Zayed Stadium,HDPK Dharmasena,C Shamshuddin
472,2014,Abu Dhabi,2014-04-26,Kings XI Punjab,Kolkata Knight Riders,Kolkata Knight Riders,field,normal,0,Kings XI Punjab,23,0,Sandeep Sharma,Sheikh Zayed Stadium,HDPK Dharmasena,RK Illingworth
473,2014,Sharjah,2014-04-27,Mumbai Indians,Delhi Daredevils,Mumbai Indians,bat,normal,0,Delhi Daredevils,0,6,M Vijay,Sharjah Cricket Stadium,Aleem Dar,VA Kulkarni
474,2014,Sharjah,2014-04-27,Sunrisers Hyderabad,Chennai Super Kings,Sunrisers Hyderabad,bat,normal,0,Chennai Super Kings,0,5,DR Smith,Sharjah Cricket Stadium,AK Chaudhary,VA Kulkarni
475,2014,Dubai,2014-04-28,Royal Challengers Bangalore,Kings XI Punjab,Kings XI Punjab,field,normal,0,Kings XI Punjab,0,5,Sandeep Sharma,Dubai International Cricket Stadium,BF Bowden,S Ravi
476,2014,Abu Dhabi,2014-04-29,Rajasthan Royals,Kolkata Knight Riders,Rajasthan Royals,bat,tie,0,Rajasthan Royals,0,0,JP Faulkner,Sheikh Zayed Stadium,Aleem Dar,AK Chaudhary
477,2014,Dubai,2014-04-30,Sunrisers Hyderabad,Mumbai Indians,Mumbai Indians,field,normal,0,Sunrisers Hyderabad,15,0,B Kumar,Dubai International Cricket Stadium,HDPK Dharmasena,M Erasmus
478,2014,Ranchi,2014-05-02,Chennai Super Kings,Kolkata Knight Riders,Chennai Super Kings,bat,normal,0,Chennai Super Kings,34,0,RA Jadeja,JSCA International Stadium Complex,AK Chaudhary,NJ Llong
479,2014,Mumbai,2014-05-03,Kings XI Punjab,Mumbai Indians,Kings XI Punjab,bat,normal,0,Mumbai Indians,0,5,CJ Anderson,"Wankhede Stadium, Mumbai",BNJ Oxenford,C Shamshuddin
480,2014,Delhi,2014-05-03,Delhi Daredevils,Rajasthan Royals,Rajasthan Royals,field,normal,0,Rajasthan Royals,0,7,KK Nair,Feroz Shah Kotla,SS Hazare,S Ravi
481,2014,Bengaluru,2014-05-04,Sunrisers Hyderabad,Royal Challengers Bangalore,Royal Challengers Bangalore,field,normal,0,Royal Challengers Bangalore,0,4,AB de Villiers,"M Chinnaswamy Stadium, Bengaluru",HDPK Dharmasena,VA Kulkarni
482,2014,Ahmedabad,2014-05-05,Rajasthan Royals,Kolkata Knight Riders,Kolkata Knight Riders,field,normal,0,Rajasthan Royals,10,0,PV Tambe,"Sardar Patel Stadium, Motera",NJ Llong,CK Nandan
483,2014,Delhi,2014-05-05,Delhi Daredevils,Chennai Super Kings,Chennai Super Kings,field,normal,0,Chennai Super Kings,0,8,DR Smith,Feroz Shah Kotla,RM Deshpande,BNJ Oxenford
484,2014,Mumbai,2014-05-06,Mumbai Indians,Royal Challengers Bangalore,Royal Challengers Bangalore,field,normal,0,Mumbai Indians,19,0,RG Sharma,"Wankhede Stadium, Mumbai",S Ravi,K Srinath
485,2014,Delhi,2014-05-07,Delhi Daredevils,Kolkata Knight Riders,Delhi Daredevils,bat,normal,0,Kolkata Knight Riders,0,8,G Gambhir,Feroz Shah Kotla,BNJ Oxenford,C Shamshuddin
486,2014,Cuttack,2014-05-07,Kings XI Punjab,Chennai Super Kings,Chennai Super Kings,field,normal,0,Kings XI Punjab,44,0,GJ Maxwell,Barabati Stadium,HDPK Dharmasena,PG Pathak
487,2014,Ahmedabad,2014-05-08,Sunrisers Hyderabad,Rajasthan Royals,Rajasthan Royals,field,normal,0,Sunrisers Hyderabad,32,0,B Kumar,"Sardar Patel Stadium, Motera",AK Chaudhary,NJ Llong
488,2014,Bengaluru,2014-05-09,Kings XI Punjab,Royal Challengers Bangalore,Royal Challengers Bangalore,field,normal,0,Kings XI Punjab,32,0,Sandeep Sharma,"M Chinnaswamy Stadium, Bengaluru",S Ravi,K Srinath
489,2014,Delhi,2014-05-10,Delhi Daredevils,Sunrisers Hyderabad,Sunrisers Hyderabad,field,normal,1,Sunrisers Hyderabad,0,8,DW Steyn,Feroz Shah Kotla,RM Deshpande,BNJ Oxenford
490,2014,Mumbai,2014-05-10,Mumbai Indians,Chennai Super Kings,Chennai Super Kings,field,normal,0,Chennai Super Kings,0,4,DR Smith,"Wankhede Stadium, Mumbai",HDPK Dharmasena,VA Kulkarni
491,2014,Cuttack,2014-05-11,Kings XI Punjab,Kolkata Knight Riders,Kolkata Knight Riders,field,normal,0,Kolkata Knight Riders,0,9,G Gambhir,Barabati Stadium,NJ Llong,CK Nandan
492,2014,Bengaluru,2014-05-11,Royal Challengers Bangalore,Rajasthan Royals,Royal Challengers Bangalore,bat,normal,0,Rajasthan Royals,0,5,JP Faulkner,"M Chinnaswamy Stadium, Bengaluru",S Ravi,RJ Tucker
493,2014,Hyderabad,2014-05-12,Sunrisers Hyderabad,Mumbai Indians,Sunrisers Hyderabad,bat,normal,0,Mumbai Indians,0,7,AT Rayudu,"Rajiv Gandhi International Stadium, Uppal, Hyderabad",HDPK Dharmasena,VA Kulkarni
494,2014,Ranchi,2014-05-13,Rajasthan Royals,Chennai Super Kings,Rajasthan Royals,bat,normal,0,Chennai Super Kings,0,5,RA Jadeja,JSCA International Stadium Complex,BNJ Oxenford,C Shamshuddin
495,2014,Bengaluru,2014-05-13,Royal Challengers Bangalore,Delhi Daredevils,Delhi Daredevils,field,normal,0,Royal Challengers Bangalore,16,0,Yuvraj Singh,"M Chinnaswamy Stadium, Bengaluru",K Srinath,RJ Tucker
496,2014,Hyderabad,2014-05-14,Sunrisers Hyderabad,Kings XI Punjab,Kings XI Punjab,field,normal,0,Kings XI Punjab,0,6,WP Saha,"Rajiv Gandhi International Stadium, Uppal, Hyderabad",VA Kulkarni,PG Pathak
497,2014,Cuttack,2014-05-14,Mumbai Indians,Kolkata Knight Riders,Kolkata Knight Riders,field,normal,0,Kolkata Knight Riders,0,6,RV Uthappa,Barabati Stadium,AK Chaudhary,NJ Llong
498,2014,Ahmedabad,2014-05-15,Rajasthan Royals,Delhi Daredevils,Delhi Daredevils,field,normal,0,Rajasthan Royals,62,0,AM Rahane,"Sardar Patel Stadium, Motera",S Ravi,RJ Tucker
499,2014,Ranchi,2014-05-18,Chennai Super Kings,Royal Challengers Bangalore,Chennai Super Kings,bat,normal,0,Royal Challengers Bangalore,0,5,AB de Villiers,JSCA International Stadium Complex,BNJ Oxenford,C Shamshuddin
500,2014,Hyderabad,2014-05-18,Sunrisers Hyderabad,Kolkata Knight Riders,Sunrisers Hyderabad,bat,normal,0,Kolkata Knight Riders,0,7,UT Yadav,"Rajiv Gandhi International Stadium, Uppal, Hyderabad",NJ Llong,CK Nandan
501,2014,Ahmedabad,2014-05-19,Mumbai Indians,Rajasthan Royals,Mumbai Indians,bat,normal,0,Mumbai Indians,25,0,MEK Hussey,"Sardar Patel Stadium, Motera",S Ravi,RJ Tucker
502,2014,Delhi,2014-05-19,Delhi Daredevils,Kings XI Punjab,Kings XI Punjab,field,normal,0,Kings XI Punjab,0,4,AR Patel,Feroz Shah Kotla,HDPK Dharmasena,PG Pathak
503,2014,Hyderabad,2014-05-20,Royal Challengers Bangalore,Sunrisers Hyderabad,Royal Challengers Bangalore,bat,normal,0,Sunrisers Hyderabad,0,7,DA Warner,"Rajiv Gandhi International Stadium, Uppal, Hyderabad",AK Chaudhary,NJ Llong
504,2014,Kolkata,2014-05-20,Chennai Super Kings,Kolkata Knight Riders,Kolkata Knight Riders,field,normal,0,Kolkata Knight Riders,0,8,RV Uthappa,"Eden Gardens, Kolkata",RM Deshpande,C Shamshuddin
505,2014,Chandigarh,2014-05-21,Kings XI Punjab,Mumbai Indians,Mumbai Indians,field,normal,0,Mumbai Indians,0,7,LMP Simmons,"Punjab Cricket Association IS Bindra Stadium, Mohali, Chandigarh",HDPK Dharmasena,VA Kulkarni
506,2014,Kolkata,2014-05-22,Kolkata Knight Riders,Royal Challengers Bangalore,Royal Challengers Bangalore,field,normal,0,Kolkata Knight Riders,30,0,RV Uthappa,"Eden Gardens, Kolkata",AK Chaudhary,CK Nandan
507,2014,Ranchi,2014-05-22,Chennai Super Kings,Sunrisers Hyderabad,Sunrisers Hyderabad,field,normal,0,Sunrisers Hyderabad,0,6,DA Warner,JSCA International Stadium Complex,BNJ Oxenford,C Shamshuddin
508,2014,Mumbai,2014-05-23,Mumbai Indians,Delhi Daredevils,Delhi Daredevils,field,normal,0,Mumbai Indians,15,0,MEK Hussey,"Wankhede Stadium, Mumbai",S Ravi,RJ Tucker
509,2014,Chandigarh,2014-05-23,Kings XI Punjab,Rajasthan Royals,Rajasthan Royals,field,normal,0,Kings XI Punjab,16,0,SE Marsh,"Punjab Cricket Association IS Bindra Stadium, Mohali, Chandigarh",HDPK Dharmasena,PG Pathak
510,2014,Bengaluru,2014-05-24,Royal Challengers Bangalore,Chennai Super Kings,Chennai Super Kings,field,normal,0,Chennai Super Kings,0,8,MS Dhoni,"M Chinnaswamy Stadium, Bengaluru",AK Chaudhary,NJ Llong
511,2014,Kolkata,2014-05-24,Sunrisers Hyderabad,Kolkata Knight Riders,Kolkata Knight Riders,field,normal,0,Kolkata Knight Riders,0,4,YK Pathan,"Eden Gardens, Kolkata",RM Deshpande,BNJ Oxenford
512,2014,Chandigarh,2014-05-25,Delhi Daredevils,Kings XI Punjab,Kings XI Punjab,field,normal,0,Kings XI Punjab,0,7,M Vohra,"Punjab Cricket Association IS Bindra Stadium, Mohali, Chandigarh",HDPK Dharmasena,VA Kulkarni
513,2014,Mumbai,2014-05-25,Rajasthan Royals,Mumbai Indians,Mumbai Indians,field,normal,0,Mumbai Indians,0,5,CJ Anderson,"Wankhede Stadium, Mumbai",K Srinath,RJ Tucker
514,2014,Kolkata,2014-05-27,Kolkata Knight Riders,Kings XI Punjab,Kings XI Punjab,field,normal,0,Kolkata Knight Riders,28,0,UT Yadav,"Eden Gardens, Kolkata",NJ Llong,S Ravi
515,2014,Mumbai,2014-05-28,Mumbai Indians,Chennai Super Kings,Chennai Super Kings,field,normal,0,Chennai Super Kings,0,7,SK Raina,"Brabourne Stadium, Mumbai",VA Kulkarni,BNJ Oxenford
516,2014,Mumbai,2014-05-30,Kings XI Punjab,Chennai Super Kings,Chennai Super Kings,field,normal,0,Kings XI Punjab,24,0,V Sehwag,"Wankhede Stadium, Mumbai",HDPK Dharmasena,RJ Tucker
517,2014,Bengaluru,2014-06-01,Kings XI Punjab,Kolkata Knight Riders,Kolkata Knight Riders,field,normal,0,Kolkata Knight Riders,0,3,MK Pandey,"M Chinnaswamy Stadium, Bengaluru",HDPK Dharmasena,BNJ Oxenford
518,2015,Kolkata,2015-04-08,Mumbai Indians,Kolkata Knight Riders,Kolkata Knight Riders,field,normal,0,Kolkata Knight Riders,0,7,M Morkel,"Eden Gardens, Kolkata",S Ravi,C Shamshuddin
519,2015,Chennai,2015-04-09,Chennai Super Kings,Delhi Daredevils,Delhi Daredevils,field,normal,0,Chennai Super Kings,1,0,A Nehra,"MA Chidambaram Stadium, Chepauk, Chennai",RK Illingworth,VA Kulkarni
520,2015,Pune,2015-04-10,Rajasthan Royals,Kings XI Punjab,Kings XI Punjab,field,normal,0,Rajasthan Royals,26,0,JP Faulkner,"Maharashtra Cricket Association Stadium, Pune",SD Fry,CB Gaffaney
521,2015,Chennai,2015-04-11,Chennai Super Kings,Sunrisers Hyderabad,Chennai Super Kings,bat,normal,0,Chennai Super Kings,45,0,BB McCullum,"MA Chidambaram Stadium, Chepauk, Chennai",RK Illingworth,VA Kulkarni
522,2015,Kolkata,2015-04-11,Kolkata Knight Riders,Royal Challengers Bangalore,Royal Challengers Bangalore,field,normal,0,Royal Challengers Bangalore,0,3,CH Gayle,"Eden Gardens, Kolkata",S Ravi,C Shamshuddin
523,2015,Delhi,2015-04-12,Delhi Daredevils,Rajasthan Royals,Rajasthan Royals,field,normal,0,Rajasthan Royals,0,3,DJ Hooda,Feroz Shah Kotla,SD Fry,CB Gaffaney
524,2015,Mumbai,2015-04-12,Kings XI Punjab,Mumbai Indians,Mumbai Indians,field,normal,0,Kings XI Punjab,18,0,GJ Bailey,"Wankhede Stadium, Mumbai",AK Chaudhary,K Srinivasan
525,2015,Bengaluru,2015-04-13,Royal Challengers Bangalore,Sunrisers Hyderabad,Sunrisers Hyderabad,field,normal,0,Sunrisers Hyderabad,0,8,DA Warner,"M Chinnaswamy Stadium, Bengaluru",RM Deshpande,RK Illingworth
526,2015,Ahmedabad,2015-04-14,Mumbai Indians,Rajasthan Royals,Mumbai Indians,bat,normal,0,Rajasthan Royals,0,7,SPD Smith,"Sardar Patel Stadium, Motera",AK Chaudhary,SD Fry
528,2015,Pune,2015-04-15,Kings XI Punjab,Delhi Daredevils,Kings XI Punjab,bat,normal,0,Delhi Daredevils,0,5,MA Agarwal,"Maharashtra Cricket Association Stadium, Pune",CB Gaffaney,K Srinath
529,2015,Visakhapatnam,2015-04-16,Sunrisers Hyderabad,Rajasthan Royals,Rajasthan Royals,field,normal,0,Rajasthan Royals,0,6,AM Rahane,"Dr. Y.S. Rajasekhara Reddy ACA-VDCA Cricket Stadium, Visakhapatnam",PG Pathak,S Ravi
530,2015,Mumbai,2015-04-17,Mumbai Indians,Chennai Super Kings,Mumbai Indians,bat,normal,0,Chennai Super Kings,0,6,A Nehra,"Wankhede Stadium, Mumbai",AK Chaudhary,M Erasmus
531,2015,Visakhapatnam,2015-04-18,Delhi Daredevils,Sunrisers Hyderabad,Delhi Daredevils,bat,normal,0,Delhi Daredevils,4,0,JP Duminy,"Dr. Y.S. Rajasekhara Reddy ACA-VDCA Cricket Stadium, Visakhapatnam",PG Pathak,S Ravi
532,2015,Pune,2015-04-18,Kings XI Punjab,Kolkata Knight Riders,Kolkata Knight Riders,field,normal,0,Kolkata Knight Riders,0,4,AD Russell,"Maharashtra Cricket Association Stadium, Pune",SD Fry,CK Nandan
533,2015,Ahmedabad,2015-04-19,Chennai Super Kings,Rajasthan Royals,Chennai Super Kings,bat,normal,0,Rajasthan Royals,0,8,AM Rahane,"Sardar Patel Stadium, Motera",AK Chaudhary,M Erasmus
534,2015,Bengaluru,2015-04-19,Mumbai Indians,Royal Challengers Bangalore,Royal Challengers Bangalore,field,normal,0,Mumbai Indians,18,0,Harbhajan Singh,"M Chinnaswamy Stadium, Bengaluru",RK Illingworth,VA Kulkarni
535,2015,Delhi,2015-04-20,Delhi Daredevils,Kolkata Knight Riders,Kolkata Knight Riders,field,normal,0,Kolkata Knight Riders,0,6,UT Yadav,Feroz Shah Kotla,SD Fry,CB Gaffaney
536,2015,Ahmedabad,2015-04-21,Rajasthan Royals,Kings XI Punjab,Kings XI Punjab,field,tie,0,Kings XI Punjab,0,0,SE Marsh,"Sardar Patel Stadium, Motera",M Erasmus,S Ravi
537,2015,Visakhapatnam,2015-04-22,Sunrisers Hyderabad,Kolkata Knight Riders,Kolkata Knight Riders,field,normal,1,Sunrisers Hyderabad,16,0,DA Warner,"Dr. Y.S. Rajasekhara Reddy ACA-VDCA Cricket Stadium, Visakhapatnam",RK Illingworth,VA Kulkarni
538,2015,Bengaluru,2015-04-22,Chennai Super Kings,Royal Challengers Bangalore,Royal Challengers Bangalore,field,normal,0,Chennai Super Kings,27,0,SK Raina,"M Chinnaswamy Stadium, Bengaluru",JD Cloete,C Shamshuddin
539,2015,Delhi,2015-04-23,Delhi Daredevils,Mumbai Indians,Mumbai Indians,field,normal,0,Delhi Daredevils,37,0,SS Iyer,Feroz Shah Kotla,SD Fry,CK Nandan
540,2015,Ahmedabad,2015-04-24,Rajasthan Royals,Royal Challengers Bangalore,Royal Challengers Bangalore,field,normal,0,Royal Challengers Bangalore,0,9,MA Starc,"Sardar Patel Stadium, Motera",M Erasmus,S Ravi
541,2015,Mumbai,2015-04-25,Mumbai Indians,Sunrisers Hyderabad,Mumbai Indians,bat,normal,0,Mumbai Indians,20,0,SL Malinga,"Wankhede Stadium, Mumbai",HDPK Dharmasena,CB Gaffaney
542,2015,Chennai,2015-04-25,Chennai Super Kings,Kings XI Punjab,Chennai Super Kings,bat,normal,0,Chennai Super Kings,97,0,BB McCullum,"MA Chidambaram Stadium, Chepauk, Chennai",JD Cloete,C Shamshuddin
543,2015,Delhi,2015-04-26,Delhi Daredevils,Royal Challengers Bangalore,Royal Challengers Bangalore,field,normal,0,Royal Challengers Bangalore,0,10,VR Aaron,Feroz Shah Kotla,M Erasmus,S Ravi
544,2015,Chandigarh,2015-04-27,Sunrisers Hyderabad,Kings XI Punjab,Kings XI Punjab,field,normal,0,Sunrisers Hyderabad,20,0,TA Boult,"Punjab Cricket Association IS Bindra Stadium, Mohali, Chandigarh",HDPK Dharmasena,CB Gaffaney
547,2015,Chennai,2015-04-28,Chennai Super Kings,Kolkata Knight Riders,Kolkata Knight Riders,field,normal,0,Chennai Super Kings,2,0,DJ Bravo,"MA Chidambaram Stadium, Chepauk, Chennai",RM Deshpande,VA Kulkarni
546,2015,Bengaluru,2015-04-29,Royal Challengers Bangalore,Rajasthan Royals,Rajasthan Royals,field,no result,0,,0,0,,"M Chinnaswamy Stadium, Bengaluru",JD Cloete,PG Pathak
527,2015,Kolkata,2015-04-30,Chennai Super Kings,Kolkata Knight Riders,Kolkata Knight Riders,field,normal,0,Kolkata Knight Riders,0,7,AD Russell,"Eden Gardens, Kolkata",AK Chaudhary,M Erasmus
548,2015,Delhi,2015-05-01,Kings XI Punjab,Delhi Daredevils,Delhi Daredevils,field,normal,0,Delhi Daredevils,0,9,NM Coulter-Nile,Feroz Shah Kotla,RK Illingworth,S Ravi
549,2015,Mumbai,2015-05-01,Mumbai Indians,Rajasthan Royals,Rajasthan Royals,field,normal,0,Mumbai Indians,8,0,AT Rayudu,"Wankhede Stadium, Mumbai",HDPK Dharmasena,CK Nandan
550,2015,Bengaluru,2015-05-02,Kolkata Knight Riders,Royal Challengers Bangalore,Royal Challengers Bangalore,field,normal,0,Royal Challengers Bangalore,0,7,Mandeep Singh,"M Chinnaswamy Stadium, Bengaluru",JD Cloete,PG Pathak
551,2015,Hyderabad,2015-05-02,Sunrisers Hyderabad,Chennai Super Kings,Chennai Super Kings,field,normal,0,Sunrisers Hyderabad,22,0,DA Warner,"Rajiv Gandhi International Stadium, Uppal, Hyderabad",AK Chaudhary,K Srinivasan
552,2015,Chandigarh,2015-05-03,Mumbai Indians,Kings XI Punjab,Mumbai Indians,bat,normal,0,Mumbai Indians,23,0,LMP Simmons,"Punjab Cricket Association IS Bindra Stadium, Mohali, Chandigarh",RK Illingworth,VA Kulkarni
553,2015,Mumbai,2015-05-03,Rajasthan Royals,Delhi Daredevils,Delhi Daredevils,field,normal,0,Rajasthan Royals,14,0,AM Rahane,"Brabourne Stadium, Mumbai",HDPK Dharmasena,CB Gaffaney
554,2015,Chennai,2015-05-04,Chennai Super Kings,Royal Challengers Bangalore,Chennai Super Kings,bat,normal,0,Chennai Super Kings,24,0,SK Raina,"MA Chidambaram Stadium, Chepauk, Chennai",C Shamshuddin,K Srinath
555,2015,Kolkata,2015-05-04,Kolkata Knight Riders,Sunrisers Hyderabad,Sunrisers Hyderabad,field,normal,0,Kolkata Knight Riders,35,0,UT Yadav,"Eden Gardens, Kolkata",AK Chaudhary,M Erasmus
556,2015,Mumbai,2015-05-05,Delhi Daredevils,Mumbai Indians,Delhi Daredevils,bat,normal,0,Mumbai Indians,0,5,Harbhajan Singh,"Wankhede Stadium, Mumbai",HDPK Dharmasena,CB Gaffaney
557,2015,Bengaluru,2015-05-06,Royal Challengers Bangalore,Kings XI Punjab,Kings XI Punjab,field,normal,0,Royal Challengers Bangalore,138,0,CH Gayle,"M Chinnaswamy Stadium, Bengaluru",RK Illingworth,VA Kulkarni
545,2015,Kolkata,2015-05-07,Kolkata Knight Riders,Delhi Daredevils,Kolkata Knight Riders,bat,normal,0,Kolkata Knight Riders,13,0,PP Chawla,"Eden Gardens, Kolkata",AK Chaudhary,M Erasmus
558,2015,Mumbai,2015-05-07,Sunrisers Hyderabad,Rajasthan Royals,Rajasthan Royals,field,normal,0,Sunrisers Hyderabad,7,0,EJG Morgan,"Brabourne Stadium, Mumbai",JD Cloete,C Shamshuddin
559,2015,Chennai,2015-05-08,Chennai Super Kings,Mumbai Indians,Chennai Super Kings,bat,normal,0,Mumbai Indians,0,6,HH Pandya,"MA Chidambaram Stadium, Chepauk, Chennai",CB Gaffaney,CK Nandan
560,2015,Kolkata,2015-05-09,Kings XI Punjab,Kolkata Knight Riders,Kings XI Punjab,bat,normal,0,Kolkata Knight Riders,0,1,AD Russell,"Eden Gardens, Kolkata",AK Chaudhary,HDPK Dharmasena
561,2015,Raipur,2015-05-09,Sunrisers Hyderabad,Delhi Daredevils,Sunrisers Hyderabad,bat,normal,0,Sunrisers Hyderabad,6,0,MC Henriques,"Shaheed Veer Narayan Singh International Stadium, Raipur",VA Kulkarni,S Ravi
562,2015,Mumbai,2015-05-10,Royal Challengers Bangalore,Mumbai Indians,Royal Challengers Bangalore,bat,normal,0,Royal Challengers Bangalore,39,0,AB de Villiers,"Wankhede Stadium, Mumbai",JD Cloete,C Shamshuddin
563,2015,Chennai,2015-05-10,Chennai Super Kings,Rajasthan Royals,Chennai Super Kings,bat,normal,0,Chennai Super Kings,12,0,RA Jadeja,"MA Chidambaram Stadium, Chepauk, Chennai",M Erasmus,CK Nandan
564,2015,Hyderabad,2015-05-11,Sunrisers Hyderabad,Kings XI Punjab,Sunrisers Hyderabad,bat,normal,0,Sunrisers Hyderabad,5,0,DA Warner,"Rajiv Gandhi International Stadium, Uppal, Hyderabad",AK Chaudhary,HDPK Dharmasena
565,2015,Raipur,2015-05-12,Chennai Super Kings,Delhi Daredevils,Chennai Super Kings,bat,normal,0,Delhi Daredevils,0,6,Z Khan,"Shaheed Veer Narayan Singh International Stadium, Raipur",RK Illingworth,VA Kulkarni
566,2015,Chandigarh,2015-05-13,Kings XI Punjab,Royal Challengers Bangalore,Royal Challengers Bangalore,field,normal,0,Kings XI Punjab,22,0,AR Patel,"Punjab Cricket Association IS Bindra Stadium, Mohali, Chandigarh",JD Cloete,C Shamshuddin
567,2015,Mumbai,2015-05-14,Mumbai Indians,Kolkata Knight Riders,Kolkata Knight Riders,field,normal,0,Mumbai Indians,5,0,HH Pandya,"Wankhede Stadium, Mumbai",RK Illingworth,VA Kulkarni
568,2015,Hyderabad,2015-05-15,Sunrisers Hyderabad,Royal Challengers Bangalore,Sunrisers Hyderabad,bat,normal,1,Royal Challengers Bangalore,0,6,V Kohli,"Rajiv Gandhi International Stadium, Uppal, Hyderabad",AK Chaudhary,HDPK Dharmasena
569,2015,Chandigarh,2015-05-16,Kings XI Punjab,Chennai Super Kings,Kings XI Punjab,bat,normal,0,Chennai Super Kings,0,7,P Negi,"Punjab Cricket Association IS Bindra Stadium, Mohali, Chandigarh",CK Nandan,C Shamshuddin
570,2015,Mumbai,2015-05-16,Rajasthan Royals,Kolkata Knight Riders,Rajasthan Royals,bat,normal,0,Rajasthan Royals,9,0,SR Watson,"Brabourne Stadium, Mumbai",RM Deshpande,RK Illingworth
571,2015,Bengaluru,2015-05-17,Delhi Daredevils,Royal Challengers Bangalore,Royal Challengers Bangalore,field,no result,0,,0,0,,"M Chinnaswamy Stadium, Bengaluru",HDPK Dharmasena,K Srinivasan
572,2015,Hyderabad,2015-05-17,Sunrisers Hyderabad,Mumbai Indians,Sunrisers Hyderabad,bat,normal,0,Mumbai Indians,0,9,MJ McClenaghan,"Rajiv Gandhi International Stadium, Uppal, Hyderabad",CB Gaffaney,K Srinath
573,2015,Mumbai,2015-05-19,Mumbai Indians,Chennai Super Kings,Mumbai Indians,bat,normal,0,Mumbai Indians,25,0,KA Pollard,"Wankhede Stadium, Mumbai",HDPK Dharmasena,RK Illingworth
574,2015,Pune,2015-05-20,Royal Challengers Bangalore,Rajasthan Royals,Royal Challengers Bangalore,bat,normal,0,Royal Challengers Bangalore,71,0,AB de Villiers,"Maharashtra Cricket Association Stadium, Pune",AK Chaudhary,C Shamshuddin
575,2015,Ranchi,2015-05-22,Royal Challengers Bangalore,Chennai Super Kings,Chennai Super Kings,field,normal,0,Chennai Super Kings,0,3,A Nehra,JSCA International Stadium Complex,AK Chaudhary,CB Gaffaney
576,2015,Kolkata,2015-05-24,Mumbai Indians,Chennai Super Kings,Chennai Super Kings,field,normal,0,Mumbai Indians,41,0,RG Sharma,"Eden Gardens, Kolkata",HDPK Dharmasena,RK Illingworth
577,2016,Mumbai,2016-04-09,Mumbai Indians,Rising Pune Supergiants,Mumbai Indians,bat,normal,0,Rising Pune Supergiants,0,9,AM Rahane,"Wankhede Stadium, Mumbai",HDPK Dharmasena,CK Nandan
578,2016,Kolkata,2016-04-10,Delhi Daredevils,Kolkata Knight Riders,Kolkata Knight Riders,field,normal,0,Kolkata Knight Riders,0,9,AD Russell,"Eden Gardens, Kolkata",S Ravi,C Shamshuddin
579,2016,Chandigarh,2016-04-11,Kings XI Punjab,Gujarat Lions,Gujarat Lions,field,normal,0,Gujarat Lions,0,5,AJ Finch,"Punjab Cricket Association IS Bindra Stadium, Mohali, Chandigarh",AK Chaudhary,VA Kulkarni
580,2016,Bengaluru,2016-04-12,Royal Challengers Bangalore,Sunrisers Hyderabad,Sunrisers Hyderabad,field,normal,0,Royal Challengers Bangalore,45,0,AB de Villiers,"M Chinnaswamy Stadium, Bengaluru",HDPK Dharmasena,VK Sharma
581,2016,Kolkata,2016-04-13,Kolkata Knight Riders,Mumbai Indians,Mumbai Indians,field,normal,0,Mumbai Indians,0,6,RG Sharma,"Eden Gardens, Kolkata",Nitin Menon,S Ravi
582,2016,Rajkot,2016-04-14,Rising Pune Supergiants,Gujarat Lions,Rising Pune Supergiants,bat,normal,0,Gujarat Lions,0,7,AJ Finch,Saurashtra Cricket Association Stadium,VA Kulkarni,CK Nandan
583,2016,Delhi,2016-04-15,Kings XI Punjab,Delhi Daredevils,Delhi Daredevils,field,normal,0,Delhi Daredevils,0,8,A Mishra,Feroz Shah Kotla,S Ravi,C Shamshuddin
584,2016,Hyderabad,2016-04-16,Sunrisers Hyderabad,Kolkata Knight Riders,Sunrisers Hyderabad,bat,normal,0,Kolkata Knight Riders,0,8,G Gambhir,"Rajiv Gandhi International Stadium, Uppal, Hyderabad",AK Chaudhary,CK Nandan
585,2016,Mumbai,2016-04-16,Mumbai Indians,Gujarat Lions,Gujarat Lions,field,normal,0,Gujarat Lions,0,3,AJ Finch,"Wankhede Stadium, Mumbai",HDPK Dharmasena,VK Sharma
586,2016,Chandigarh,2016-04-17,Rising Pune Supergiants,Kings XI Punjab,Rising Pune Supergiants,bat,normal,0,Kings XI Punjab,0,6,M Vohra,"Punjab Cricket Association IS Bindra Stadium, Mohali, Chandigarh",S Ravi,C Shamshuddin
587,2016,Bengaluru,2016-04-17,Royal Challengers Bangalore,Delhi Daredevils,Delhi Daredevils,field,normal,0,Delhi Daredevils,0,7,Q de Kock,"M Chinnaswamy Stadium, Bengaluru",VA Kulkarni,A Nand Kishore
588,2016,Hyderabad,2016-04-18,Mumbai Indians,Sunrisers Hyderabad,Sunrisers Hyderabad,field,normal,0,Sunrisers Hyderabad,0,7,DA Warner,"Rajiv Gandhi International Stadium, Uppal, Hyderabad",HDPK Dharmasena,VK Sharma
589,2016,Chandigarh,2016-04-19,Kings XI Punjab,Kolkata Knight Riders,Kolkata Knight Riders,field,normal,0,Kolkata Knight Riders,0,6,RV Uthappa,"Punjab Cricket Association IS Bindra Stadium, Mohali, Chandigarh",S Ravi,C Shamshuddin
590,2016,Mumbai,2016-04-20,Royal Challengers Bangalore,Mumbai Indians,Mumbai Indians,field,normal,0,Mumbai Indians,0,6,RG Sharma,"Wankhede Stadium, Mumbai",AK Chaudhary,CK Nandan
591,2016,Rajkot,2016-04-21,Gujarat Lions,Sunrisers Hyderabad,Sunrisers Hyderabad,field,normal,0,Sunrisers Hyderabad,0,10,B Kumar,Saurashtra Cricket Association Stadium,K Bharatan,HDPK Dharmasena
592,2016,Pune,2016-04-22,Royal Challengers Bangalore,Rising Pune Supergiants,Rising Pune Supergiants,field,normal,0,Royal Challengers Bangalore,13,0,AB de Villiers,"Maharashtra Cricket Association Stadium, Pune",CB Gaffaney,VK Sharma
593,2016,Delhi,2016-04-23,Delhi Daredevils,Mumbai Indians,Mumbai Indians,field,normal,0,Delhi Daredevils,10,0,SV Samson,Feroz Shah Kotla,S Ravi,C Shamshuddin
594,2016,Hyderabad,2016-04-23,Kings XI Punjab,Sunrisers Hyderabad,Sunrisers Hyderabad,field,normal,0,Sunrisers Hyderabad,0,5,Mustafizur Rahman,"Rajiv Gandhi International Stadium, Uppal, Hyderabad",AK Chaudhary,CK Nandan
595,2016,Rajkot,2016-04-24,Royal Challengers Bangalore,Gujarat Lions,Royal Challengers Bangalore,bat,normal,0,Gujarat Lions,0,6,V Kohli,Saurashtra Cricket Association Stadium,K Bharatan,BNJ Oxenford
596,2016,Pune,2016-04-24,Rising Pune Supergiants,Kolkata Knight Riders,Kolkata Knight Riders,field,normal,0,Kolkata Knight Riders,0,2,SA Yadav,"Maharashtra Cricket Association Stadium, Pune",CB Gaffaney,A Nand Kishore
597,2016,Chandigarh,2016-04-25,Mumbai Indians,Kings XI Punjab,Kings XI Punjab,field,normal,0,Mumbai Indians,25,0,PA Patel,"Punjab Cricket Association IS Bindra Stadium, Mohali, Chandigarh",Nitin Menon,RJ Tucker
598,2016,Hyderabad,2016-04-26,Sunrisers Hyderabad,Rising Pune Supergiants,Rising Pune Supergiants,field,normal,1,Rising Pune Supergiants,34,0,AB Dinda,"Rajiv Gandhi International Stadium, Uppal, Hyderabad",AY Dandekar,CK Nandan
599,2016,Delhi,2016-04-27,Gujarat Lions,Delhi Daredevils,Delhi Daredevils,field,normal,0,Gujarat Lions,1,0,CH Morris,Feroz Shah Kotla,M Erasmus,S Ravi
600,2016,Mumbai,2016-04-28,Kolkata Knight Riders,Mumbai Indians,Mumbai Indians,field,normal,0,Mumbai Indians,0,6,RG Sharma,"Wankhede Stadium, Mumbai",Nitin Menon,RJ Tucker
601,2016,Pune,2016-04-29,Rising Pune Supergiants,Gujarat Lions,Gujarat Lions,field,normal,0,Gujarat Lions,0,3,DR Smith,"Maharashtra Cricket Association Stadium, Pune",CB Gaffaney,BNJ Oxenford
602,2016,Delhi,2016-04-30,Delhi Daredevils,Kolkata Knight Riders,Kolkata Knight Riders,field,normal,0,Delhi Daredevils,27,0,CR Brathwaite,Feroz Shah Kotla,KN Ananthapadmanabhan,M Erasmus
603,2016,Hyderabad,2016-04-30,Sunrisers Hyderabad,Royal Challengers Bangalore,Royal Challengers Bangalore,field,normal,0,Sunrisers Hyderabad,15,0,DA Warner,"Rajiv Gandhi International Stadium, Uppal, Hyderabad",AK Chaudhary,HDPK Dharmasena
604,2016,Rajkot,2016-05-01,Kings XI Punjab,Gujarat Lions,Gujarat Lions,field,normal,0,Kings XI Punjab,23,0,AR Patel,Saurashtra Cricket Association Stadium,BNJ Oxenford,VK Sharma
605,2016,Pune,2016-05-01,Rising Pune Supergiants,Mumbai Indians,Mumbai Indians,field,normal,0,Mumbai Indians,0,8,RG Sharma,"Maharashtra Cricket Association Stadium, Pune",AY Dandekar,RJ Tucker
606,2016,Bengaluru,2016-05-02,Royal Challengers Bangalore,Kolkata Knight Riders,Kolkata Knight Riders,field,normal,0,Kolkata Knight Riders,0,5,AD Russell,"M Chinnaswamy Stadium, Bengaluru",M Erasmus,S Ravi
607,2016,Rajkot,2016-05-03,Gujarat Lions,Delhi Daredevils,Delhi Daredevils,field,normal,0,Delhi Daredevils,0,8,RR Pant,Saurashtra Cricket Association Stadium,CB Gaffaney,BNJ Oxenford
608,2016,Kolkata,2016-05-04,Kolkata Knight Riders,Kings XI Punjab,Kings XI Punjab,field,normal,0,Kolkata Knight Riders,7,0,AD Russell,"Eden Gardens, Kolkata",AK Chaudhary,HDPK Dharmasena
609,2016,Delhi,2016-05-05,Delhi Daredevils,Rising Pune Supergiants,Rising Pune Supergiants,field,normal,0,Rising Pune Supergiants,0,7,AM Rahane,Feroz Shah Kotla,C Shamshuddin,RJ Tucker
610,2016,Hyderabad,2016-05-06,Gujarat Lions,Sunrisers Hyderabad,Sunrisers Hyderabad,field,normal,0,Sunrisers Hyderabad,0,5,B Kumar,"Rajiv Gandhi International Stadium, Uppal, Hyderabad",M Erasmus,S Ravi
611,2016,Bengaluru,2016-05-07,Rising Pune Supergiants,Royal Challengers Bangalore,Royal Challengers Bangalore,field,normal,0,Royal Challengers Bangalore,0,7,V Kohli,"M Chinnaswamy Stadium, Bengaluru",CB Gaffaney,BNJ Oxenford
612,2016,Chandigarh,2016-05-07,Kings XI Punjab,Delhi Daredevils,Delhi Daredevils,field,normal,0,Kings XI Punjab,9,0,MP Stoinis,"Punjab Cricket Association IS Bindra Stadium, Mohali, Chandigarh",HDPK Dharmasena,CK Nandan
613,2016,Visakhapatnam,2016-05-08,Sunrisers Hyderabad,Mumbai Indians,Mumbai Indians,field,normal,0,Sunrisers Hyderabad,85,0,A Nehra,"Dr. Y.S. Rajasekhara Reddy ACA-VDCA Cricket Stadium, Visakhapatnam",S Ravi,C Shamshuddin
614,2016,Kolkata,2016-05-08,Kolkata Knight Riders,Gujarat Lions,Gujarat Lions,field,normal,0,Gujarat Lions,0,5,P Kumar,"Eden Gardens, Kolkata",M Erasmus,RJ Tucker
615,2016,Chandigarh,2016-05-09,Royal Challengers Bangalore,Kings XI Punjab,Kings XI Punjab,field,normal,0,Royal Challengers Bangalore,1,0,SR Watson,"Punjab Cricket Association IS Bindra Stadium, Mohali, Chandigarh",AK Chaudhary,HDPK Dharmasena
616,2016,Visakhapatnam,2016-05-10,Sunrisers Hyderabad,Rising Pune Supergiants,Sunrisers Hyderabad,bat,normal,0,Sunrisers Hyderabad,4,0,A Zampa,"Dr. Y.S. Rajasekhara Reddy ACA-VDCA Cricket Stadium, Visakhapatnam",CB Gaffaney,VK Sharma
617,2016,Bengaluru,2016-05-11,Royal Challengers Bangalore,Mumbai Indians,Mumbai Indians,field,normal,0,Mumbai Indians,0,6,KH Pandya,"M Chinnaswamy Stadium, Bengaluru",AY Dandekar,C Shamshuddin
618,2016,Hyderabad,2016-05-12,Sunrisers Hyderabad,Delhi Daredevils,Delhi Daredevils,field,normal,0,Delhi Daredevils,0,7,CH Morris,"Rajiv Gandhi International Stadium, Uppal, Hyderabad",K Bharatan,M Erasmus
619,2016,Visakhapatnam,2016-05-13,Mumbai Indians,Kings XI Punjab,Mumbai Indians,bat,normal,0,Kings XI Punjab,0,7,MP Stoinis,"Dr. Y.S. Rajasekhara Reddy ACA-VDCA Cricket Stadium, Visakhapatnam",HDPK Dharmasena,CK Nandan
620,2016,Bengaluru,2016-05-14,Royal Challengers Bangalore,Gujarat Lions,Gujarat Lions,field,normal,0,Royal Challengers Bangalore,144,0,AB de Villiers,"M Chinnaswamy Stadium, Bengaluru",AY Dandekar,VK Sharma
621,2016,Kolkata,2016-05-14,Rising Pune Supergiants,Kolkata Knight Riders,Rising Pune Supergiants,bat,normal,1,Kolkata Knight Riders,0,8,YK Pathan,"Eden Gardens, Kolkata",A Nand Kishore,BNJ Oxenford
622,2016,Chandigarh,2016-05-15,Kings XI Punjab,Sunrisers Hyderabad,Kings XI Punjab,bat,normal,0,Sunrisers Hyderabad,0,7,HM Amla,"Punjab Cricket Association IS Bindra Stadium, Mohali, Chandigarh",KN Ananthapadmanabhan,M Erasmus
623,2016,Visakhapatnam,2016-05-15,Mumbai Indians,Delhi Daredevils,Delhi Daredevils,field,normal,0,Mumbai Indians,80,0,KH Pandya,"Dr. Y.S. Rajasekhara Reddy ACA-VDCA Cricket Stadium, Visakhapatnam",Nitin Menon,CK Nandan
624,2016,Kolkata,2016-05-16,Kolkata Knight Riders,Royal Challengers Bangalore,Royal Challengers Bangalore,field,normal,0,Royal Challengers Bangalore,0,9,V Kohli,"Eden Gardens, Kolkata",CB Gaffaney,A Nand Kishore
625,2016,Visakhapatnam,2016-05-17,Delhi Daredevils,Rising Pune Supergiants,Rising Pune Supergiants,field,normal,1,Rising Pune Supergiants,19,0,AB Dinda,"Dr. Y.S. Rajasekhara Reddy ACA-VDCA Cricket Stadium, Visakhapatnam",Nitin Menon,C Shamshuddin
626,2016,Bengaluru,2016-05-18,Royal Challengers Bangalore,Kings XI Punjab,Kings XI Punjab,field,normal,1,Royal Challengers Bangalore,82,0,V Kohli,"M Chinnaswamy Stadium, Bengaluru",KN Ananthapadmanabhan,M Erasmus
627,2016,Kanpur,2016-05-19,Kolkata Knight Riders,Gujarat Lions,Gujarat Lions,field,normal,0,Gujarat Lions,0,6,DR Smith,Green Park,AK Chaudhary,CK Nandan
628,2016,Raipur,2016-05-20,Sunrisers Hyderabad,Delhi Daredevils,Delhi Daredevils,field,normal,0,Delhi Daredevils,0,6,KK Nair,"Shaheed Veer Narayan Singh International Stadium, Raipur",A Nand Kishore,BNJ Oxenford
629,2016,Visakhapatnam,2016-05-21,Kings XI Punjab,Rising Pune Supergiants,Kings XI Punjab,bat,normal,0,Rising Pune Supergiants,0,4,MS Dhoni,"Dr. Y.S. Rajasekhara Reddy ACA-VDCA Cricket Stadium, Visakhapatnam",HDPK Dharmasena,Nitin Menon
630,2016,Kanpur,2016-05-21,Mumbai Indians,Gujarat Lions,Gujarat Lions,field,normal,0,Gujarat Lions,0,6,SK Raina,Green Park,AK Chaudhary,CK Nandan
631,2016,Kolkata,2016-05-22,Kolkata Knight Riders,Sunrisers Hyderabad,Sunrisers Hyderabad,field,normal,0,Kolkata Knight Riders,22,0,YK Pathan,"Eden Gardens, Kolkata",KN Ananthapadmanabhan,M Erasmus
632,2016,Raipur,2016-05-22,Delhi Daredevils,Royal Challengers Bangalore,Royal Challengers Bangalore,field,normal,0,Royal Challengers Bangalore,0,6,V Kohli,"Shaheed Veer Narayan Singh International Stadium, Raipur",A Nand Kishore,BNJ Oxenford
633,2016,Bengaluru,2016-05-24,Gujarat Lions,Royal Challengers Bangalore,Royal Challengers Bangalore,field,normal,0,Royal Challengers Bangalore,0,4,AB de Villiers,"M Chinnaswamy Stadium, Bengaluru",AK Chaudhary,HDPK Dharmasena
634,2016,Delhi,2016-05-25,Sunrisers Hyderabad,Kolkata Knight Riders,Kolkata Knight Riders,field,normal,0,Sunrisers Hyderabad,22,0,MC Henriques,Feroz Shah Kotla,M Erasmus,C Shamshuddin
635,2016,Delhi,2016-05-27,Gujarat Lions,Sunrisers Hyderabad,Sunrisers Hyderabad,field,normal,0,Sunrisers Hyderabad,0,4,DA Warner,Feroz Shah Kotla,M Erasmus,CK Nandan
636,2016,Bengaluru,2016-05-29,Sunrisers Hyderabad,Royal Challengers Bangalore,Sunrisers Hyderabad,bat,normal,0,Sunrisers Hyderabad,8,0,BCJ Cutting,"M Chinnaswamy Stadium, Bengaluru",HDPK Dharmasena,BNJ Oxenford
1,2017,Hyderabad,2017-04-05,Sunrisers Hyderabad,Royal Challengers Bangalore,Royal Challengers Bangalore,field,normal,0,Sunrisers Hyderabad,35,0,Yuvraj Singh,"Rajiv Gandhi International Stadium, Uppal, Hyderabad",AY Dandekar,NJ Llong
2,2017,Pune,2017-04-06,Mumbai Indians,Rising Pune Supergiant,Rising Pune Supergiant,field,normal,0,Rising Pune Supergiant,0,7,SPD Smith,"Maharashtra Cricket Association Stadium, Pune",A Nand Kishore,S Ravi
3,2017,Rajkot,2017-04-07,Gujarat Lions,Kolkata Knight Riders,Kolkata Knight Riders,field,normal,0,Kolkata Knight Riders,0,10,CA Lynn,Saurashtra Cricket Association Stadium,Nitin Menon,CK Nandan
4,2017,Indore,2017-04-08,Rising Pune Supergiant,Kings XI Punjab,Kings XI Punjab,field,normal,0,Kings XI Punjab,0,6,GJ Maxwell,Holkar Cricket Stadium,AK Chaudhary,C Shamshuddin
5,2017,Bengaluru,2017-04-08,Royal Challengers Bangalore,Delhi Daredevils,Royal Challengers Bangalore,bat,normal,0,Royal Challengers Bangalore,15,0,KM Jadhav,"M Chinnaswamy Stadium, Bengaluru",,
6,2017,Hyderabad,2017-04-09,Gujarat Lions,Sunrisers Hyderabad,Sunrisers Hyderabad,field,normal,0,Sunrisers Hyderabad,0,9,Rashid Khan,"Rajiv Gandhi International Stadium, Uppal, Hyderabad",A Deshmukh,NJ Llong
7,2017,Mumbai,2017-04-09,Kolkata Knight Riders,Mumbai Indians,Mumbai Indians,field,normal,0,Mumbai Indians,0,4,N Rana,"Wankhede Stadium, Mumbai",Nitin Menon,CK Nandan
8,2017,Indore,2017-04-10,Royal Challengers Bangalore,Kings XI Punjab,Royal Challengers Bangalore,bat,normal,0,Kings XI Punjab,0,8,AR Patel,Holkar Cricket Stadium,AK Chaudhary,C Shamshuddin
9,2017,Pune,2017-04-11,Delhi Daredevils,Rising Pune Supergiant,Rising Pune Supergiant,field,normal,0,Delhi Daredevils,97,0,SV Samson,"Maharashtra Cricket Association Stadium, Pune",AY Dandekar,S Ravi
10,2017,Mumbai,2017-04-12,Sunrisers Hyderabad,Mumbai Indians,Mumbai Indians,field,normal,0,Mumbai Indians,0,4,JJ Bumrah,"Wankhede Stadium, Mumbai",Nitin Menon,CK Nandan
11,2017,Kolkata,2017-04-13,Kings XI Punjab,Kolkata Knight Riders,Kolkata Knight Riders,field,normal,0,Kolkata Knight Riders,0,8,SP Narine,"Eden Gardens, Kolkata",A Deshmukh,NJ Llong
12,2017,Bengaluru,2017-04-14,Royal Challengers Bangalore,Mumbai Indians,Mumbai Indians,field,normal,0,Mumbai Indians,0,4,KA Pollard,"M Chinnaswamy Stadium, Bengaluru",KN Ananthapadmanabhan,AK Chaudhary
13,2017,Rajkot,2017-04-14,Rising Pune Supergiant,Gujarat Lions,Gujarat Lions,field,normal,0,Gujarat Lions,0,7,AJ Tye,Saurashtra Cricket Association Stadium,A Nand Kishore,S Ravi
14,2017,Kolkata,2017-04-15,Kolkata Knight Riders,Sunrisers Hyderabad,Sunrisers Hyderabad,field,normal,0,Kolkata Knight Riders,17,0,RV Uthappa,"Eden Gardens, Kolkata",AY Dandekar,NJ Llong
15,2017,Delhi,2017-04-15,Delhi Daredevils,Kings XI Punjab,Delhi Daredevils,bat,normal,0,Delhi Daredevils,51,0,CJ Anderson,Feroz Shah Kotla,YC Barde,Nitin Menon
16,2017,Mumbai,2017-04-16,Gujarat Lions,Mumbai Indians,Mumbai Indians,field,normal,0,Mumbai Indians,0,6,N Rana,"Wankhede Stadium, Mumbai",A Nand Kishore,S Ravi
17,2017,Bengaluru,2017-04-16,Rising Pune Supergiant,Royal Challengers Bangalore,Royal Challengers Bangalore,field,normal,0,Rising Pune Supergiant,27,0,BA Stokes,"M Chinnaswamy Stadium, Bengaluru",KN Ananthapadmanabhan,C Shamshuddin
18,2017,Delhi,2017-04-17,Delhi Daredevils,Kolkata Knight Riders,Delhi Daredevils,bat,normal,0,Kolkata Knight Riders,0,4,NM Coulter-Nile,Feroz Shah Kotla,Nitin Menon,CK Nandan
19,2017,Hyderabad,2017-04-17,Sunrisers Hyderabad,Kings XI Punjab,Kings XI Punjab,field,normal,0,Sunrisers Hyderabad,5,0,B Kumar,"Rajiv Gandhi International Stadium, Uppal, Hyderabad",AY Dandekar,A Deshmukh
20,2017,Rajkot,2017-04-18,Royal Challengers Bangalore,Gujarat Lions,Gujarat Lions,field,normal,0,Royal Challengers Bangalore,21,0,CH Gayle,Saurashtra Cricket Association Stadium,S Ravi,VK Sharma
21,2017,Hyderabad,2017-04-19,Sunrisers Hyderabad,Delhi Daredevils,Sunrisers Hyderabad,bat,normal,0,Sunrisers Hyderabad,15,0,KS Williamson,"Rajiv Gandhi International Stadium, Uppal, Hyderabad",CB Gaffaney,NJ Llong
22,2017,Indore,2017-04-20,Kings XI Punjab,Mumbai Indians,Mumbai Indians,field,normal,0,Mumbai Indians,0,8,JC Buttler,Holkar Cricket Stadium,M Erasmus,C Shamshuddin
23,2017,Kolkata,2017-04-21,Kolkata Knight Riders,Gujarat Lions,Gujarat Lions,field,normal,0,Gujarat Lions,0,4,SK Raina,"Eden Gardens, Kolkata",CB Gaffaney,Nitin Menon
24,2017,Mumbai,2017-04-22,Mumbai Indians,Delhi Daredevils,Delhi Daredevils,field,normal,0,Mumbai Indians,14,0,MJ McClenaghan,"Wankhede Stadium, Mumbai",A Nand Kishore,S Ravi
25,2017,Pune,2017-04-22,Sunrisers Hyderabad,Rising Pune Supergiant,Rising Pune Supergiant,field,normal,0,Rising Pune Supergiant,0,6,MS Dhoni,"Maharashtra Cricket Association Stadium, Pune",AY Dandekar,A Deshmukh
26,2017,Rajkot,2017-04-23,Kings XI Punjab,Gujarat Lions,Gujarat Lions,field,normal,0,Kings XI Punjab,26,0,HM Amla,Saurashtra Cricket Association Stadium,AK Chaudhary,M Erasmus
27,2017,Kolkata,2017-04-23,Kolkata Knight Riders,Royal Challengers Bangalore,Royal Challengers Bangalore,field,normal,0,Kolkata Knight Riders,82,0,NM Coulter-Nile,"Eden Gardens, Kolkata",CB Gaffaney,CK Nandan
28,2017,Mumbai,2017-04-24,Rising Pune Supergiant,Mumbai Indians,Mumbai Indians,field,normal,0,Rising Pune Supergiant,3,0,BA Stokes,"Wankhede Stadium, Mumbai",A Nand Kishore,S Ravi
29,2017,Pune,2017-04-26,Rising Pune Supergiant,Kolkata Knight Riders,Kolkata Knight Riders,field,normal,0,Kolkata Knight Riders,0,7,RV Uthappa,"Maharashtra Cricket Association Stadium, Pune",AY Dandekar,NJ Llong
30,2017,Bengaluru,2017-04-27,Royal Challengers Bangalore,Gujarat Lions,Gujarat Lions,field,normal,0,Gujarat Lions,0,7,AJ Tye,"M Chinnaswamy Stadium, Bengaluru",AK Chaudhary,C Shamshuddin
31,2017,Kolkata,2017-04-28,Delhi Daredevils,Kolkata Knight Riders,Kolkata Knight Riders,field,normal,0,Kolkata Knight Riders,0,7,G Gambhir,"Eden Gardens, Kolkata",NJ Llong,S Ravi
32,2017,Chandigarh,2017-04-28,Sunrisers Hyderabad,Kings XI Punjab,Kings XI Punjab,field,normal,0,Sunrisers Hyderabad,26,0,Rashid Khan,"Punjab Cricket Association IS Bindra Stadium, Mohali, Chandigarh",Nitin Menon,CK Nandan
33,2017,Pune,2017-04-29,Rising Pune Supergiant,Royal Challengers Bangalore,Royal Challengers Bangalore,field,normal,0,Rising Pune Supergiant,61,0,LH Ferguson,"Maharashtra Cricket Association Stadium, Pune",KN Ananthapadmanabhan,M Erasmus
34,2017,Rajkot,2017-04-29,Gujarat Lions,Mumbai Indians,Gujarat Lions,bat,tie,0,Mumbai Indians,0,0,KH Pandya,Saurashtra Cricket Association Stadium,AK Chaudhary,CB Gaffaney
35,2017,Chandigarh,2017-04-30,Delhi Daredevils,Kings XI Punjab,Kings XI Punjab,field,normal,0,Kings XI Punjab,0,10,Sandeep Sharma,"Punjab Cricket Association IS Bindra Stadium, Mohali, Chandigarh",YC Barde,CK Nandan
36,2017,Hyderabad,2017-04-30,Sunrisers Hyderabad,Kolkata Knight Riders,Kolkata Knight Riders,field,normal,0,Sunrisers Hyderabad,48,0,DA Warner,"Rajiv Gandhi International Stadium, Uppal, Hyderabad",AY Dandekar,S Ravi
37,2017,Mumbai,2017-05-01,Royal Challengers Bangalore,Mumbai Indians,Royal Challengers Bangalore,bat,normal,0,Mumbai Indians,0,5,RG Sharma,"Wankhede Stadium, Mumbai",AK Chaudhary,CB Gaffaney
38,2017,Pune,2017-05-01,Gujarat Lions,Rising Pune Supergiant,Rising Pune Supergiant,field,normal,0,Rising Pune Supergiant,0,5,BA Stokes,"Maharashtra Cricket Association Stadium, Pune",M Erasmus,C Shamshuddin
39,2017,Delhi,2017-05-02,Sunrisers Hyderabad,Delhi Daredevils,Delhi Daredevils,field,normal,0,Delhi Daredevils,0,6,Mohammed Shami,Feroz Shah Kotla,YC Barde,Nitin Menon
40,2017,Kolkata,2017-05-03,Kolkata Knight Riders,Rising Pune Supergiant,Rising Pune Supergiant,field,normal,0,Rising Pune Supergiant,0,4,RA Tripathi,"Eden Gardens, Kolkata",KN Ananthapadmanabhan,A Nand Kishore
41,2017,Delhi,2017-05-04,Gujarat Lions,Delhi Daredevils,Delhi Daredevils,field,normal,0,Delhi Daredevils,0,7,RR Pant,Feroz Shah Kotla,M Erasmus,Nitin Menon
42,2017,Bengaluru,2017-05-05,Kings XI Punjab,Royal Challengers Bangalore,Royal Challengers Bangalore,field,normal,0,Kings XI Punjab,19,0,Sandeep Sharma,"M Chinnaswamy Stadium, Bengaluru",CB Gaffaney,C Shamshuddin
43,2017,Hyderabad,2017-05-06,Rising Pune Supergiant,Sunrisers Hyderabad,Sunrisers Hyderabad,field,normal,0,Rising Pune Supergiant,12,0,JD Unadkat,"Rajiv Gandhi International Stadium, Uppal, Hyderabad",KN Ananthapadmanabhan,AK Chaudhary
44,2017,Delhi,2017-05-06,Mumbai Indians,Delhi Daredevils,Delhi Daredevils,field,normal,0,Mumbai Indians,146,0,LMP Simmons,Feroz Shah Kotla,Nitin Menon,CK Nandan
45,2017,Bengaluru,2017-05-07,Royal Challengers Bangalore,Kolkata Knight Riders,Kolkata Knight Riders,field,normal,0,Kolkata Knight Riders,0,6,SP Narine,"M Chinnaswamy Stadium, Bengaluru",AY Dandekar,C Shamshuddin
46,2017,Chandigarh,2017-05-07,Kings XI Punjab,Gujarat Lions,Gujarat Lions,field,normal,0,Gujarat Lions,0,6,DR Smith,"Punjab Cricket Association IS Bindra Stadium, Mohali, Chandigarh",A Nand Kishore,VK Sharma
47,2017,Hyderabad,2017-05-08,Mumbai Indians,Sunrisers Hyderabad,Mumbai Indians,bat,normal,0,Sunrisers Hyderabad,0,7,S Dhawan,"Rajiv Gandhi International Stadium, Uppal, Hyderabad",KN Ananthapadmanabhan,M Erasmus
48,2017,Chandigarh,2017-05-09,Kings XI Punjab,Kolkata Knight Riders,Kolkata Knight Riders,field,normal,0,Kings XI Punjab,14,0,MM Sharma,"Punjab Cricket Association IS Bindra Stadium, Mohali, Chandigarh",A Nand Kishore,S Ravi
49,2017,Kanpur,2017-05-10,Gujarat Lions,Delhi Daredevils,Delhi Daredevils,field,normal,0,Delhi Daredevils,0,2,SS Iyer,Green Park,YC Barde,AK Chaudhary
50,2017,Mumbai,2017-05-11,Kings XI Punjab,Mumbai Indians,Mumbai Indians,field,normal,0,Kings XI Punjab,7,0,WP Saha,"Wankhede Stadium, Mumbai",A Deshmukh,A Nand Kishore
51,2017,Delhi,2017-05-12,Delhi Daredevils,Rising Pune Supergiant,Delhi Daredevils,bat,normal,0,Delhi Daredevils,7,0,KK Nair,Feroz Shah Kotla,KN Ananthapadmanabhan,CK Nandan
52,2017,Kanpur,2017-05-13,Gujarat Lions,Sunrisers Hyderabad,Sunrisers Hyderabad,field,normal,0,Sunrisers Hyderabad,0,8,Mohammed Siraj,Green Park,AK Chaudhary,Nitin Menon
53,2017,Kolkata,2017-05-13,Mumbai Indians,Kolkata Knight Riders,Kolkata Knight Riders,field,normal,0,Mumbai Indians,9,0,AT Rayudu,"Eden Gardens, Kolkata",A Nand Kishore,S Ravi
54,2017,Pune,2017-05-14,Kings XI Punjab,Rising Pune Supergiant,Rising Pune Supergiant,field,normal,0,Rising Pune Supergiant,0,9,JD Unadkat,"Maharashtra Cricket Association Stadium, Pune",AY Dandekar,A Deshmukh
55,2017,Delhi,2017-05-14,Royal Challengers Bangalore,Delhi Daredevils,Royal Challengers Bangalore,bat,normal,0,Royal Challengers Bangalore,10,0,HV Patel,Feroz Shah Kotla,CK Nandan,C Shamshuddin
56,2017,Mumbai,2017-05-16,Rising Pune Supergiant,Mumbai Indians,Mumbai Indians,field,normal,0,Rising Pune Supergiant,20,0,Washington Sundar,"Wankhede Stadium, Mumbai",S Ravi,C Shamshuddin
57,2017,Bengaluru,2017-05-17,Sunrisers Hyderabad,Kolkata Knight Riders,Kolkata Knight Riders,field,normal,1,Kolkata Knight Riders,0,7,NM Coulter-Nile,"M Chinnaswamy Stadium, Bengaluru",AK Chaudhary,Nitin Menon
58,2017,Bengaluru,2017-05-19,Kolkata Knight Riders,Mumbai Indians,Mumbai Indians,field,normal,0,Mumbai Indians,0,6,KV Sharma,"M Chinnaswamy Stadium, Bengaluru",NJ Llong,Nitin Menon
59,2017,Hyderabad,2017-05-21,Mumbai Indians,Rising Pune Supergiant,Mumbai Indians,bat,normal,0,Mumbai Indians,1,0,KH Pandya,"Rajiv Gandhi International Stadium, Uppal, Hyderabad",NJ Llong,S Ravi
7894,2018,Mumbai,2018-04-07,Mumbai Indians,Chennai Super Kings,Chennai Super Kings,field,normal,0,Chennai Super Kings,0,1,DJ Bravo,"Wankhede Stadium, Mumbai",Chris Gaffaney,A Nanda Kishore
7895,2018,Mohali,2018-04-08,Delhi Daredevils,Kings XI Punjab,Kings XI Punjab,field,normal,0,Kings XI Punjab,0,6,KL Rahul,"Punjab Cricket Association IS Bindra Stadium, Mohali, Chandigarh",Rod Tucker,K Ananthapadmanabhan
7896,2018,Kolkata,2018-04-08,Royal Challengers Bangalore,Kolkata Knight Riders,Kolkata Knight Riders,field,normal,0,Kolkata Knight Riders,0,4,SP Narine,"Eden Gardens, Kolkata",C Shamshuddin,A.D Deshmukh
7897,2018,Hyderabad,2018-04-09,Rajasthan Royals,Sunrisers Hyderabad,Sunrisers Hyderabad,field,normal,0,Sunrisers Hyderabad,0,9,S Dhawan,"Rajiv Gandhi International Stadium, Uppal, Hyderabad",Nigel Llong,Vineet Kulkarni
7898,2018,Chennai,2018-04-10,Kolkata Knight Riders,Chennai Super Kings,Chennai Super Kings,field,normal,0,Chennai Super Kings,0,5,SW Billings,"MA Chidambaram Stadium, Chepauk, Chennai",Anil Chaudhary,Chris Gaffaney
7899,2018,Jaipur,2018-04-11,Rajasthan Royals,Delhi Daredevils,Delhi Daredevils,field,normal,1,Rajasthan Royals,10,0,SV Samson,"Sawai Mansingh Stadium, Jaipur",K Ananthapadmanabhan,Rod Tucker
7900,2018,Hyderabad,2018-04-12,Mumbai Indians,Sunrisers Hyderabad,Sunrisers Hyderabad,field,normal,0,Sunrisers Hyderabad,0,1,Rashid Khan,"Rajiv Gandhi International Stadium, Uppal, Hyderabad",O Nandan,Nigel Llong
7901,2018,Bengaluru,2018-04-13,Kings XI Punjab,Royal Challengers Bangalore,Royal Challengers Bangalore,field,normal,0,Royal Challengers Bangalore,0,4,UT Yadav,"M Chinnaswamy Stadium, Bengaluru",S Ravi,A.D Deshmukh
7902,2018,Mumbai,2018-04-14,Mumbai Indians,Delhi Daredevils,Delhi Daredevils,field,normal,0,Delhi Daredevils,0,7,JJ Roy,"Wankhede Stadium, Mumbai",K Ananthapadmanabhan,Nitin Menon
7903,2018,Kolkata,2018-04-14,Kolkata Knight Riders,Sunrisers Hyderabad,Sunrisers Hyderabad,field,normal,0,Sunrisers Hyderabad,0,5,B Stanlake,"Eden Gardens, Kolkata",A Nanda Kishore,Anil Chaudhary
7904,2018,Bengaluru,2018-04-15,Rajasthan Royals,Royal Challengers Bangalore,Royal Challengers Bangalore,field,normal,0,Rajasthan Royals,19,0,SV Samson,"M Chinnaswamy Stadium, Bengaluru",C Shamshuddin,S Ravi
7905,2018,Mohali,2018-04-15,Kings XI Punjab,Chennai Super Kings,Chennai Super Kings,field,normal,0,Kings XI Punjab,4,0,CH Gayle,"Punjab Cricket Association IS Bindra Stadium, Mohali, Chandigarh",Vineet Kulkarni,O Nandan
7906,2018,Kolkata,2018-04-16,Kolkata Knight Riders,Delhi Daredevils,Delhi Daredevils,field,normal,0,Kolkata Knight Riders,71,0,N Rana,"Eden Gardens, Kolkata",Anil Chaudhary,A Nanda Kishore
7907,2018,Mumbai,2018-04-17,Mumbai Indians,Royal Challengers Bangalore,Royal Challengers Bangalore,field,normal,0,Mumbai Indians,46,0,RG Sharma,"Wankhede Stadium, Mumbai",Rod Tucker,Nitin Menon
7908,2018,Jaipur,2018-04-18,Rajasthan Royals,Kolkata Knight Riders,Kolkata Knight Riders,field,normal,0,Kolkata Knight Riders,0,7,N Rana,"Sawai Mansingh Stadium, Jaipur",S Ravi,A.D Deshmukh
7909,2018,Mohali,2018-04-19,Kings XI Punjab,Sunrisers Hyderabad,Kings XI Punjab,bat,normal,0,Kings XI Punjab,15,0,CH Gayle,"Punjab Cricket Association IS Bindra Stadium, Mohali, Chandigarh",Nigel Llong,Anil Chaudhary
7910,2018,Pune,2018-04-20,Chennai Super Kings,Rajasthan Royals,Rajasthan Royals,field,normal,0,Chennai Super Kings,64,0,SR Watson,"Maharashtra Cricket Association Stadium, Pune",Nitin Menon,K Ananthapadmanabhan
7911,2018,Kolkata,2018-04-21,Kolkata Knight Riders,Kings XI Punjab,Kings XI Punjab,field,normal,1,Kings XI Punjab,0,9,KL Rahul,"Eden Gardens, Kolkata",C Shamshuddin,A.D Deshmukh
7912,2018,Bengaluru,2018-04-21,Delhi Daredevils,Royal Challengers Bangalore,Royal Challengers Bangalore,field,normal,0,Royal Challengers Bangalore,0,6,AB de Villiers,"M Chinnaswamy Stadium, Bengaluru",Chris Gaffaney,O Nandan
7913,2018,Hyderabad,2018-04-22,Chennai Super Kings,Sunrisers Hyderabad,Sunrisers Hyderabad,field,normal,0,Chennai Super Kings,4,0,AT Rayudu,"Rajiv Gandhi International Stadium, Uppal, Hyderabad",Anil Chaudhary,Vineet Kulkarni
7914,2018,Jaipur,2018-04-22,Mumbai Indians,Rajasthan Royals,Mumbai Indians,bat,normal,0,Rajasthan Royals,0,3,J Archer,"Sawai Mansingh Stadium, Jaipur",Rod Tucker,K Ananthapadmanabhan
7915,2018,Delhi,2018-04-23,Kings XI Punjab,Delhi Daredevils,Delhi Daredevils,field,normal,0,Kings XI Punjab,4,0,AS Rajpoot,Feroz Shah Kotla,O Nandan,A Nanda Kishore
7916,2018,Mumbai,2018-04-24,Sunrisers Hyderabad,Mumbai Indians,Mumbai Indians,field,normal,0,Sunrisers Hyderabad,31,0,Rashid Khan,"Wankhede Stadium, Mumbai",C Shamshuddin,S Ravi
7917,2018,Bengaluru,2018-04-25,Royal Challengers Bangalore,Chennai Super Kings,Chennai Super Kings,field,normal,0,Chennai Super Kings,0,5,MS Dhoni,"M Chinnaswamy Stadium, Bengaluru",Nigel Llong,Virender Kumar Sharma
7918,2018,Hyderabad,2018-04-26,Sunrisers Hyderabad,Kings XI Punjab,Kings XI Punjab,field,normal,0,Sunrisers Hyderabad,13,0,AS Rajpoot,"Rajiv Gandhi International Stadium, Uppal, Hyderabad",O Nandan,Yeshwant Barde
7919,2018,Delhi,2018-04-27,Delhi Daredevils,Kolkata Knight Riders,Kolkata Knight Riders,field,normal,0,Delhi Daredevils,55,0,SS Iyer,Feroz Shah Kotla,C Shamshuddin,S Ravi
7920,2018,Pune,2018-04-28,Chennai Super Kings,Mumbai Indians,Mumbai Indians,field,normal,0,Mumbai Indians,0,8,RG Sharma,"Maharashtra Cricket Association Stadium, Pune",Chris Gaffaney,Nitin Menon
7921,2018,Jaipur,2018-04-29,Sunrisers Hyderabad,Rajasthan Royals,Sunrisers Hyderabad,bat,normal,0,Sunrisers Hyderabad,11,0,KS Williamson,"Sawai Mansingh Stadium, Jaipur",Bruce Oxenford,A Nanda Kishore
7922,2018,Bengaluru,2018-04-29,Royal Challengers Bangalore,Kolkata Knight Riders,Kolkata Knight Riders,field,normal,0,Kolkata Knight Riders,0,6,CA Lynn,"M Chinnaswamy Stadium, Bengaluru",Nigel Llong,Anil Chaudhary
7923,2018,Pune,2018-04-30,Chennai Super Kings,Delhi Daredevils,Delhi Daredevils,field,normal,0,Chennai Super Kings,13,0,SR Watson,"Maharashtra Cricket Association Stadium, Pune",C Shamshuddin,Anil Dandekar
7924,2018,Bengaluru,2018-05-01,Royal Challengers Bangalore,Mumbai Indians,Mumbai Indians,field,normal,0,Royal Challengers Bangalore,14,0,TG Southee,"M Chinnaswamy Stadium, Bengaluru",Marais Erasmus,Nitin Menon
7925,2018,Delhi,2018-05-02,Delhi Daredevils,Rajasthan Royals,Rajasthan Royals,field,normal,1,Delhi Daredevils,4,0,RR Pant,Feroz Shah Kotla,O Nandan,Virender Kumar Sharma
7926,2018,Kolkata,2018-05-03,Chennai Super Kings,Kolkata Knight Riders,Kolkata Knight Riders,field,normal,0,Kolkata Knight Riders,0,6,SP Narine,"Eden Gardens, Kolkata",Kumar Dharmasena,A.D Deshmukh
7927,2018,Indore,2018-05-04,Kings XI Punjab,Mumbai Indians,Mumbai Indians,field,normal,0,Mumbai Indians,0,6,AS Yadav,Holkar Cricket Stadium,S Ravi,Anil Dandekar
7928,2018,Pune,2018-05-05,Royal Challengers Bangalore,Chennai Super Kings,Chennai Super Kings,field,normal,0,Chennai Super Kings,0,6,RA Jadeja,"Maharashtra Cricket Association Stadium, Pune",Nitin Menon,Yeshwant Barde
7929,2018,Hyderabad,2018-05-05,Delhi Daredevils,Sunrisers Hyderabad,Delhi Daredevils,bat,normal,0,Sunrisers Hyderabad,0,7,Rashid Khan,"Rajiv Gandhi International Stadium, Uppal, Hyderabad",Bruce Oxenford,O Nandan
7930,2018,Mumbai,2018-05-06,Mumbai Indians,Kolkata Knight Riders,Kolkata Knight Riders,field,normal,0,Mumbai Indians,13,0,HH Pandya,"Wankhede Stadium, Mumbai",Kumar Dharmasena,A.D Deshmukh
7931,2018,Indore,2018-05-06,Rajasthan Royals,Kings XI Punjab,Kings XI Punjab,field,normal,0,Kings XI Punjab,0,6,M Ur Rahman,Holkar Cricket Stadium,C Shamshuddin,S Ravi
7932,2018,Hyderabad,2018-05-07,Sunrisers Hyderabad,Royal Challengers Bangalore,Royal Challengers Bangalore,field,normal,0,Sunrisers Hyderabad,5,0,KS Williamson,"Rajiv Gandhi International Stadium, Uppal, Hyderabad",Bruce Oxenford,Virender Kumar Sharma
7933,2018,Jaipur,2018-05-08,Rajasthan Royals,Kings XI Punjab,Rajasthan Royals,bat,normal,0,Rajasthan Royals,15,0,JC Buttler,"Sawai Mansingh Stadium, Jaipur",Marais Erasmus,Nitin Menon
7934,2018,Kolkata,2018-05-09,Mumbai Indians,Kolkata Knight Riders,Kolkata Knight Riders,field,normal,0,Mumbai Indians,102,0,Ishan Kishan,"Eden Gardens, Kolkata",Anil Chaudhary,K Ananthapadmanabhan
7935,2018,Delhi,2018-05-10,Delhi Daredevils,Sunrisers Hyderabad,Delhi Daredevils,bat,normal,0,Sunrisers Hyderabad,0,9,S Dhawan,Feroz Shah Kotla,C Shamshuddin,Anil Dandekar
7936,2018,Jaipur,2018-05-11,Chennai Super Kings,Rajasthan Royals,Chennai Super Kings,bat,normal,0,Rajasthan Royals,0,4,JC Buttler,"Sawai Mansingh Stadium, Jaipur",Marais Erasmus,Yeshwant Barde
7937,2018,Indore,2018-05-12,Kolkata Knight Riders,Kings XI Punjab,Kings XI Punjab,field,normal,0,Kolkata Knight Riders,31,0,SP Narine,Holkar Cricket Stadium,O Nandan,Virender Kumar Sharma
7938,2018,Delhi,2018-05-12,Delhi Daredevils,Royal Challengers Bangalore,Royal Challengers Bangalore,field,normal,0,Royal Challengers Bangalore,0,5,AB de Villiers,Feroz Shah Kotla,Kumar Dharmasena,Anil Chaudhary
7939,2018,Pune,2018-05-13,Sunrisers Hyderabad,Chennai Super Kings,Chennai Super Kings,field,normal,0,Chennai Super Kings,0,8,AT Rayudu,"Maharashtra Cricket Association Stadium, Pune",Marais Erasmus,Yeshwant Barde
7940,2018,Mumbai,2018-05-13,Mumbai Indians,Rajasthan Royals,Rajasthan Royals,field,normal,0,Rajasthan Royals,0,7,JC Buttler,"Wankhede Stadium, Mumbai",Nitin Menon,S Ravi
7941,2018,Indore,2018-05-14,Kings XI Punjab,Royal Challengers Bangalore,Royal Challengers Bangalore,field,normal,0,Royal Challengers Bangalore,0,10,UT Yadav,Holkar Cricket Stadium,Bruce Oxenford,Virender Kumar Sharma
7942,2018,Kolkata,2018-05-15,Rajasthan Royals,Kolkata Knight Riders,Kolkata Knight Riders,field,normal,0,Kolkata Knight Riders,0,6,Kuldeep Yadav,"Eden Gardens, Kolkata",Kumar Dharmasena,Anil Chaudhary
7943,2018,Mumbai,2018-05-16,Mumbai Indians,Kings XI Punjab,Kings XI Punjab,field,normal,0,Mumbai Indians,3,0,JJ Bumrah,"Wankhede Stadium, Mumbai",Marais Erasmus,Nitin Menon
7944,2018,Bengaluru,2018-05-17,Royal Challengers Bangalore,Sunrisers Hyderabad,Sunrisers Hyderabad,field,normal,0,Royal Challengers Bangalore,14,0,AB de Villiers,"M Chinnaswamy Stadium, Bengaluru",S Ravi,Anil Dandekar
7945,2018,Delhi,2018-05-18,Delhi Daredevils,Chennai Super Kings,Chennai Super Kings,field,normal,0,Delhi Daredevils,34,0,HV Patel,Feroz Shah Kotla,Kumar Dharmasena,Vineet Kulkarni
7946,2018,Jaipur,2018-05-19,Rajasthan Royals,Royal Challengers Bangalore,Rajasthan Royals,bat,normal,0,Rajasthan Royals,30,0,S Gopal,"Sawai Mansingh Stadium, Jaipur",Bruce Oxenford,Virender Kumar Sharma
7947,2018,Hyderabad,2018-05-19,Sunrisers Hyderabad,Kolkata Knight Riders,Sunrisers Hyderabad,bat,normal,0,Kolkata Knight Riders,0,5,CA Lynn,"Rajiv Gandhi International Stadium, Uppal, Hyderabad",Anil Chaudhary,S Ravi
7948,2018,Delhi,2018-05-20,Delhi Daredevils,Mumbai Indians,Delhi Daredevils,bat,normal,0,Delhi Daredevils,11,0,A Mishra,Feroz Shah Kotla,Kumar Dharmasena,O Nandan
7949,2018,Pune,2018-05-20,Kings XI Punjab,Chennai Super Kings,Chennai Super Kings,field,normal,0,Chennai Super Kings,0,5,L Ngidi,"Maharashtra Cricket Association Stadium, Pune",Nitin Menon,Yeshwant Barde
7950,2018,Mumbai,2018-05-22,Sunrisers Hyderabad,Chennai Super Kings,Chennai Super Kings,field,normal,0,Chennai Super Kings,0,2,F du Plessis,"Wankhede Stadium, Mumbai",Marais Erasmus,C Shamshuddin
7951,2018,Kolkata,2018-05-23,Kolkata Knight Riders,Rajasthan Royals,Rajasthan Royals,field,normal,0,Kolkata Knight Riders,25,0,AD Russell,"Eden Gardens, Kolkata",Nitin Menon,Anil Chaudhary
7952,2018,Kolkata,2018-05-25,Sunrisers Hyderabad,Kolkata Knight Riders,Kolkata Knight Riders,field,normal,0,Sunrisers Hyderabad,14,0,Rashid Khan,"Eden Gardens, Kolkata",Nitin Menon,Kumar Dharmasena
7953,2018,Mumbai,2018-05-27,Sunrisers Hyderabad,Chennai Super Kings,Chennai Super Kings,field,normal,0,Chennai Super Kings,0,8,SR Watson,"Wankhede Stadium, Mumbai",Marais Erasmus,S Ravi
11137,2019,Chennai,2019-03-23,Royal Challengers Bangalore,Chennai Super Kings,Chennai Super Kings,field,normal,0,Chennai Super Kings,0,7,Harbhajan Singh,"MA Chidambaram Stadium, Chepauk, Chennai",Bruce Oxenford,Anil Dandekar
11138,2019,Kolkata,2019-03-24,Sunrisers Hyderabad,Kolkata Knight Riders,Kolkata Knight Riders,field,normal,0,Kolkata Knight Riders,0,6,AD Russell,"Eden Gardens, Kolkata",Chris Gaffaney,Anil Chaudhary
11139,2019,Mumbai,2019-03-24,Delhi Capitals,Mumbai Indians,Mumbai Indians,field,normal,0,Delhi Capitals,37,0,RR Pant,"Wankhede Stadium, Mumbai",S Ravi,Yeshwant Barde
11140,2019,Jaipur,2019-03-25,Kings XI Punjab,Rajasthan Royals,Rajasthan Royals,field,normal,0,Kings XI Punjab,14,0,CH Gayle,"Sawai Mansingh Stadium, Jaipur",C Shamshuddin,KN Anantapadmanabhan
11141,2019,Delhi,2019-03-26,Delhi Capitals,Chennai Super Kings,Delhi Capitals,bat,normal,0,Chennai Super Kings,0,6,SR Watson,Feroz Shah Kotla,Marais Erasmus,Nitin Menon
11142,2019,Kolkata,2019-03-27,Kolkata Knight Riders,Kings XI Punjab,Kings XI Punjab,field,normal,0,Kolkata Knight Riders,28,0,AD Russell,"Eden Gardens, Kolkata",Anil Chaudhary,Vineet Kulkarni
11143,2019,Bengaluru,2019-03-28,Mumbai Indians,Royal Challengers Bangalore,Royal Challengers Bangalore,field,normal,0,Mumbai Indians,6,0,JJ Bumrah,"M Chinnaswamy Stadium, Bengaluru",S Ravi,O Nandan
11144,2019,Hyderabad,2019-03-29,Rajasthan Royals,Sunrisers Hyderabad,Rajasthan Royals,bat,normal,0,Sunrisers Hyderabad,0,5,Rashid Khan,"Rajiv Gandhi International Stadium, Uppal, Hyderabad",Bruce Oxenford,C Shamshuddin
11145,2019,Mohali,2019-03-30,Mumbai Indians,Kings XI Punjab,Kings XI Punjab,field,normal,0,Kings XI Punjab,0,8,MA Agarwal,"Punjab Cricket Association IS Bindra Stadium, Mohali, Chandigarh",Vineet Kulkarni,Chris Gaffaney
11146,2019,Delhi,2019-03-30,Kolkata Knight Riders,Delhi Capitals,Delhi Capitals,field,tie,0,Delhi Capitals,0,0,P Shaw,Feroz Shah Kotla,Anil Dandekar,Nitin Menon
11147,2019,Hyderabad,2019-03-31,Sunrisers Hyderabad,Royal Challengers Bangalore,Royal Challengers Bangalore,field,normal,0,Sunrisers Hyderabad,118,0,J Bairstow,"Rajiv Gandhi International Stadium, Uppal, Hyderabad",S Ravi,KN Anantapadmanabhan
11148,2019,Chennai,2019-03-31,Chennai Super Kings,Rajasthan Royals,Rajasthan Royals,field,normal,0,Chennai Super Kings,8,0,MS Dhoni,"MA Chidambaram Stadium, Chepauk, Chennai",O Nandan,Yeshwant Barde
11149,2019,Mohali,2019-04-01,Kings XI Punjab,Delhi Capitals,Delhi Capitals,field,normal,0,Kings XI Punjab,14,0,S Curran,"Punjab Cricket Association IS Bindra Stadium, Mohali, Chandigarh",Anil Chaudhary,Chris Gaffaney
11150,2019,Jaipur,2019-04-02,Royal Challengers Bangalore,Rajasthan Royals,Rajasthan Royals,field,normal,0,Rajasthan Royals,0,7,S Gopal,"Sawai Mansingh Stadium, Jaipur",Marais Erasmus,Anil Dandekar
11151,2019,Mumbai,2019-04-03,Mumbai Indians,Chennai Super Kings,Chennai Super Kings,field,normal,0,Mumbai Indians,37,0,HH Pandya,"Wankhede Stadium, Mumbai",Bruce Oxenford,Rod Tucker
11152,2019,Delhi,2019-04-04,Delhi Capitals,Sunrisers Hyderabad,Sunrisers Hyderabad,field,normal,0,Sunrisers Hyderabad,0,5,J Bairstow,Feroz Shah Kotla,C Shamshuddin,KN Anantapadmanabhan
11153,2019,Bengaluru,2019-04-05,Royal Challengers Bangalore,Kolkata Knight Riders,Kolkata Knight Riders,field,normal,0,Kolkata Knight Riders,0,5,AD Russell,"M Chinnaswamy Stadium, Bengaluru",Anil Chaudhary,Chris Gaffaney
11309,2019,Chennai,2019-04-06,Chennai Super Kings,Kings XI Punjab,Chennai Super Kings,bat,normal,0,Chennai Super Kings,22,0,Harbhajan Singh,"MA Chidambaram Stadium, Chepauk, Chennai",KN Ananthapadmanabhan,Rod Tucker
11310,2019,Hyderabad,2019-04-06,Mumbai Indians,Sunrisers Hyderabad,Sunrisers Hyderabad,field,normal,0,Mumbai Indians,40,0,A Joseph,"Rajiv Gandhi International Stadium, Uppal, Hyderabad",Anil Dandekar,Nitin Menon
11311,2019,Bengaluru,2019-04-07,Royal Challengers Bangalore,Delhi Capitals,Delhi Capitals,field,normal,0,Delhi Capitals,0,4,K Rabada,"M Chinnaswamy Stadium, Bengaluru",S Ravi,Yeshwant Barde
11312,2019,Jaipur,2019-04-07,Rajasthan Royals,Kolkata Knight Riders,Kolkata Knight Riders,field,normal,0,Kolkata Knight Riders,0,8,H Gurney,"Sawai Mansingh Stadium, Jaipur",Chris Gaffaney,Anil Chaudhary
11313,2019,Mohali,2019-04-08,Sunrisers Hyderabad,Kings XI Punjab,Kings XI Punjab,field,normal,0,Kings XI Punjab,0,6,KL Rahul,"Punjab Cricket Association IS Bindra Stadium, Mohali, Chandigarh",Marais Erasmus,Anil Dandekar
11314,2019,Chennai,2019-04-09,Kolkata Knight Riders,Chennai Super Kings,Chennai Super Kings,field,normal,0,Chennai Super Kings,0,7,DL Chahar,"MA Chidambaram Stadium, Chepauk, Chennai",Rod Tucker,C Shamshuddin
11315,2019,Mumbai,2019-04-10,Kings XI Punjab,Mumbai Indians,Mumbai Indians,field,normal,0,Mumbai Indians,0,3,KA Pollard,"Wankhede Stadium, Mumbai",Yeshwant Barde,S Ravi
11316,2019,Jaipur,2019-04-11,Rajasthan Royals,Chennai Super Kings,Chennai Super Kings,field,normal,0,Chennai Super Kings,0,4,MS Dhoni,"Sawai Mansingh Stadium, Jaipur",Bruce Oxenford,Ulhas Gandhe
11317,2019,Kolkata,2019-04-12,Kolkata Knight Riders,Delhi Capitals,Delhi Capitals,field,normal,0,Delhi Capitals,0,7,S Dhawan,"Eden Gardens, Kolkata",Yeshwant Barde,O Nandan
11318,2019,Mumbai,2019-04-13,Mumbai Indians,Rajasthan Royals,Rajasthan Royals,field,normal,0,Rajasthan Royals,0,4,JC Buttler,"Wankhede Stadium, Mumbai",Nitin Menon,Nanda Kishore
11319,2019,Mohali,2019-04-13,Kings XI Punjab,Royal Challengers Bangalore,Royal Challengers Bangalore,field,normal,0,Royal Challengers Bangalore,0,8,AB de Villiers,"Punjab Cricket Association IS Bindra Stadium, Mohali, Chandigarh",S Ravi,Ulhas Gandhe
11320,2019,Kolkata,2019-04-14,Kolkata Knight Riders,Chennai Super Kings,Chennai Super Kings,field,normal,0,Chennai Super Kings,0,5,Imran Tahir,"Eden Gardens, Kolkata",Rod Tucker,O Nandan
11321,2019,Hyderabad,2019-04-14,Delhi Capitals,Sunrisers Hyderabad,Sunrisers Hyderabad,field,normal,0,Delhi Capitals,39,0,K Paul,"Rajiv Gandhi International Stadium, Uppal, Hyderabad",Anil Chaudhary,Bruce Oxenford
11322,2019,Mumbai,2019-04-15,Royal Challengers Bangalore,Mumbai Indians,Mumbai Indians,field,normal,0,Mumbai Indians,0,5,SL Malinga,"Wankhede Stadium, Mumbai",Marais Erasmus,Nitin Menon
11323,2019,Mohali,2019-04-16,Kings XI Punjab,Rajasthan Royals,Rajasthan Royals,field,normal,0,Kings XI Punjab,12,0,R Ashwin,"Punjab Cricket Association IS Bindra Stadium, Mohali, Chandigarh",Anil Chaudhary,Vineet Kulkarni
11324,2019,Hyderabad,2019-04-17,Chennai Super Kings,Sunrisers Hyderabad,Chennai Super Kings,bat,normal,0,Sunrisers Hyderabad,0,6,DA Warner,"Rajiv Gandhi International Stadium, Uppal, Hyderabad",Ian Gould,Ulhas Gandhe
11325,2019,Delhi,2019-04-18,Mumbai Indians,Delhi Capitals,Mumbai Indians,bat,normal,0,Mumbai Indians,40,0,HH Pandya,Feroz Shah Kotla,Nigel Llong,Bruce Oxenford
11326,2019,Kolkata,2019-04-19,Royal Challengers Bangalore,Kolkata Knight Riders,Kolkata Knight Riders,field,normal,0,Royal Challengers Bangalore,10,0,V Kohli,"Eden Gardens, Kolkata",Ian Gould,Nitin Menon
11327,2019,Jaipur,2019-04-20,Mumbai Indians,Rajasthan Royals,Rajasthan Royals,field,normal,0,Rajasthan Royals,0,5,SPD Smith,"Sawai Mansingh Stadium, Jaipur",S Ravi,Yeshwant Barde
11328,2019,Delhi,2019-04-20,Kings XI Punjab,Delhi Capitals,Delhi Capitals,field,normal,0,Delhi Capitals,0,5,SS Iyer,Feroz Shah Kotla,Ulhas Gandhe,C Shamshuddin
11329,2019,Hyderabad,2019-04-21,Kolkata Knight Riders,Sunrisers Hyderabad,Sunrisers Hyderabad,field,normal,0,Sunrisers Hyderabad,0,9,K Ahmed,"Rajiv Gandhi International Stadium, Uppal, Hyderabad",Nitin Menon,Nigel Llong
11330,2019,Bengaluru,2019-04-21,Royal Challengers Bangalore,Chennai Super Kings,Chennai Super Kings,field,normal,0,Royal Challengers Bangalore,1,0,PA Patel,"M Chinnaswamy Stadium, Bengaluru",Vineet Kulkarni,Rod Tucker
11331,2019,Jaipur,2019-04-22,Rajasthan Royals,Delhi Capitals,Delhi Capitals,field,normal,0,Delhi Capitals,0,6,RR Pant,"Sawai Mansingh Stadium, Jaipur",S Ravi,Nanda Kishore
11332,2019,Chennai,2019-04-23,Sunrisers Hyderabad,Chennai Super Kings,Chennai Super Kings,field,normal,0,Chennai Super Kings,0,6,SR Watson,"MA Chidambaram Stadium, Chepauk, Chennai",Nigel Llong,Anil Chaudhary
11333,2019,Bengaluru,2019-04-24,Royal Challengers Bangalore,Kings XI Punjab,Kings XI Punjab,field,normal,0,Royal Challengers Bangalore,17,0,AB de Villiers,"M Chinnaswamy Stadium, Bengaluru",Bruce Oxenford,C Shamshuddin
11334,2019,Kolkata,2019-04-25,Kolkata Knight Riders,Rajasthan Royals,Rajasthan Royals,field,normal,0,Rajasthan Royals,0,3,VR Aaron,"Eden Gardens, Kolkata",Ian Gould,Anil Dandekar
11335,2019,Chennai,2019-04-26,Mumbai Indians,Chennai Super Kings,Chennai Super Kings,field,normal,0,Mumbai Indians,46,0,RG Sharma,"MA Chidambaram Stadium, Chepauk, Chennai",Nigel Llong,Anil Chaudhary
11336,2019,Jaipur,2019-04-27,Sunrisers Hyderabad,Rajasthan Royals,Rajasthan Royals,field,normal,0,Rajasthan Royals,0,7,JD Unadkat,"Sawai Mansingh Stadium, Jaipur",Yeshwant Barde,Nand Kishore
11337,2019,Delhi,2019-04-28,Delhi Capitals,Royal Challengers Bangalore,Delhi Capitals,bat,normal,0,Delhi Capitals,16,0,S Dhawan,Feroz Shah Kotla,Bruce Oxenford,KN Ananthapadmanabhan
11338,2019,Kolkata,2019-04-28,Kolkata Knight Riders,Mumbai Indians,Mumbai Indians,field,normal,0,Kolkata Knight Riders,34,0,AD Russell,"Eden Gardens, Kolkata",Ian Gould,Nitin Menon
11339,2019,Hyderabad,2019-04-29,Sunrisers Hyderabad,Kings XI Punjab,Kings XI Punjab,field,normal,0,Sunrisers Hyderabad,45,0,DA Warner,"Rajiv Gandhi International Stadium, Uppal, Hyderabad",S Ravi,O Nandan
11340,2019,Bengaluru,2019-04-30,Royal Challengers Bangalore,Rajasthan Royals,Rajasthan Royals,field,no result,0,,0,0,,"M Chinnaswamy Stadium, Bengaluru",Nigel Llong,Ulhas Gandhe
11341,2019,Chennai,2019-05-01,Chennai Super Kings,Delhi Capitals,Delhi Capitals,field,normal,0,Chennai Super Kings,80,0,MS Dhoni,"MA Chidambaram Stadium, Chepauk, Chennai",Anil Dandekar,Nitin Menon
11342,2019,Mumbai,2019-05-02,Mumbai Indians,Sunrisers Hyderabad,Mumbai Indians,bat,tie,0,Mumbai Indians,0,0,JJ Bumrah,"Wankhede Stadium, Mumbai",S Ravi,O Nandan
11343,2019,Mohali,2019-05-03,Kings XI Punjab,Kolkata Knight Riders,Kolkata Knight Riders,field,normal,0,Kolkata Knight Riders,0,7,S Gill,"Punjab Cricket Association IS Bindra Stadium, Mohali, Chandigarh",Bruce Oxenford,C Shamshuddin
11344,2019,Delhi,2019-05-04,Rajasthan Royals,Delhi Capitals,Rajasthan Royals,bat,normal,0,Delhi Capitals,0,5,A Mishra,Feroz Shah Kotla,Ian Gould,Anil Dandekar
11345,2019,Bengaluru,2019-05-04,Sunrisers Hyderabad,Royal Challengers Bangalore,Royal Challengers Bangalore,field,normal,0,Royal Challengers Bangalore,0,4,S Hetmyer,"M Chinnaswamy Stadium, Bengaluru",Nigel Llong,Anil Chaudhary
11346,2019,Mohali,2019-05-05,Chennai Super Kings,Kings XI Punjab,Kings XI Punjab,field,normal,0,Kings XI Punjab,0,6,KL Rahul,"Punjab Cricket Association IS Bindra Stadium, Mohali, Chandigarh",KN Ananthapadmanabhan,C Shamshuddin
11347,2019,Mumbai,2019-05-05,Kolkata Knight Riders,Mumbai Indians,Mumbai Indians,field,normal,0,Mumbai Indians,0,9,HH Pandya,"Wankhede Stadium, Mumbai",Nanda Kishore,O Nandan
11412,2019,Chennai,2019-05-07,Chennai Super Kings,Mumbai Indians,Chennai Super Kings,bat,normal,0,Mumbai Indians,0,6,AS Yadav,"MA Chidambaram Stadium, Chepauk, Chennai",Nigel Llong,Nitin Menon
11413,2019,Visakhapatnam,2019-05-08,Sunrisers Hyderabad,Delhi Capitals,Delhi Capitals,field,normal,0,Delhi Capitals,0,2,RR Pant,"Dr. Y.S. Rajasekhara Reddy ACA-VDCA Cricket Stadium, Visakhapatnam",,
11414,2019,Visakhapatnam,2019-05-10,Delhi Capitals,Chennai Super Kings,Chennai Super Kings,field,normal,0,Chennai Super Kings,0,6,F du Plessis,"Dr. Y.S. Rajasekhara Reddy ACA-VDCA Cricket Stadium, Visakhapatnam",Sundaram Ravi,Bruce Oxenford
11415,2019,Hyderabad,2019-05-12,Mumbai Indians,Chennai Super Kings,Mumbai Indians,bat,normal,0,Mumbai Indians,1,0,JJ Bumrah,"Rajiv Gandhi International Stadium, Uppal, Hyderabad",Nitin Menon,Ian Gould
1216492,2020,Abu Dhabi,2020-09-19,Mumbai Indians,Chennai Super Kings,Chennai Super Kings,field,normal,0,Chennai Super Kings,0,5,AT Rayudu,Sheikh Zayed Stadium,CB Gaffaney,VK Sharma
1216493,2020,Dubai,2020-09-20,Delhi Capitals,Kings XI Punjab,Kings XI Punjab,field,tie,0,Delhi Capitals,0,0,MP Stoinis,Dubai International Cricket Stadium,AK Chaudhary,Nitin Menon
1216534,2020,Dubai,2020-09-21,Royal Challengers Bangalore,Sunrisers Hyderabad,Sunrisers Hyderabad,field,normal,0,Royal Challengers Bangalore,10,0,YS Chahal,Dubai International Cricket Stadium,AY Dandekar,Nitin Menon
1216496,2020,Sharjah,2020-09-22,Rajasthan Royals,Chennai Super Kings,Chennai Super Kings,field,normal,0,Rajasthan Royals,16,0,SV Samson,Sharjah Cricket Stadium,C Shamshuddin,VA Kulkarni
1216508,2020,Abu Dhabi,2020-09-23,Mumbai Indians,Kolkata Knight Riders,Kolkata Knight Riders,field,normal,0,Mumbai Indians,49,0,RG Sharma,Sheikh Zayed Stadium,CB Gaffaney,S Ravi
1216510,2020,Dubai,2020-09-24,Kings XI Punjab,Royal Challengers Bangalore,Royal Challengers Bangalore,field,normal,0,Kings XI Punjab,97,0,KL Rahul,Dubai International Cricket Stadium,AK Chaudhary,PR Reiffel
1216539,2020,Dubai,2020-09-25,Delhi Capitals,Chennai Super Kings,Chennai Super Kings,field,normal,0,Delhi Capitals,44,0,PP Shaw,Dubai International Cricket Stadium,KN Ananthapadmanabhan,RK Illingworth
1216545,2020,Abu Dhabi,2020-09-26,Sunrisers Hyderabad,Kolkata Knight Riders,Sunrisers Hyderabad,bat,normal,0,Kolkata Knight Riders,0,7,Shubman Gill,Sheikh Zayed Stadium,CB Gaffaney,VK Sharma
1216527,2020,Sharjah,2020-09-27,Kings XI Punjab,Rajasthan Royals,Rajasthan Royals,field,normal,0,Rajasthan Royals,0,4,SV Samson,Sharjah Cricket Stadium,RK Illingworth,K Srinivasan
1216547,2020,Dubai,2020-09-28,Royal Challengers Bangalore,Mumbai Indians,Mumbai Indians,field,tie,0,Royal Challengers Bangalore,0,0,AB de Villiers,Dubai International Cricket Stadium,Nitin Menon,PR Reiffel
1216532,2020,Abu Dhabi,2020-09-29,Sunrisers Hyderabad,Delhi Capitals,Delhi Capitals,field,normal,0,Sunrisers Hyderabad,15,0,Rashid Khan,Sheikh Zayed Stadium,VK Sharma,S Ravi
1216504,2020,Dubai,2020-09-30,Kolkata Knight Riders,Rajasthan Royals,Rajasthan Royals,field,normal,0,Kolkata Knight Riders,37,0,Shivam Mavi,Dubai International Cricket Stadium,KN Ananthapadmanabhan,C Shamshuddin
1216503,2020,Abu Dhabi,2020-10-01,Mumbai Indians,Kings XI Punjab,Kings XI Punjab,field,normal,0,Mumbai Indians,48,0,KA Pollard,Sheikh Zayed Stadium,VK Sharma,S Ravi
1216516,2020,Dubai,2020-10-02,Sunrisers Hyderabad,Chennai Super Kings,Sunrisers Hyderabad,bat,normal,0,Sunrisers Hyderabad,7,0,PK Garg,Dubai International Cricket Stadium,AK Chaudhary,PR Reiffel
1216514,2020,Abu Dhabi,2020-10-03,Rajasthan Royals,Royal Challengers Bangalore,Rajasthan Royals,bat,normal,0,Royal Challengers Bangalore,0,8,YS Chahal,Sheikh Zayed Stadium,CB Gaffaney,S Ravi
1216515,2020,Sharjah,2020-10-03,Delhi Capitals,Kolkata Knight Riders,Kolkata Knight Riders,field,normal,0,Delhi Capitals,18,0,SS Iyer,Sharjah Cricket Stadium,VA Kulkarni,RK Illingworth
1216513,2020,Dubai,2020-10-04,Kings XI Punjab,Chennai Super Kings,Kings XI Punjab,bat,normal,0,Chennai Super Kings,0,10,SR Watson,Dubai International Cricket Stadium,AY Dandekar,Nitin Menon
1216538,2020,Sharjah,2020-10-04,Mumbai Indians,Sunrisers Hyderabad,Mumbai Indians,bat,normal,0,Mumbai Indians,34,0,TA Boult,Sharjah Cricket Stadium,KN Ananthapadmanabhan,RK Illingworth
1216519,2020,Dubai,2020-10-05,Delhi Capitals,Royal Challengers Bangalore,Royal Challengers Bangalore,field,normal,0,Delhi Capitals,59,0,AR Patel,Dubai International Cricket Stadium,Nitin Menon,YC Barde
1216511,2020,Abu Dhabi,2020-10-06,Mumbai Indians,Rajasthan Royals,Mumbai Indians,bat,normal,0,Mumbai Indians,57,0,SA Yadav,Sheikh Zayed Stadium,VK Sharma,S Ravi
1216501,2020,Abu Dhabi,2020-10-07,Kolkata Knight Riders,Chennai Super Kings,Kolkata Knight Riders,bat,normal,0,Kolkata Knight Riders,10,0,RA Tripathi,Sheikh Zayed Stadium,KN Ananthapadmanabhan,RK Illingworth
1216542,2020,Dubai,2020-10-08,Sunrisers Hyderabad,Kings XI Punjab,Sunrisers Hyderabad,bat,normal,0,Sunrisers Hyderabad,69,0,JM Bairstow,Dubai International Cricket Stadium,AK Chaudhary,Nitin Menon
1216500,2020,Sharjah,2020-10-09,Delhi Capitals,Rajasthan Royals,Rajasthan Royals,field,normal,0,Delhi Capitals,46,0,R Ashwin,Sharjah Cricket Stadium,KN Ananthapadmanabhan,C Shamshuddin
1216523,2020,Abu Dhabi,2020-10-10,Kolkata Knight Riders,Kings XI Punjab,Kolkata Knight Riders,bat,normal,0,Kolkata Knight Riders,2,0,KD Karthik,Sheikh Zayed Stadium,UV Gandhe,CB Gaffaney
1216525,2020,Dubai,2020-10-10,Royal Challengers Bangalore,Chennai Super Kings,Royal Challengers Bangalore,bat,normal,0,Royal Challengers Bangalore,37,0,V Kohli,Dubai International Cricket Stadium,AK Chaudhary,PR Reiffel
1216507,2020,Dubai,2020-10-11,Sunrisers Hyderabad,Rajasthan Royals,Sunrisers Hyderabad,bat,normal,0,Rajasthan Royals,0,5,R Tewatia,Dubai International Cricket Stadium,YC Barde,PR Reiffel
1216529,2020,Abu Dhabi,2020-10-11,Delhi Capitals,Mumbai Indians,Delhi Capitals,bat,normal,0,Mumbai Indians,0,5,Q de Kock,Sheikh Zayed Stadium,CB Gaffaney,S Ravi
1216540,2020,Sharjah,2020-10-12,Royal Challengers Bangalore,Kolkata Knight Riders,Royal Challengers Bangalore,bat,normal,0,Royal Challengers Bangalore,82,0,AB de Villiers,Sharjah Cricket Stadium,RK Illingworth,K Srinivasan
1216528,2020,Dubai,2020-10-13,Chennai Super Kings,Sunrisers Hyderabad,Chennai Super Kings,bat,normal,0,Chennai Super Kings,20,0,RA Jadeja,Dubai International Cricket Stadium,AK Chaudhary,PR Reiffel
1216543,2020,Dubai,2020-10-14,Delhi Capitals,Rajasthan Royals,Delhi Capitals,bat,normal,0,Delhi Capitals,13,0,A Nortje,Dubai International Cricket Stadium,AK Chaudhary,Nitin Menon
1216531,2020,Sharjah,2020-10-15,Royal Challengers Bangalore,Kings XI Punjab,Royal Challengers Bangalore,bat,normal,0,Kings XI Punjab,0,8,KL Rahul,Sharjah Cricket Stadium,KN Ananthapadmanabhan,C Shamshuddin
1216526,2020,Abu Dhabi,2020-10-16,Kolkata Knight Riders,Mumbai Indians,Kolkata Knight Riders,bat,normal,0,Mumbai Indians,0,8,Q de Kock,Sheikh Zayed Stadium,CB Gaffaney,VK Sharma
1216509,2020,Sharjah,2020-10-17,Chennai Super Kings,Delhi Capitals,Chennai Super Kings,bat,normal,0,Delhi Capitals,0,5,S Dhawan,Sharjah Cricket Stadium,KN Ananthapadmanabhan,RK Illingworth
1216522,2020,Dubai,2020-10-17,Rajasthan Royals,Royal Challengers Bangalore,Rajasthan Royals,bat,normal,0,Royal Challengers Bangalore,0,7,AB de Villiers,Dubai International Cricket Stadium,AK Chaudhary,Nitin Menon
1216512,2020,Abu Dhabi,2020-10-18,Kolkata Knight Riders,Sunrisers Hyderabad,Sunrisers Hyderabad,field,tie,0,Kolkata Knight Riders,0,0,LH Ferguson,Sheikh Zayed Stadium,PG Pathak,S Ravi
1216517,2020,Dubai,2020-10-18,Mumbai Indians,Kings XI Punjab,Mumbai Indians,bat,tie,0,Kings XI Punjab,0,0,KL Rahul,Dubai International Cricket Stadium,Nitin Menon,PR Reiffel
1216533,2020,Abu Dhabi,2020-10-19,Chennai Super Kings,Rajasthan Royals,Chennai Super Kings,bat,normal,0,Rajasthan Royals,0,7,JC Buttler,Sheikh Zayed Stadium,CB Gaffaney,VK Sharma
1216546,2020,Dubai,2020-10-20,Delhi Capitals,Kings XI Punjab,Delhi Capitals,bat,normal,0,Kings XI Punjab,0,5,S Dhawan,Dubai International Cricket Stadium,C Shamshuddin,RK Illingworth
1216494,2020,Abu Dhabi,2020-10-21,Kolkata Knight Riders,Royal Challengers Bangalore,Kolkata Knight Riders,bat,normal,0,Royal Challengers Bangalore,0,8,Mohammed Siraj,Sheikh Zayed Stadium,VK Sharma,S Ravi
1216518,2020,Dubai,2020-10-22,Rajasthan Royals,Sunrisers Hyderabad,Sunrisers Hyderabad,field,normal,0,Sunrisers Hyderabad,0,8,MK Pandey,Dubai International Cricket Stadium,Nitin Menon,PR Reiffel
1216521,2020,Sharjah,2020-10-23,Chennai Super Kings,Mumbai Indians,Mumbai Indians,field,normal,0,Mumbai Indians,0,10,TA Boult,Sharjah Cricket Stadium,C Shamshuddin,VA Kulkarni
1216497,2020,Abu Dhabi,2020-10-24,Kolkata Knight Riders,Delhi Capitals,Delhi Capitals,field,normal,0,Kolkata Knight Riders,59,0,CV Varun,Sheikh Zayed Stadium,CB Gaffaney,PG Pathak
1216498,2020,Dubai,2020-10-24,Kings XI Punjab,Sunrisers Hyderabad,Sunrisers Hyderabad,field,normal,0,Kings XI Punjab,12,0,CJ Jordan,Dubai International Cricket Stadium,AY Dandekar,PR Reiffel
1216541,2020,Abu Dhabi,2020-10-25,Mumbai Indians,Rajasthan Royals,Mumbai Indians,bat,normal,0,Rajasthan Royals,0,8,BA Stokes,Sheikh Zayed Stadium,UV Gandhe,VK Sharma
1216544,2020,Dubai,2020-10-25,Royal Challengers Bangalore,Chennai Super Kings,Royal Challengers Bangalore,bat,normal,0,Chennai Super Kings,0,8,RD Gaikwad,Dubai International Cricket Stadium,C Shamshuddin,RK Illingworth
1216520,2020,Sharjah,2020-10-26,Kolkata Knight Riders,Kings XI Punjab,Kings XI Punjab,field,normal,0,Kings XI Punjab,0,8,CH Gayle,Sharjah Cricket Stadium,KN Ananthapadmanabhan,RK Illingworth
1216524,2020,Dubai,2020-10-27,Sunrisers Hyderabad,Delhi Capitals,Delhi Capitals,field,normal,0,Sunrisers Hyderabad,88,0,WP Saha,Dubai International Cricket Stadium,AK Chaudhary,Nitin Menon
1216499,2020,Abu Dhabi,2020-10-28,Royal Challengers Bangalore,Mumbai Indians,Mumbai Indians,field,normal,0,Mumbai Indians,0,5,SA Yadav,Sheikh Zayed Stadium,UV Gandhe,CB Gaffaney
1216536,2020,Dubai,2020-10-29,Kolkata Knight Riders,Chennai Super Kings,Chennai Super Kings,field,normal,0,Chennai Super Kings,0,6,RD Gaikwad,Dubai International Cricket Stadium,C Shamshuddin,RK Illingworth
1216537,2020,Abu Dhabi,2020-10-30,Kings XI Punjab,Rajasthan Royals,Rajasthan Royals,field,normal,0,Rajasthan Royals,0,7,BA Stokes,Sheikh Zayed Stadium,CB Gaffaney,S Ravi
1216502,2020,Sharjah,2020-10-31,Royal Challengers Bangalore,Sunrisers Hyderabad,Sunrisers Hyderabad,field,normal,0,Sunrisers Hyderabad,0,5,Sandeep Sharma,Sharjah Cricket Stadium,KN Ananthapadmanabhan,K Srinivasan
1216535,2020,Dubai,2020-10-31,Delhi Capitals,Mumbai Indians,Mumbai Indians,field,normal,0,Mumbai Indians,0,9,Ishan Kishan,Dubai International Cricket Stadium,YC Barde,PR Reiffel
1216506,2020,Abu Dhabi,2020-11-01,Kings XI Punjab,Chennai Super Kings,Chennai Super Kings,field,normal,0,Chennai Super Kings,0,9,RD Gaikwad,Sheikh Zayed Stadium,PG Pathak,VK Sharma
1216530,2020,Dubai,2020-11-01,Kolkata Knight Riders,Rajasthan Royals,Rajasthan Royals,field,normal,0,Kolkata Knight Riders,60,0,PJ Cummins,Dubai International Cricket Stadium,Nitin Menon,PR Reiffel
1216505,2020,Abu Dhabi,2020-11-02,Royal Challengers Bangalore,Delhi Capitals,Delhi Capitals,field,normal,0,Delhi Capitals,0,6,A Nortje,Sheikh Zayed Stadium,CB Gaffaney,S Ravi
1216495,2020,Sharjah,2020-11-03,Mumbai Indians,Sunrisers Hyderabad,Sunrisers Hyderabad,field,normal,0,Sunrisers Hyderabad,0,10,S Nadeem,Sharjah Cricket Stadium,C Shamshuddin,RK Illingworth
1237177,2020,Dubai,2020-11-05,Mumbai Indians,Delhi Capitals,Delhi Capitals,field,normal,0,Mumbai Indians,57,0,JJ Bumrah,Dubai International Cricket Stadium,CB Gaffaney,Nitin Menon
1237178,2020,Abu Dhabi,2020-11-06,Royal Challengers Bangalore,Sunrisers Hyderabad,Sunrisers Hyderabad,field,normal,0,Sunrisers Hyderabad,0,6,KS Williamson,Sheikh Zayed Stadium,PR Reiffel,S Ravi
1237180,2020,Abu Dhabi,2020-11-08,Delhi Capitals,Sunrisers Hyderabad,Delhi Capitals,bat,normal,0,Delhi Capitals,17,0,MP Stoinis,Sheikh Zayed Stadium,PR Reiffel,S Ravi
1237181,2020,Dubai,2020-11-10,Delhi Capitals,Mumbai Indians,Delhi Capitals,bat,normal,0,Mumbai Indians,0,5,TA Boult,Dubai International Cricket Stadium,CB Gaffaney,Nitin Menon
1254058,2021,Chennai,2021-04-09,Mumbai Indians,Royal Challengers Bangalore,Royal Challengers Bangalore,field,normal,0,Royal Challengers Bangalore,0,2,HV Patel,"MA Chidambaram Stadium, Chepauk, Chennai",KN Ananthapadmanabhan,Nitin Menon
1254059,2021,Mumbai,2021-04-10,Chennai Super Kings,Delhi Capitals,Delhi Capitals,field,normal,0,Delhi Capitals,0,7,S Dhawan,"Wankhede Stadium, Mumbai",AK Chaudhary,VK Sharma
1254060,2021,Chennai,2021-04-11,Kolkata Knight Riders,Sunrisers Hyderabad,Sunrisers Hyderabad,field,normal,0,Kolkata Knight Riders,10,0,N Rana,"MA Chidambaram Stadium, Chepauk, Chennai",KN Ananthapadmanabhan,Nitin Menon
1254061,2021,Mumbai,2021-04-12,Punjab Kings,Rajasthan Royals,Rajasthan Royals,field,normal,0,Punjab Kings,4,0,SV Samson,"Wankhede Stadium, Mumbai",AK Chaudhary,S Ravi
1254062,2021,Chennai,2021-04-13,Mumbai Indians,Kolkata Knight Riders,Kolkata Knight Riders,field,normal,0,Mumbai Indians,10,0,RD Chahar,"MA Chidambaram Stadium, Chepauk, Chennai",C Shamshuddin,CB Gaffaney
1254063,2021,Chennai,2021-04-14,Royal Challengers Bangalore,Sunrisers Hyderabad,Sunrisers Hyderabad,field,normal,0,Royal Challengers Bangalore,6,0,GJ Maxwell,"MA Chidambaram Stadium, Chepauk, Chennai",Nitin Menon,UV Gandhe
1254064,2021,Mumbai,2021-04-15,Delhi Capitals,Rajasthan Royals,Rajasthan Royals,field,normal,0,Rajasthan Royals,0,3,JD Unadkat,"Wankhede Stadium, Mumbai",S Ravi,VK Sharma
1254065,2021,Mumbai,2021-04-16,Punjab Kings,Chennai Super Kings,Chennai Super Kings,field,normal,0,Chennai Super Kings,0,6,DL Chahar,"Wankhede Stadium, Mumbai",AK Chaudhary,AY Dandekar
1254066,2021,Chennai,2021-04-17,Mumbai Indians,Sunrisers Hyderabad,Mumbai Indians,bat,normal,0,Mumbai Indians,13,0,KA Pollard,"MA Chidambaram Stadium, Chepauk, Chennai",CB Gaffaney,K Srinivasan
1254067,2021,Chennai,2021-04-18,Royal Challengers Bangalore,Kolkata Knight Riders,Royal Challengers Bangalore,bat,normal,0,Royal Challengers Bangalore,38,0,AB de Villiers,"MA Chidambaram Stadium, Chepauk, Chennai",C Shamshuddin,Nitin Menon
1254068,2021,Mumbai,2021-04-18,Punjab Kings,Delhi Capitals,Delhi Capitals,field,normal,0,Delhi Capitals,0,6,S Dhawan,"Wankhede Stadium, Mumbai",AK Chaudhary,PR Reiffel
1254069,2021,Mumbai,2021-04-19,Chennai Super Kings,Rajasthan Royals,Rajasthan Royals,field,normal,0,Chennai Super Kings,45,0,MM Ali,"Wankhede Stadium, Mumbai",PR Reiffel,VK Sharma
1254070,2021,Chennai,2021-04-20,Mumbai Indians,Delhi Capitals,Mumbai Indians,bat,normal,0,Delhi Capitals,0,6,A Mishra,"MA Chidambaram Stadium, Chepauk, Chennai",C Shamshuddin,CB Gaffaney
1254071,2021,Chennai,2021-04-21,Punjab Kings,Sunrisers Hyderabad,Punjab Kings,bat,normal,0,Sunrisers Hyderabad,0,9,JM Bairstow,"MA Chidambaram Stadium, Chepauk, Chennai",K Srinivasan,Nitin Menon
1254072,2021,Mumbai,2021-04-21,Chennai Super Kings,Kolkata Knight Riders,Kolkata Knight Riders,field,normal,0,Chennai Super Kings,18,0,F du Plessis,"Wankhede Stadium, Mumbai",AY Dandekar,PR Reiffel
1254073,2021,Mumbai,2021-04-22,Rajasthan Royals,Royal Challengers Bangalore,Royal Challengers Bangalore,field,normal,0,Royal Challengers Bangalore,0,10,D Padikkal,"Wankhede Stadium, Mumbai",J Madanagopal,S Ravi
1254074,2021,Chennai,2021-04-23,Mumbai Indians,Punjab Kings,Punjab Kings,field,normal,0,Punjab Kings,0,9,KL Rahul,"MA Chidambaram Stadium, Chepauk, Chennai",C Shamshuddin,Nitin Menon
1254075,2021,Mumbai,2021-04-24,Kolkata Knight Riders,Rajasthan Royals,Rajasthan Royals,field,normal,0,Rajasthan Royals,0,6,CH Morris,"Wankhede Stadium, Mumbai",Navdeep Singh,S Ravi
1254076,2021,Mumbai,2021-04-25,Chennai Super Kings,Royal Challengers Bangalore,Chennai Super Kings,bat,normal,0,Chennai Super Kings,69,0,RA Jadeja,"Wankhede Stadium, Mumbai",AK Chaudhary,VK Sharma
1254077,2021,Chennai,2021-04-25,Delhi Capitals,Sunrisers Hyderabad,Delhi Capitals,bat,tie,0,Delhi Capitals,0,0,PP Shaw,"MA Chidambaram Stadium, Chepauk, Chennai",CB Gaffaney,KN Ananthapadmanabhan
1254078,2021,Ahmedabad,2021-04-26,Punjab Kings,Kolkata Knight Riders,Kolkata Knight Riders,field,normal,0,Kolkata Knight Riders,0,5,EJG Morgan,"Narendra Modi Stadium, Ahmedabad",PR Reiffel,YC Barde
1254079,2021,Ahmedabad,2021-04-27,Royal Challengers Bangalore,Delhi Capitals,Delhi Capitals,field,normal,0,Royal Challengers Bangalore,1,0,AB de Villiers,"Narendra Modi Stadium, Ahmedabad",S Ravi,VK Sharma
1254080,2021,Delhi,2021-04-28,Sunrisers Hyderabad,Chennai Super Kings,Sunrisers Hyderabad,bat,normal,0,Chennai Super Kings,0,7,RD Gaikwad,"Arun Jaitley Stadium, Delhi",C Shamshuddin,CK Nandan
1254081,2021,Delhi,2021-04-29,Rajasthan Royals,Mumbai Indians,Mumbai Indians,field,normal,0,Mumbai Indians,0,7,Q de Kock,"Arun Jaitley Stadium, Delhi",CB Gaffaney,KN Ananthapadmanabhan
1254082,2021,Ahmedabad,2021-04-29,Kolkata Knight Riders,Delhi Capitals,Delhi Capitals,field,normal,0,Delhi Capitals,0,7,PP Shaw,"Narendra Modi Stadium, Ahmedabad",AK Chaudhary,YC Barde
1254083,2021,Ahmedabad,2021-04-30,Punjab Kings,Royal Challengers Bangalore,Royal Challengers Bangalore,field,normal,0,Punjab Kings,34,0,Harpreet Brar,"Narendra Modi Stadium, Ahmedabad",S Ravi,VK Sharma
1254084,2021,Delhi,2021-05-01,Chennai Super Kings,Mumbai Indians,Mumbai Indians,field,normal,0,Mumbai Indians,0,4,KA Pollard,"Arun Jaitley Stadium, Delhi",KN Ananthapadmanabhan,CK Nandan
1254085,2021,Delhi,2021-05-02,Rajasthan Royals,Sunrisers Hyderabad,Sunrisers Hyderabad,field,normal,0,Rajasthan Royals,55,0,JC Buttler,"Arun Jaitley Stadium, Delhi",C Shamshuddin,CB Gaffaney
1254086,2021,Ahmedabad,2021-05-02,Punjab Kings,Delhi Capitals,Delhi Capitals,field,normal,0,Delhi Capitals,0,7,MA Agarwal,"Narendra Modi Stadium, Ahmedabad",AK Chaudhary,AY Dandekar
1254104,2021,Dubai,2021-09-19,Chennai Super Kings,Mumbai Indians,Chennai Super Kings,bat,normal,0,Chennai Super Kings,20,0,RD Gaikwad,Dubai International Cricket Stadium,Nitin Menon,RK Illingworth
1254087,2021,Abu Dhabi,2021-09-20,Royal Challengers Bangalore,Kolkata Knight Riders,Royal Challengers Bangalore,bat,normal,0,Kolkata Knight Riders,0,9,CV Varun,"Zayed Cricket Stadium, Abu Dhabi",CB Gaffaney,S Ravi
1254111,2021,Dubai,2021-09-21,Rajasthan Royals,Punjab Kings,Punjab Kings,field,normal,0,Rajasthan Royals,2,0,Kartik Tyagi,Dubai International Cricket Stadium,AK Chaudhary,MA Gough
1254105,2021,Dubai,2021-09-22,Sunrisers Hyderabad,Delhi Capitals,Sunrisers Hyderabad,bat,normal,0,Delhi Capitals,0,8,A Nortje,Dubai International Cricket Stadium,KN Ananthapadmanabhan,RK Illingworth
1254096,2021,Abu Dhabi,2021-09-23,Mumbai Indians,Kolkata Knight Riders,Kolkata Knight Riders,field,normal,0,Kolkata Knight Riders,0,7,SP Narine,"Zayed Cricket Stadium, Abu Dhabi",S Ravi,VK Sharma
1254113,2021,Sharjah,2021-09-24,Royal Challengers Bangalore,Chennai Super Kings,Chennai Super Kings,field,normal,0,Chennai Super Kings,0,6,DJ Bravo,Sharjah Cricket Stadium,AK Chaudhary,Nitin Menon
1254097,2021,Abu Dhabi,2021-09-25,Delhi Capitals,Rajasthan Royals,Rajasthan Royals,field,normal,0,Delhi Capitals,33,0,SS Iyer,"Zayed Cricket Stadium, Abu Dhabi",CB Gaffaney,UV Gandhe
1254107,2021,Sharjah,2021-09-25,Punjab Kings,Sunrisers Hyderabad,Sunrisers Hyderabad,field,normal,0,Punjab Kings,5,0,JO Holder,Sharjah Cricket Stadium,RK Illingworth,YC Barde
1254098,2021,Abu Dhabi,2021-09-26,Kolkata Knight Riders,Chennai Super Kings,Kolkata Knight Riders,bat,normal,0,Chennai Super Kings,0,2,RA Jadeja,"Zayed Cricket Stadium, Abu Dhabi",CB Gaffaney,Tapan Sharma
1254108,2021,Dubai,2021-09-26,Royal Challengers Bangalore,Mumbai Indians,Mumbai Indians,field,normal,0,Royal Challengers Bangalore,54,0,GJ Maxwell,Dubai International Cricket Stadium,AK Chaudhary,MA Gough
1254100,2021,Dubai,2021-09-27,Rajasthan Royals,Sunrisers Hyderabad,Rajasthan Royals,bat,normal,0,Sunrisers Hyderabad,0,7,JJ Roy,Dubai International Cricket Stadium,KN Ananthapadmanabhan,Navdeep Singh
1254092,2021,Sharjah,2021-09-28,Delhi Capitals,Kolkata Knight Riders,Kolkata Knight Riders,field,normal,0,Kolkata Knight Riders,0,3,SP Narine,Sharjah Cricket Stadium,Nitin Menon,HAS Khalid
1254099,2021,Abu Dhabi,2021-09-28,Punjab Kings,Mumbai Indians,Mumbai Indians,field,normal,0,Mumbai Indians,0,6,KA Pollard,"Zayed Cricket Stadium, Abu Dhabi",S Ravi,VK Sharma
1254103,2021,Dubai,2021-09-29,Rajasthan Royals,Royal Challengers Bangalore,Royal Challengers Bangalore,field,normal,0,Royal Challengers Bangalore,0,7,YS Chahal,Dubai International Cricket Stadium,AY Dandekar,KN Ananthapadmanabhan
1254091,2021,Sharjah,2021-09-30,Sunrisers Hyderabad,Chennai Super Kings,Chennai Super Kings,field,normal,0,Chennai Super Kings,0,6,JR Hazlewood,Sharjah Cricket Stadium,Nitin Menon,YC Barde
1254102,2021,Dubai,2021-10-01,Kolkata Knight Riders,Punjab Kings,Punjab Kings,field,normal,0,Punjab Kings,0,5,KL Rahul,Dubai International Cricket Stadium,KN Ananthapadmanabhan,RK Illingworth
1254089,2021,Abu Dhabi,2021-10-02,Chennai Super Kings,Rajasthan Royals,Rajasthan Royals,field,normal,0,Rajasthan Royals,0,7,RD Gaikwad,"Zayed Cricket Stadium, Abu Dhabi",CB Gaffaney,VK Sharma
1254112,2021,Sharjah,2021-10-02,Mumbai Indians,Delhi Capitals,Delhi Capitals,field,normal,0,Delhi Capitals,0,4,AR Patel,Sharjah Cricket Stadium,AK Chaudhary,MA Gough
1254090,2021,Sharjah,2021-10-03,Royal Challengers Bangalore,Punjab Kings,Royal Challengers Bangalore,bat,normal,0,Royal Challengers Bangalore,6,0,GJ Maxwell,Sharjah Cricket Stadium,KN Ananthapadmanabhan,RK Illingworth
1254109,2021,Dubai,2021-10-03,Sunrisers Hyderabad,Kolkata Knight Riders,Sunrisers Hyderabad,bat,normal,0,Kolkata Knight Riders,0,6,Shubman Gill,Dubai International Cricket Stadium,J Madanagopal,MA Gough
1254110,2021,Dubai,2021-10-04,Chennai Super Kings,Delhi Capitals,Delhi Capitals,field,normal,0,Delhi Capitals,0,3,AR Patel,Dubai International Cricket Stadium,AK Chaudhary,Nitin Menon
1254093,2021,Sharjah,2021-10-05,Rajasthan Royals,Mumbai Indians,Mumbai Indians,field,normal,0,Mumbai Indians,0,8,NM Coulter-Nile,Sharjah Cricket Stadium,AK Chaudhary,MA Gough
1254095,2021,Abu Dhabi,2021-10-06,Sunrisers Hyderabad,Royal Challengers Bangalore,Royal Challengers Bangalore,field,normal,0,Sunrisers Hyderabad,4,0,KS Williamson,"Zayed Cricket Stadium, Abu Dhabi",S Ravi,UV Gandhe
1254094,2021,Dubai,2021-10-07,Chennai Super Kings,Punjab Kings,Punjab Kings,field,normal,0,Punjab Kings,0,6,KL Rahul,Dubai International Cricket Stadium,K Srinivasan,RK Illingworth
1254106,2021,Sharjah,2021-10-07,Kolkata Knight Riders,Rajasthan Royals,Rajasthan Royals,field,normal,0,Kolkata Knight Riders,86,0,Shivam Mavi,Sharjah Cricket Stadium,MA Gough,HAS Khalid
1254088,2021,Abu Dhabi,2021-10-08,Mumbai Indians,Sunrisers Hyderabad,Mumbai Indians,bat,normal,0,Mumbai Indians,42,0,Ishan Kishan,"Zayed Cricket Stadium, Abu Dhabi",Tapan Sharma,VK Sharma
1254101,2021,Dubai,2021-10-08,Delhi Capitals,Royal Challengers Bangalore,Royal Challengers Bangalore,field,normal,0,Royal Challengers Bangalore,0,7,KS Bharat,Dubai International Cricket Stadium,KN Ananthapadmanabhan,Nitin Menon
1254114,2021,Dubai,2021-10-10,Delhi Capitals,Chennai Super Kings,Chennai Super Kings,field,normal,0,Chennai Super Kings,0,4,RD Gaikwad,Dubai International Cricket Stadium,Nitin Menon,RK Illingworth
1254115,2021,Sharjah,2021-10-11,Royal Challengers Bangalore,Kolkata Knight Riders,Royal Challengers Bangalore,bat,normal,0,Kolkata Knight Riders,0,4,SP Narine,Sharjah Cricket Stadium,CB Gaffaney,VK Sharma
1254116,2021,Sharjah,2021-10-13,Delhi Capitals,Kolkata Knight Riders,Kolkata Knight Riders,field,normal,0,Kolkata Knight Riders,0,3,VR Iyer,Sharjah Cricket Stadium,KN Ananthapadmanabhan,MA Gough
1254117,2021,Dubai,2021-10-15,Chennai Super Kings,Kolkata Knight Riders,Kolkata Knight Riders,field,normal,0,Chennai Super Kings,27,0,F du Plessis,Dubai International Cricket Stadium,Nitin Menon,RK Illingworth
1304047,2022,Mumbai,2022-03-26,Chennai Super Kings,Kolkata Knight Riders,Kolkata Knight Riders,field,normal,0,Kolkata Knight Riders,0,6,UT Yadav,"Wankhede Stadium, Mumbai",AK Chaudhary,Nitin Menon
1304048,2022,Mumbai,2022-03-27,Mumbai Indians,Delhi Capitals,Delhi Capitals,field,normal,0,Delhi Capitals,0,4,Kuldeep Yadav,"Brabourne Stadium, Mumbai",RJ Tucker,HAS Khalid
1304049,2022,Mumbai,2022-03-27,Royal Challengers Bangalore,Punjab Kings,Punjab Kings,field,normal,0,Punjab Kings,0,5,OF Smith,"Dr DY Patil Sports Academy, Mumbai",Nitin Menon,YC Barde
1304050,2022,Mumbai,2022-03-28,Lucknow Super Giants,Gujarat Titans,Gujarat Titans,field,normal,0,Gujarat Titans,0,5,Mohammed Shami,"Wankhede Stadium, Mumbai",PG Pathak,VK Sharma
1304051,2022,Pune,2022-03-29,Rajasthan Royals,Sunrisers Hyderabad,Sunrisers Hyderabad,field,normal,0,Rajasthan Royals,61,0,SV Samson,"Maharashtra Cricket Association Stadium, Pune",BNJ Oxenford,UV Gandhe
1304052,2022,Mumbai,2022-03-30,Kolkata Knight Riders,Royal Challengers Bangalore,Royal Challengers Bangalore,field,normal,0,Royal Challengers Bangalore,0,3,PWH de Silva,"Dr DY Patil Sports Academy, Mumbai",J Madanagopal,Navdeep Singh
1304053,2022,Mumbai,2022-03-31,Chennai Super Kings,Lucknow Super Giants,Lucknow Super Giants,field,normal,0,Lucknow Super Giants,0,6,E Lewis,"Brabourne Stadium, Mumbai",RJ Tucker,VK Sharma
1304054,2022,Mumbai,2022-04-01,Punjab Kings,Kolkata Knight Riders,Kolkata Knight Riders,field,normal,0,Kolkata Knight Riders,0,6,UT Yadav,"Wankhede Stadium, Mumbai",AK Chaudhary,HAS Khalid
1304055,2022,Mumbai,2022-04-02,Rajasthan Royals,Mumbai Indians,Mumbai Indians,field,normal,0,Rajasthan Royals,23,0,JC Buttler,"Dr DY Patil Sports Academy, Mumbai",Nitin Menon,PG Pathak
1304056,2022,Pune,2022-04-02,Gujarat Titans,Delhi Capitals,Delhi Capitals,field,normal,0,Gujarat Titans,14,0,LH Ferguson,"Maharashtra Cricket Association Stadium, Pune",KN Ananthapadmanabhan,UV Gandhe
1304057,2022,Mumbai,2022-04-03,Punjab Kings,Chennai Super Kings,Chennai Super Kings,field,normal,0,Punjab Kings,54,0,LS Livingstone,"Brabourne Stadium, Mumbai",RJ Tucker,YC Barde
1304058,2022,Mumbai,2022-04-04,Lucknow Super Giants,Sunrisers Hyderabad,Sunrisers Hyderabad,field,normal,0,Lucknow Super Giants,12,0,Avesh Khan,"Dr DY Patil Sports Academy, Mumbai",J Madanagopal,Navdeep Singh
1304059,2022,Mumbai,2022-04-05,Rajasthan Royals,Royal Challengers Bangalore,Royal Challengers Bangalore,field,normal,0,Royal Challengers Bangalore,0,4,KD Karthik,"Wankhede Stadium, Mumbai",AK Chaudhary,HAS Khalid
1304060,2022,Pune,2022-04-06,Mumbai Indians,Kolkata Knight Riders,Kolkata Knight Riders,field,normal,0,Kolkata Knight Riders,0,5,PJ Cummins,"Maharashtra Cricket Association Stadium, Pune",BNJ Oxenford,KN Ananthapadmanabhan
1304061,2022,Mumbai,2022-04-07,Delhi Capitals,Lucknow Super Giants,Lucknow Super Giants,field,normal,0,Lucknow Super Giants,0,6,Q de Kock,"Dr DY Patil Sports Academy, Mumbai",RJ Tucker,Tapan Sharma
1304062,2022,Mumbai,2022-04-08,Punjab Kings,Gujarat Titans,Gujarat Titans,field,normal,0,Gujarat Titans,0,6,Shubman Gill,"Brabourne Stadium, Mumbai",AK Chaudhary,VK Sharma
1304063,2022,Mumbai,2022-04-09,Chennai Super Kings,Sunrisers Hyderabad,Sunrisers Hyderabad,field,normal,0,Sunrisers Hyderabad,0,8,Abhishek Sharma,"Dr DY Patil Sports Academy, Mumbai",Navdeep Singh,Nitin Menon
1304064,2022,Pune,2022-04-09,Mumbai Indians,Royal Challengers Bangalore,Royal Challengers Bangalore,field,normal,0,Royal Challengers Bangalore,0,7,Anuj Rawat,"Maharashtra Cricket Association Stadium, Pune",BNJ Oxenford,KN Ananthapadmanabhan
1304065,2022,Mumbai,2022-04-10,Delhi Capitals,Kolkata Knight Riders,Kolkata Knight Riders,field,normal,0,Delhi Capitals,44,0,Kuldeep Yadav,"Brabourne Stadium, Mumbai",CB Gaffaney,J Madanagopal
1304066,2022,Mumbai,2022-04-10,Rajasthan Royals,Lucknow Super Giants,Lucknow Super Giants,field,normal,0,Rajasthan Royals,3,0,YS Chahal,"Wankhede Stadium, Mumbai",AK Chaudhary,Tapan Sharma
1304067,2022,Mumbai,2022-04-11,Gujarat Titans,Sunrisers Hyderabad,Sunrisers Hyderabad,field,normal,0,Sunrisers Hyderabad,0,8,KS Williamson,"Dr DY Patil Sports Academy, Mumbai",Chirra Ravikanthreddy,RJ Tucker
1304068,2022,Mumbai,2022-04-12,Chennai Super Kings,Royal Challengers Bangalore,Royal Challengers Bangalore,field,normal,0,Chennai Super Kings,23,0,S Dube,"Dr DY Patil Sports Academy, Mumbai",Nitin Menon,N Pandit
1304069,2022,Pune,2022-04-13,Punjab Kings,Mumbai Indians,Mumbai Indians,field,normal,0,Punjab Kings,12,0,MA Agarwal,"Maharashtra Cricket Association Stadium, Pune",BNJ Oxenford,UV Gandhe
1304070,2022,Mumbai,2022-04-14,Gujarat Titans,Rajasthan Royals,Rajasthan Royals,field,normal,0,Gujarat Titans,37,0,HH Pandya,"Dr DY Patil Sports Academy, Mumbai",CB Gaffaney,R Pandit
1304071,2022,Mumbai,2022-04-15,Kolkata Knight Riders,Sunrisers Hyderabad,Sunrisers Hyderabad,field,normal,0,Sunrisers Hyderabad,0,7,RA Tripathi,"Brabourne Stadium, Mumbai",GR Sadashiv Iyer,VK Sharma
1304072,2022,Mumbai,2022-04-16,Lucknow Super Giants,Mumbai Indians,Mumbai Indians,field,normal,0,Lucknow Super Giants,18,0,KL Rahul,"Brabourne Stadium, Mumbai",AK Chaudhary,NA Patwardhan
1304073,2022,Mumbai,2022-04-16,Royal Challengers Bangalore,Delhi Capitals,Delhi Capitals,field,normal,0,Royal Challengers Bangalore,16,0,KD Karthik,"Wankhede Stadium, Mumbai",Chirra Ravikanthreddy,J Madanagopal
1304074,2022,Mumbai,2022-04-17,Punjab Kings,Sunrisers Hyderabad,Sunrisers Hyderabad,field,normal,0,Sunrisers Hyderabad,0,7,Umran Malik,"Dr DY Patil Sports Academy, Mumbai",PG Pathak,R Pandit
1304075,2022,Pune,2022-04-17,Chennai Super Kings,Gujarat Titans,Gujarat Titans,field,normal,0,Gujarat Titans,0,3,DA Miller,"Maharashtra Cricket Association Stadium, Pune",KN Ananthapadmanabhan,UV Gandhe
1304076,2022,Mumbai,2022-04-18,Rajasthan Royals,Kolkata Knight Riders,Kolkata Knight Riders,field,normal,0,Rajasthan Royals,7,0,YS Chahal,"Brabourne Stadium, Mumbai",GR Sadashiv Iyer,VK Sharma
1304077,2022,Mumbai,2022-04-19,Royal Challengers Bangalore,Lucknow Super Giants,Lucknow Super Giants,field,normal,0,Royal Challengers Bangalore,18,0,F du Plessis,"Dr DY Patil Sports Academy, Mumbai",CB Gaffaney,N Pandit
1304078,2022,Mumbai,2022-04-20,Punjab Kings,Delhi Capitals,Delhi Capitals,field,normal,0,Delhi Capitals,0,9,Kuldeep Yadav,"Brabourne Stadium, Mumbai",RJ Tucker,Tapan Sharma
1304079,2022,Navi Mumbai,2022-04-21,Mumbai Indians,Chennai Super Kings,Chennai Super Kings,field,normal,0,Chennai Super Kings,0,3,Mukesh Choudhary,"Dr DY Patil Sports Academy, Mumbai",BNJ Oxenford,UV Gandhe
1304080,2022,Mumbai,2022-04-22,Rajasthan Royals,Delhi Capitals,Delhi Capitals,field,normal,0,Rajasthan Royals,15,0,JC Buttler,"Wankhede Stadium, Mumbai",NA Patwardhan,Nitin Menon
1304081,2022,Navi Mumbai,2022-04-23,Gujarat Titans,Kolkata Knight Riders,Gujarat Titans,bat,normal,0,Gujarat Titans,8,0,Rashid Khan,"Dr DY Patil Sports Academy, Mumbai",KN Ananthapadmanabhan,UV Gandhe
1304082,2022,Mumbai,2022-04-23,Royal Challengers Bangalore,Sunrisers Hyderabad,Sunrisers Hyderabad,field,normal,0,Sunrisers Hyderabad,0,9,M Jansen,"Brabourne Stadium, Mumbai",Chirra Ravikanthreddy,J Madanagopal
1304083,2022,Mumbai,2022-04-24,Lucknow Super Giants,Mumbai Indians,Mumbai Indians,field,normal,0,Lucknow Super Giants,36,0,KL Rahul,"Wankhede Stadium, Mumbai",M Erasmus,HAS Khalid
1304084,2022,Mumbai,2022-04-25,Punjab Kings,Chennai Super Kings,Chennai Super Kings,field,normal,0,Punjab Kings,11,0,S Dhawan,"Wankhede Stadium, Mumbai",M Erasmus,Tapan Sharma
1304085,2022,Pune,2022-04-26,Rajasthan Royals,Royal Challengers Bangalore,Royal Challengers Bangalore,field,normal,0,Rajasthan Royals,29,0,R Parag,"Maharashtra Cricket Association Stadium, Pune",BNJ Oxenford,KN Ananthapadmanabhan
1304086,2022,Mumbai,2022-04-27,Sunrisers Hyderabad,Gujarat Titans,Gujarat Titans,field,normal,0,Gujarat Titans,0,5,Umran Malik,"Wankhede Stadium, Mumbai",CB Gaffaney,Navdeep Singh
1304087,2022,Mumbai,2022-04-28,Kolkata Knight Riders,Delhi Capitals,Delhi Capitals,field,normal,0,Delhi Capitals,0,4,Kuldeep Yadav,"Wankhede Stadium, Mumbai",AK Chaudhary,PG Pathak
1304088,2022,Pune,2022-04-29,Lucknow Super Giants,Punjab Kings,Punjab Kings,field,normal,0,Lucknow Super Giants,20,0,KH Pandya,"Maharashtra Cricket Association Stadium, Pune",MA Gough,UV Gandhe
1304089,2022,Mumbai,2022-04-30,Royal Challengers Bangalore,Gujarat Titans,Royal Challengers Bangalore,bat,normal,0,Gujarat Titans,0,6,R Tewatia,"Brabourne Stadium, Mumbai",HAS Khalid,VK Sharma
1304090,2022,Navi Mumbai,2022-04-30,Rajasthan Royals,Mumbai Indians,Mumbai Indians,field,normal,0,Mumbai Indians,0,5,SA Yadav,"Dr DY Patil Sports Academy, Mumbai",BNJ Oxenford,YC Barde
1304091,2022,Mumbai,2022-05-01,Lucknow Super Giants,Delhi Capitals,Lucknow Super Giants,bat,normal,0,Lucknow Super Giants,6,0,Mohsin Khan,"Wankhede Stadium, Mumbai",Chirra Ravikanthreddy,CB Gaffaney
1304092,2022,Pune,2022-05-01,Chennai Super Kings,Sunrisers Hyderabad,Sunrisers Hyderabad,field,normal,0,Chennai Super Kings,13,0,RD Gaikwad,"Maharashtra Cricket Association Stadium, Pune",AK Chaudhary,KN Ananthapadmanabhan
1304093,2022,Mumbai,2022-05-02,Rajasthan Royals,Kolkata Knight Riders,Kolkata Knight Riders,field,normal,0,Kolkata Knight Riders,0,7,RK Singh,"Wankhede Stadium, Mumbai",J Madanagopal,N Pandit
1304094,2022,Navi Mumbai,2022-05-03,Gujarat Titans,Punjab Kings,Gujarat Titans,bat,normal,0,Punjab Kings,0,8,K Rabada,"Dr DY Patil Sports Academy, Mumbai",R Pandit,VK Sharma
1304095,2022,Pune,2022-05-04,Royal Challengers Bangalore,Chennai Super Kings,Chennai Super Kings,field,normal,0,Royal Challengers Bangalore,13,0,HV Patel,"Maharashtra Cricket Association Stadium, Pune",KN Ananthapadmanabhan,MA Gough
1304096,2022,Mumbai,2022-05-05,Delhi Capitals,Sunrisers Hyderabad,Sunrisers Hyderabad,field,normal,0,Delhi Capitals,21,0,DA Warner,"Brabourne Stadium, Mumbai",Navdeep Singh,NA Patwardhan
1304097,2022,Mumbai,2022-05-06,Mumbai Indians,Gujarat Titans,Gujarat Titans,field,normal,0,Mumbai Indians,5,0,TH David,"Brabourne Stadium, Mumbai",J Madanagopal,GR Sadashiv Iyer
1304098,2022,Mumbai,2022-05-07,Punjab Kings,Rajasthan Royals,Punjab Kings,bat,normal,0,Rajasthan Royals,0,6,YBK Jaiswal,"Wankhede Stadium, Mumbai",Chirra Ravikanthreddy,YC Barde
1304099,2022,Pune,2022-05-07,Lucknow Super Giants,Kolkata Knight Riders,Kolkata Knight Riders,field,normal,0,Lucknow Super Giants,75,0,Avesh Khan,"Maharashtra Cricket Association Stadium, Pune",AK Chaudhary,MA Gough
1304100,2022,Mumbai,2022-05-08,Royal Challengers Bangalore,Sunrisers Hyderabad,Royal Challengers Bangalore,bat,normal,0,Royal Challengers Bangalore,67,0,PWH de Silva,"Wankhede Stadium, Mumbai",BNJ Oxenford,N Pandit
1304101,2022,Navi Mumbai,2022-05-08,Chennai Super Kings,Delhi Capitals,Delhi Capitals,field,normal,0,Chennai Super Kings,91,0,DP Conway,"Dr DY Patil Sports Academy, Mumbai",Nitin Menon,R Pandit
1304102,2022,Navi Mumbai,2022-05-09,Kolkata Knight Riders,Mumbai Indians,Mumbai Indians,field,normal,0,Kolkata Knight Riders,52,0,JJ Bumrah,"Dr DY Patil Sports Academy, Mumbai",CB Gaffaney,GR Sadashiv Iyer
1304103,2022,Pune,2022-05-10,Gujarat Titans,Lucknow Super Giants,Gujarat Titans,bat,normal,0,Gujarat Titans,62,0,Shubman Gill,"Maharashtra Cricket Association Stadium, Pune",KN Ananthapadmanabhan,MA Gough
1304104,2022,Navi Mumbai,2022-05-11,Rajasthan Royals,Delhi Capitals,Delhi Capitals,field,normal,0,Delhi Capitals,0,8,MR Marsh,"Dr DY Patil Sports Academy, Mumbai",NA Patwardhan,Nitin Menon
1304105,2022,Mumbai,2022-05-12,Chennai Super Kings,Mumbai Indians,Mumbai Indians,field,normal,0,Mumbai Indians,0,5,DR Sams,"Wankhede Stadium, Mumbai",Chirra Ravikanthreddy,CB Gaffaney
1304106,2022,Mumbai,2022-05-13,Punjab Kings,Royal Challengers Bangalore,Royal Challengers Bangalore,field,normal,0,Punjab Kings,54,0,JM Bairstow,"Brabourne Stadium, Mumbai",J Madanagopal,N Pandit
1304107,2022,Pune,2022-05-14,Kolkata Knight Riders,Sunrisers Hyderabad,Kolkata Knight Riders,bat,normal,0,Kolkata Knight Riders,54,0,AD Russell,"Maharashtra Cricket Association Stadium, Pune",AK Chaudhary,KN Ananthapadmanabhan
1304108,2022,Mumbai,2022-05-15,Chennai Super Kings,Gujarat Titans,Chennai Super Kings,bat,normal,0,Gujarat Titans,0,7,WP Saha,"Wankhede Stadium, Mumbai",R Pandit,VK Sharma
1304109,2022,Mumbai,2022-05-15,Rajasthan Royals,Lucknow Super Giants,Rajasthan Royals,bat,normal,0,Rajasthan Royals,24,0,TA Boult,"Brabourne Stadium, Mumbai",PG Pathak,Tapan Sharma
1304110,2022,Navi Mumbai,2022-05-16,Delhi Capitals,Punjab Kings,Punjab Kings,field,normal,0,Delhi Capitals,17,0,SN Thakur,"Dr DY Patil Sports Academy, Mumbai",GR Sadashiv Iyer,Nitin Menon
1304111,2022,Mumbai,2022-05-17,Sunrisers Hyderabad,Mumbai Indians,Mumbai Indians,field,normal,0,Sunrisers Hyderabad,3,0,RA Tripathi,"Wankhede Stadium, Mumbai",CB Gaffaney,N Pandit
1304112,2022,Navi Mumbai,2022-05-18,Lucknow Super Giants,Kolkata Knight Riders,Lucknow Super Giants,bat,normal,0,Lucknow Super Giants,2,0,Q de Kock,"Dr DY Patil Sports Academy, Mumbai",R Pandit,YC Barde
1304113,2022,Mumbai,2022-05-19,Gujarat Titans,Royal Challengers Bangalore,Gujarat Titans,bat,normal,0,Royal Challengers Bangalore,0,8,V Kohli,"Wankhede Stadium, Mumbai",KN Ananthapadmanabhan,GR Sadashiv Iyer
1304114,2022,Mumbai,2022-05-20,Chennai Super Kings,Rajasthan Royals,Chennai Super Kings,bat,normal,0,Rajasthan Royals,0,5,R Ashwin,"Brabourne Stadium, Mumbai",CB Gaffaney,NA Patwardhan
1304115,2022,Mumbai,2022-05-21,Delhi Capitals,Mumbai Indians,Mumbai Indians,field,normal,0,Mumbai Indians,0,5,JJ Bumrah,"Wankhede Stadium, Mumbai",Nitin Menon,Tapan Sharma
1304116,2022,Mumbai,2022-05-22,Sunrisers Hyderabad,Punjab Kings,Sunrisers Hyderabad,bat,normal,0,Punjab Kings,0,5,Harpreet Brar,"Wankhede Stadium, Mumbai",AK Chaudhary,NA Patwardhan
1312197,2022,Kolkata,2022-05-24,Rajasthan Royals,Gujarat Titans,Gujarat Titans,field,normal,0,Gujarat Titans,0,7,DA Miller,"Eden Gardens, Kolkata",BNJ Oxenford,VK Sharma
1312198,2022,Kolkata,2022-05-25,Royal Challengers Bangalore,Lucknow Super Giants,Lucknow Super Giants,field,normal,0,Royal Challengers Bangalore,14,0,RM Patidar,"Eden Gardens, Kolkata",J Madanagopal,MA Gough
1312199,2022,Ahmedabad,2022-05-27,Royal Challengers Bangalore,Rajasthan Royals,Rajasthan Royals,field,normal,0,Rajasthan Royals,0,7,JC Buttler,"Narendra Modi Stadium, Ahmedabad",CB Gaffaney,Nitin Menon
1312200,2022,Ahmedabad,2022-05-29,Rajasthan Royals,Gujarat Titans,Rajasthan Royals,bat,normal,0,Gujarat Titans,0,7,HH Pandya,"Narendra Modi Stadium, Ahmedabad",CB Gaffaney,Nitin Menon
1359475,2023,Ahmedabad,2023-03-31,Chennai Super Kings,Gujarat Titans,Gujarat Titans,field,normal,0,Gujarat Titans,0,5,Rashid Khan,"Narendra Modi Stadium, Ahmedabad",Nitin Menon,HAS Khalid
1359476,2023,Chandigarh,2023-04-01,Punjab Kings,Kolkata Knight Riders,Kolkata Knight Riders,field,normal,1,Punjab Kings,7,0,Arshdeep Singh,"Punjab Cricket Association IS Bindra Stadium, Mohali, Chandigarh",BNJ Oxenford,YC Barde
1359477,2023,Lucknow,2023-04-01,Lucknow Super Giants,Delhi Capitals,Delhi Capitals,field,normal,0,Lucknow Super Giants,50,0,MA Wood,"Bharat Ratna Shri Atal Bihari Vajpayee Ekana Cricket Stadium, Lucknow",AK Chaudhary,NA Patwardhan
1359478,2023,Hyderabad,2023-04-02,Rajasthan Royals,Sunrisers Hyderabad,Sunrisers Hyderabad,field,normal,0,Rajasthan Royals,72,0,JC Buttler,"Rajiv Gandhi International Stadium, Uppal, Hyderabad",KN Ananthapadmanabhan,R Pandit
1359479,2023,Bengaluru,2023-04-02,Mumbai Indians,Royal Challengers Bangalore,Royal Challengers Bangalore,field,normal,0,Royal Challengers Bangalore,0,8,F du Plessis,"M Chinnaswamy Stadium, Bengaluru",Nitin Menon,Tapan Sharma
1359480,2023,Chennai,2023-04-03,Chennai Super Kings,Lucknow Super Giants,Lucknow Super Giants,field,normal,0,Chennai Super Kings,12,0,MM Ali,"MA Chidambaram Stadium, Chepauk, Chennai",A Totre,BNJ Oxenford
1359481,2023,Delhi,2023-04-04,Delhi Capitals,Gujarat Titans,Gujarat Titans,field,normal,0,Gujarat Titans,0,6,B Sai Sudharsan,"Arun Jaitley Stadium, Delhi",A Nand Kishore,GR Sadashiv Iyer
1359482,2023,Guwahati,2023-04-05,Punjab Kings,Rajasthan Royals,Rajasthan Royals,field,normal,0,Punjab Kings,5,0,NT Ellis,"Barsapara Cricket Stadium, Guwahati",KN Ananthapadmanabhan,MV Saidharshan Kumar
1359483,2023,Kolkata,2023-04-06,Kolkata Knight Riders,Royal Challengers Bangalore,Royal Challengers Bangalore,field,normal,0,Kolkata Knight Riders,81,0,SN Thakur,"Eden Gardens, Kolkata",Vinod Seshan,VK Sharma
1359484,2023,Lucknow,2023-04-07,Sunrisers Hyderabad,Lucknow Super Giants,Sunrisers Hyderabad,bat,normal,0,Lucknow Super Giants,0,5,KH Pandya,"Bharat Ratna Shri Atal Bihari Vajpayee Ekana Cricket Stadium, Lucknow",J Madanagopal,YC Barde
1359485,2023,Guwahati,2023-04-08,Rajasthan Royals,Delhi Capitals,Delhi Capitals,field,normal,0,Rajasthan Royals,57,0,YBK Jaiswal,"Barsapara Cricket Stadium, Guwahati",Navdeep Singh,MV Saidharshan Kumar
1359486,2023,Mumbai,2023-04-08,Mumbai Indians,Chennai Super Kings,Chennai Super Kings,field,normal,0,Chennai Super Kings,0,7,RA Jadeja,"Wankhede Stadium, Mumbai",CB Gaffaney,NA Patwardhan
1359487,2023,Ahmedabad,2023-04-09,Gujarat Titans,Kolkata Knight Riders,Gujarat Titans,bat,normal,0,Kolkata Knight Riders,0,3,RK Singh,"Narendra Modi Stadium, Ahmedabad",Nitin Menon,Tapan Sharma
1359488,2023,Hyderabad,2023-04-09,Punjab Kings,Sunrisers Hyderabad,Sunrisers Hyderabad,field,normal,0,Sunrisers Hyderabad,0,8,S Dhawan,"Rajiv Gandhi International Stadium, Uppal, Hyderabad",BNJ Oxenford,UV Gandhe
1359489,2023,Bengaluru,2023-04-10,Royal Challengers Bangalore,Lucknow Super Giants,Lucknow Super Giants,field,normal,0,Lucknow Super Giants,0,1,N Pooran,"M Chinnaswamy Stadium, Bengaluru",AK Chaudhary,A Nand Kishore
1359490,2023,Delhi,2023-04-11,Delhi Capitals,Mumbai Indians,Mumbai Indians,field,normal,0,Mumbai Indians,0,6,RG Sharma,"Arun Jaitley Stadium, Delhi",MA Gough,R Pandit
1359491,2023,Chennai,2023-04-12,Rajasthan Royals,Chennai Super Kings,Chennai Super Kings,field,normal,0,Rajasthan Royals,3,0,R Ashwin,"MA Chidambaram Stadium, Chepauk, Chennai",Vinod Seshan,VK Sharma
1359492,2023,Chandigarh,2023-04-13,Punjab Kings,Gujarat Titans,Gujarat Titans,field,normal,0,Gujarat Titans,0,6,MM Sharma,"Punjab Cricket Association IS Bindra Stadium, Mohali, Chandigarh",A Totre,J Madanagopal
1359493,2023,Kolkata,2023-04-14,Sunrisers Hyderabad,Kolkata Knight Riders,Kolkata Knight Riders,field,normal,0,Sunrisers Hyderabad,23,0,HC Brook,"Eden Gardens, Kolkata",CB Gaffaney,GR Sadashiv Iyer
1359494,2023,Bengaluru,2023-04-15,Royal Challengers Bangalore,Delhi Capitals,Delhi Capitals,field,normal,0,Royal Challengers Bangalore,23,0,V Kohli,"M Chinnaswamy Stadium, Bengaluru",KN Ananthapadmanabhan,MV Saidharshan Kumar
1359495,2023,Lucknow,2023-04-15,Lucknow Super Giants,Punjab Kings,Punjab Kings,field,normal,0,Punjab Kings,0,2,Sikandar Raza,"Bharat Ratna Shri Atal Bihari Vajpayee Ekana Cricket Stadium, Lucknow",HAS Khalid,VK Sharma
1359496,2023,Mumbai,2023-04-16,Kolkata Knight Riders,Mumbai Indians,Mumbai Indians,field,normal,0,Mumbai Indians,0,5,VR Iyer,"Wankhede Stadium, Mumbai",BNJ Oxenford,UV Gandhe
1359497,2023,Ahmedabad,2023-04-16,Gujarat Titans,Rajasthan Royals,Rajasthan Royals,field,normal,0,Rajasthan Royals,0,3,SO Hetmyer,"Narendra Modi Stadium, Ahmedabad",AK Chaudhary,CB Gaffaney
1359498,2023,Bengaluru,2023-04-17,Chennai Super Kings,Royal Challengers Bangalore,Royal Challengers Bangalore,field,normal,0,Chennai Super Kings,8,0,DP Conway,"M Chinnaswamy Stadium, Bengaluru",KN Ananthapadmanabhan,Navdeep Singh
1359499,2023,Hyderabad,2023-04-18,Mumbai Indians,Sunrisers Hyderabad,Sunrisers Hyderabad,field,normal,0,Mumbai Indians,14,0,C Green,"Rajiv Gandhi International Stadium, Uppal, Hyderabad",Nitin Menon,Vinod Seshan
1359500,2023,Jaipur,2023-04-19,Lucknow Super Giants,Rajasthan Royals,Rajasthan Royals,field,normal,0,Lucknow Super Giants,10,0,MP Stoinis,"Sawai Mansingh Stadium, Jaipur",J Madanagopal,YC Barde
1359501,2023,Chandigarh,2023-04-20,Royal Challengers Bangalore,Punjab Kings,Punjab Kings,field,normal,0,Royal Challengers Bangalore,24,0,Mohammed Siraj,"Punjab Cricket Association IS Bindra Stadium, Mohali, Chandigarh",AK Chaudhary,GR Sadashiv Iyer
1359502,2023,Delhi,2023-04-20,Kolkata Knight Riders,Delhi Capitals,Delhi Capitals,field,normal,0,Delhi Capitals,0,4,I Sharma,"Arun Jaitley Stadium, Delhi",MA Gough,R Pandit
1359503,2023,Chennai,2023-04-21,Sunrisers Hyderabad,Chennai Super Kings,Chennai Super Kings,field,normal,0,Chennai Super Kings,0,7,RA Jadeja,"MA Chidambaram Stadium, Chepauk, Chennai",HAS Khalid,VK Sharma
1359504,2023,Lucknow,2023-04-22,Gujarat Titans,Lucknow Super Giants,Gujarat Titans,bat,normal,0,Gujarat Titans,7,0,MM Sharma,"Bharat Ratna Shri Atal Bihari Vajpayee Ekana Cricket Stadium, Lucknow",A Totre,RJ Tucker
1359505,2023,Mumbai,2023-04-22,Punjab Kings,Mumbai Indians,Mumbai Indians,field,normal,0,Punjab Kings,13,0,SM Curran,"Wankhede Stadium, Mumbai",CB Gaffaney,GR Sadashiv Iyer
1359506,2023,Bengaluru,2023-04-23,Royal Challengers Bangalore,Rajasthan Royals,Rajasthan Royals,field,normal,0,Royal Challengers Bangalore,7,0,GJ Maxwell,"M Chinnaswamy Stadium, Bengaluru",MA Gough,MV Saidharshan Kumar
1359507,2023,Kolkata,2023-04-23,Chennai Super Kings,Kolkata Knight Riders,Kolkata Knight Riders,field,normal,0,Chennai Super Kings,49,0,AM Rahane,"Eden Gardens, Kolkata",Nitin Menon,Tapan Sharma
1359508,2023,Hyderabad,2023-04-24,Delhi Capitals,Sunrisers Hyderabad,Delhi Capitals,bat,normal,0,Delhi Capitals,7,0,AR Patel,"Rajiv Gandhi International Stadium, Uppal, Hyderabad",J Madanagopal,RJ Tucker
1359509,2023,Ahmedabad,2023-04-25,Gujarat Titans,Mumbai Indians,Mumbai Indians,field,normal,0,Gujarat Titans,55,0,A Manohar,"Narendra Modi Stadium, Ahmedabad",AK Chaudhary,A Nand Kishore
1359510,2023,Bengaluru,2023-04-26,Kolkata Knight Riders,Royal Challengers Bangalore,Royal Challengers Bangalore,field,normal,0,Kolkata Knight Riders,21,0,CV Varun,"M Chinnaswamy Stadium, Bengaluru",KN Ananthapadmanabhan,R Pandit
1359511,2023,Jaipur,2023-04-27,Rajasthan Royals,Chennai Super Kings,Rajasthan Royals,bat,normal,0,Rajasthan Royals,32,0,YBK Jaiswal,"Sawai Mansingh Stadium, Jaipur",A Totre,YC Barde
1359512,2023,Chandigarh,2023-04-28,Lucknow Super Giants,Punjab Kings,Punjab Kings,field,normal,0,Lucknow Super Giants,56,0,MP Stoinis,"Punjab Cricket Association IS Bindra Stadium, Mohali, Chandigarh",Nitin Menon,Vinod Seshan
1359513,2023,Kolkata,2023-04-29,Kolkata Knight Riders,Gujarat Titans,Gujarat Titans,field,normal,0,Gujarat Titans,0,7,J Little,"Eden Gardens, Kolkata",NA Patwardhan,GR Sadashiv Iyer
1359514,2023,Delhi,2023-04-29,Sunrisers Hyderabad,Delhi Capitals,Sunrisers Hyderabad,bat,normal,0,Sunrisers Hyderabad,9,0,MR Marsh,"Arun Jaitley Stadium, Delhi",MA Gough,Navdeep Singh
1359515,2023,Chennai,2023-04-30,Chennai Super Kings,Punjab Kings,Chennai Super Kings,bat,normal,0,Punjab Kings,0,4,DP Conway,"MA Chidambaram Stadium, Chepauk, Chennai",RJ Tucker,UV Gandhe
1359516,2023,Mumbai,2023-04-30,Rajasthan Royals,Mumbai Indians,Rajasthan Royals,bat,normal,0,Mumbai Indians,0,6,YBK Jaiswal,"Wankhede Stadium, Mumbai",Vinod Seshan,VK Sharma
1359517,2023,Lucknow,2023-05-01,Royal Challengers Bangalore,Lucknow Super Giants,Royal Challengers Bangalore,bat,normal,0,Royal Challengers Bangalore,18,0,F du Plessis,"Bharat Ratna Shri Atal Bihari Vajpayee Ekana Cricket Stadium, Lucknow",AK Chaudhary,GR Sadashiv Iyer
1359518,2023,Ahmedabad,2023-05-02,Delhi Capitals,Gujarat Titans,Delhi Capitals,bat,normal,0,Delhi Capitals,5,0,Mohammed Shami,"Narendra Modi Stadium, Ahmedabad",MA Gough,R Pandit
1359519,2023,Lucknow,2023-05-03,Lucknow Super Giants,Chennai Super Kings,Chennai Super Kings,field,no result,0,,0,0,,"Bharat Ratna Shri Atal Bihari Vajpayee Ekana Cricket Stadium, Lucknow",AK Chaudhary,NA Patwardhan
1359520,2023,Chandigarh,2023-05-03,Punjab Kings,Mumbai Indians,Mumbai Indians,field,normal,0,Mumbai Indians,0,6,Ishan Kishan,"Punjab Cricket Association IS Bindra Stadium, Mohali, Chandigarh",J Madanagopal,RJ Tucker
1359521,2023,Hyderabad,2023-05-04,Kolkata Knight Riders,Sunrisers Hyderabad,Kolkata Knight Riders,bat,normal,0,Kolkata Knight Riders,5,0,CV Varun,"Rajiv Gandhi International Stadium, Uppal, Hyderabad",KN Ananthapadmanabhan,MA Gough
1359522,2023,Jaipur,2023-05-05,Rajasthan Royals,Gujarat Titans,Rajasthan Royals,bat,normal,0,Gujarat Titans,0,9,Rashid Khan,"Sawai Mansingh Stadium, Jaipur",HAS Khalid,VK Sharma
1359523,2023,Chennai,2023-05-06,Mumbai Indians,Chennai Super Kings,Chennai Super Kings,field,normal,0,Chennai Super Kings,0,6,M Pathirana,"MA Chidambaram Stadium, Chepauk, Chennai",BNJ Oxenford,Navdeep Singh
1359524,2023,Delhi,2023-05-06,Royal Challengers Bangalore,Delhi Capitals,Royal Challengers Bangalore,bat,normal,0,Delhi Capitals,0,7,PD Salt,"Arun Jaitley Stadium, Delhi",RJ Tucker,YC Barde
1359525,2023,Ahmedabad,2023-05-07,Gujarat Titans,Lucknow Super Giants,Lucknow Super Giants,field,normal,0,Gujarat Titans,56,0,Shubman Gill,"Narendra Modi Stadium, Ahmedabad",AK Chaudhary,A Nand Kishore
1359526,2023,Jaipur,2023-05-07,Rajasthan Royals,Sunrisers Hyderabad,Rajasthan Royals,bat,normal,0,Sunrisers Hyderabad,0,4,GD Phillips,"Sawai Mansingh Stadium, Jaipur",Nitin Menon,Vinod Seshan
1359527,2023,Kolkata,2023-05-08,Punjab Kings,Kolkata Knight Riders,Punjab Kings,bat,normal,0,Kolkata Knight Riders,0,5,AD Russell,"Eden Gardens, Kolkata",A Totre,J Madanagopal
1359528,2023,Mumbai,2023-05-09,Royal Challengers Bangalore,Mumbai Indians,Mumbai Indians,field,normal,0,Mumbai Indians,0,6,SA Yadav,"Wankhede Stadium, Mumbai",HAS Khalid,VK Sharma
1359529,2023,Chennai,2023-05-10,Chennai Super Kings,Delhi Capitals,Chennai Super Kings,bat,normal,0,Chennai Super Kings,27,0,RA Jadeja,"MA Chidambaram Stadium, Chepauk, Chennai",CB Gaffaney,NA Patwardhan
1359530,2023,Kolkata,2023-05-11,Kolkata Knight Riders,Rajasthan Royals,Rajasthan Royals,field,normal,0,Rajasthan Royals,0,9,YBK Jaiswal,"Eden Gardens, Kolkata",RJ Tucker,MV Saidharshan Kumar
1359531,2023,Mumbai,2023-05-12,Mumbai Indians,Gujarat Titans,Gujarat Titans,field,normal,0,Mumbai Indians,27,0,SA Yadav,"Wankhede Stadium, Mumbai",Nitin Menon,Tapan Sharma
1359532,2023,Hyderabad,2023-05-13,Sunrisers Hyderabad,Lucknow Super Giants,Sunrisers Hyderabad,bat,normal,0,Lucknow Super Giants,0,7,PN Mankad,"Rajiv Gandhi International Stadium, Uppal, Hyderabad",A Totre,J Madanagopal
1359533,2023,Delhi,2023-05-13,Punjab Kings,Delhi Capitals,Delhi Capitals,field,normal,0,Punjab Kings,31,0,P Simran Singh,"Arun Jaitley Stadium, Delhi",CB Gaffaney,NA Patwardhan
1359534,2023,Jaipur,2023-05-14,Royal Challengers Bangalore,Rajasthan Royals,Royal Challengers Bangalore,bat,normal,0,Royal Challengers Bangalore,112,0,WD Parnell,"Sawai Mansingh Stadium, Jaipur",KN Ananthapadmanabhan,Navdeep Singh
1359535,2023,Chennai,2023-05-14,Chennai Super Kings,Kolkata Knight Riders,Chennai Super Kings,bat,normal,0,Kolkata Knight Riders,0,6,RK Singh,"MA Chidambaram Stadium, Chepauk, Chennai",Tapan Sharma,Vinod Seshan
1359536,2023,Ahmedabad,2023-05-15,Gujarat Titans,Sunrisers Hyderabad,Sunrisers Hyderabad,field,normal,0,Gujarat Titans,34,0,Shubman Gill,"Narendra Modi Stadium, Ahmedabad",J Madanagopal,UV Gandhe
1359537,2023,Lucknow,2023-05-16,Lucknow Super Giants,Mumbai Indians,Mumbai Indians,field,normal,0,Lucknow Super Giants,5,0,MP Stoinis,"Bharat Ratna Shri Atal Bihari Vajpayee Ekana Cricket Stadium, Lucknow",AK Chaudhary,A Nand Kishore
1359538,2023,Dharamsala,2023-05-17,Delhi Capitals,Punjab Kings,Punjab Kings,field,normal,0,Delhi Capitals,15,0,RR Rossouw,"Himachal Pradesh Cricket Association Stadium, Dharamsala",KN Ananthapadmanabhan,MV Saidharshan Kumar
1359539,2023,Hyderabad,2023-05-18,Sunrisers Hyderabad,Royal Challengers Bangalore,Royal Challengers Bangalore,field,normal,0,Royal Challengers Bangalore,0,8,V Kohli,"Rajiv Gandhi International Stadium, Uppal, Hyderabad",BNJ Oxenford,VK Sharma
1359540,2023,Dharamsala,2023-05-19,Punjab Kings,Rajasthan Royals,Rajasthan Royals,field,normal,0,Rajasthan Royals,0,4,D Padikkal,"Himachal Pradesh Cricket Association Stadium, Dharamsala",A Nand Kishore,RJ Tucker
1359541,2023,Delhi,2023-05-20,Chennai Super Kings,Delhi Capitals,Chennai Super Kings,bat,normal,0,Chennai Super Kings,77,0,RD Gaikwad,"Arun Jaitley Stadium, Delhi",CB Gaffaney,NA Patwardhan
1359542,2023,Kolkata,2023-05-20,Lucknow Super Giants,Kolkata Knight Riders,Kolkata Knight Riders,field,normal,0,Lucknow Super Giants,1,0,N Pooran,"Eden Gardens, Kolkata",J Madanagopal,UV Gandhe
1359543,2023,Mumbai,2023-05-21,Sunrisers Hyderabad,Mumbai Indians,Mumbai Indians,field,normal,0,Mumbai Indians,0,8,C Green,"Wankhede Stadium, Mumbai",KN Ananthapadmanabhan,RJ Tucker
1359544,2023,Bengaluru,2023-05-21,Royal Challengers Bangalore,Gujarat Titans,Gujarat Titans,field,normal,0,Gujarat Titans,0,6,Shubman Gill,"M Chinnaswamy Stadium, Bengaluru",Nitin Menon,VK Sharma
1370350,2023,Chennai,2023-05-23,Chennai Super Kings,Gujarat Titans,Gujarat Titans,field,normal,0,Chennai Super Kings,15,0,RD Gaikwad,"MA Chidambaram Stadium, Chepauk, Chennai",AK Chaudhary,CB Gaffaney
1370351,2023,Chennai,2023-05-24,Mumbai Indians,Lucknow Super Giants,Mumbai Indians,bat,normal,0,Mumbai Indians,81,0,Akash Madhwal,"MA Chidambaram Stadium, Chepauk, Chennai",BNJ Oxenford,VK Sharma
1370352,2023,Ahmedabad,2023-05-26,Gujarat Titans,Mumbai Indians,Mumbai Indians,field,normal,0,Gujarat Titans,62,0,Shubman Gill,"Narendra Modi Stadium, Ahmedabad",Nitin Menon,RJ Tucker
1370353,2023,Ahmedabad,2023-05-29,Gujarat Titans,Chennai Super Kings,Chennai Super Kings,field,normal,1,Chennai Super Kings,0,5,DP Conway,"Narendra Modi Stadium, Ahmedabad",Nitin Menon,RJ Tucker
1422119,2024,Chennai,2024-03-22,Royal Challengers Bengaluru,Chennai Super Kings,Royal Challengers Bengaluru,bat,normal,0,Chennai Super Kings,0,6,Mustafizur Rahman,"MA Chidambaram Stadium, Chepauk, Chennai",HAS Khalid,VK Sharma
1422120,2024,Mohali,2024-03-23,Delhi Capitals,Punjab Kings,Punjab Kings,field,normal,0,Punjab Kings,0,4,SM Curran,"Maharaja Yadavindra Singh International Cricket Stadium, Mullanpur",J Madanagopal,NA Patwardhan
1422121,2024,Kolkata,2024-03-23,Kolkata Knight Riders,Sunrisers Hyderabad,Sunrisers Hyderabad,field,normal,0,Kolkata Knight Riders,4,0,AD Russell,"Eden Gardens, Kolkata",R Pandit,YC Barde
1422122,2024,Jaipur,2024-03-24,Rajasthan Royals,Lucknow Super Giants,Rajasthan Royals,bat,normal,0,Rajasthan Royals,20,0,SV Samson,"Sawai Mansingh Stadium, Jaipur",A Totre,HDPK Dharmasena
1422123,2024,Ahmedabad,2024-03-24,Gujarat Titans,Mumbai Indians,Mumbai Indians,field,normal,0,Gujarat Titans,6,0,B Sai Sudharsan,"Narendra Modi Stadium, Ahmedabad",VA Kulkarni,VK Sharma
1422124,2024,Bengaluru,2024-03-25,Punjab Kings,Royal Challengers Bengaluru,Royal Challengers Bengaluru,field,normal,0,Royal Challengers Bengaluru,0,4,V Kohli,"M Chinnaswamy Stadium, Bengaluru",AK Chaudhary,MV Saidharshan Kumar
1422125,2024,Chennai,2024-03-26,Chennai Super Kings,Gujarat Titans,Gujarat Titans,field,normal,0,Chennai Super Kings,63,0,S Dube,"MA Chidambaram Stadium, Chepauk, Chennai",AG Wharf,Tapan Sharma
1422126,2024,Hyderabad,2024-03-27,Sunrisers Hyderabad,Mumbai Indians,Mumbai Indians,field,normal,0,Sunrisers Hyderabad,31,0,Abhishek Sharma,"Rajiv Gandhi International Stadium, Uppal, Hyderabad",KN Ananthapadmanabhan,UV Gandhe
1422127,2024,Jaipur,2024-03-28,Rajasthan Royals,Delhi Capitals,Delhi Capitals,field,normal,0,Rajasthan Royals,12,0,R Parag,"Sawai Mansingh Stadium, Jaipur",A Nand Kishore,Nitin Menon
1422128,2024,Bengaluru,2024-03-29,Royal Challengers Bengaluru,Kolkata Knight Riders,Kolkata Knight Riders,field,normal,0,Kolkata Knight Riders,0,7,SP Narine,"M Chinnaswamy Stadium, Bengaluru",AK Chaudhary,R Pandit
1422129,2024,Lucknow,2024-03-30,Lucknow Super Giants,Punjab Kings,Lucknow Super Giants,bat,normal,0,Lucknow Super Giants,21,0,MP Yadav,"Bharat Ratna Shri Atal Bihari Vajpayee Ekana Cricket Stadium, Lucknow",J Madanagopal,Navdeep Singh
1422130,2024,Ahmedabad,2024-03-31,Sunrisers Hyderabad,Gujarat Titans,Sunrisers Hyderabad,bat,normal,0,Gujarat Titans,0,7,MM Sharma,"Narendra Modi Stadium, Ahmedabad",HAS Khalid,VK Sharma
1422131,2024,Visakhapatnam,2024-03-31,Delhi Capitals,Chennai Super Kings,Delhi Capitals,bat,normal,0,Delhi Capitals,20,0,KK Ahmed,"Dr. Y.S. Rajasekhara Reddy ACA-VDCA Cricket Stadium, Visakhapatnam",HDPK Dharmasena,Vinod Seshan
1422132,2024,Mumbai,2024-04-01,Mumbai Indians,Rajasthan Royals,Rajasthan Royals,field,normal,0,Rajasthan Royals,0,6,TA Boult,"Wankhede Stadium, Mumbai",MV Saidharshan Kumar,YC Barde
1422133,2024,Bengaluru,2024-04-02,Lucknow Super Giants,Royal Challengers Bengaluru,Royal Challengers Bengaluru,field,normal,0,Lucknow Super Giants,28,0,MP Yadav,"M Chinnaswamy Stadium, Bengaluru",J Madanagopal,NA Patwardhan
1422134,2024,Visakhapatnam,2024-04-03,Kolkata Knight Riders,Delhi Capitals,Kolkata Knight Riders,bat,normal,0,Kolkata Knight Riders,106,0,SP Narine,"Dr. Y.S. Rajasekhara Reddy ACA-VDCA Cricket Stadium, Visakhapatnam",A Totre,UV Gandhe
1422135,2024,Ahmedabad,2024-04-04,Gujarat Titans,Punjab Kings,Punjab Kings,field,normal,0,Punjab Kings,0,3,Shashank Singh,"Narendra Modi Stadium, Ahmedabad",Nitin Menon,VA Kulkarni
1422136,2024,Hyderabad,2024-04-05,Chennai Super Kings,Sunrisers Hyderabad,Sunrisers Hyderabad,field,normal,0,Sunrisers Hyderabad,0,6,Abhishek Sharma,"Rajiv Gandhi International Stadium, Uppal, Hyderabad",R Pandit,YC Barde
1422137,2024,Jaipur,2024-04-06,Royal Challengers Bengaluru,Rajasthan Royals,Rajasthan Royals,field,normal,0,Rajasthan Royals,0,6,JC Buttler,"Sawai Mansingh Stadium, Jaipur",AG Wharf,Tapan Sharma
1422138,2024,Mumbai,2024-04-07,Mumbai Indians,Delhi Capitals,Delhi Capitals,field,normal,0,Mumbai Indians,29,0,R Shepherd,"Wankhede Stadium, Mumbai",HDPK Dharmasena,UV Gandhe
1422139,2024,Lucknow,2024-04-07,Lucknow Super Giants,Gujarat Titans,Lucknow Super Giants,bat,normal,0,Lucknow Super Giants,33,0,Yash Thakur,"Bharat Ratna Shri Atal Bihari Vajpayee Ekana Cricket Stadium, Lucknow",A Nand Kishore,VK Sharma
1426260,2024,Chennai,2024-04-08,Kolkata Knight Riders,Chennai Super Kings,Chennai Super Kings,field,normal,0,Chennai Super Kings,0,7,RA Jadeja,"MA Chidambaram Stadium, Chepauk, Chennai",AK Chaudhary,MV Saidharshan Kumar
1426261,2024,Mohali,2024-04-09,Sunrisers Hyderabad,Punjab Kings,Punjab Kings,field,normal,0,Sunrisers Hyderabad,2,0,Nithish Kumar Reddy,"Maharaja Yadavindra Singh International Cricket Stadium, Mullanpur",Navdeep Singh,NA Patwardhan
1426262,2024,Jaipur,2024-04-10,Rajasthan Royals,Gujarat Titans,Gujarat Titans,field,normal,0,Gujarat Titans,0,3,Rashid Khan,"Sawai Mansingh Stadium, Jaipur",HDPK Dharmasena,Vinod Seshan
1426263,2024,Mumbai,2024-04-11,Royal Challengers Bengaluru,Mumbai Indians,Mumbai Indians,field,normal,0,Mumbai Indians,0,7,JJ Bumrah,"Wankhede Stadium, Mumbai",Nitin Menon,VA Kulkarni
1426264,2024,Lucknow,2024-04-12,Lucknow Super Giants,Delhi Capitals,Lucknow Super Giants,bat,normal,0,Delhi Capitals,0,6,Kuldeep Yadav,"Bharat Ratna Shri Atal Bihari Vajpayee Ekana Cricket Stadium, Lucknow",R Pandit,YC Barde
1426265,2024,Mohali,2024-04-13,Punjab Kings,Rajasthan Royals,Rajasthan Royals,field,normal,0,Rajasthan Royals,0,3,SO Hetmyer,"Maharaja Yadavindra Singh International Cricket Stadium, Mullanpur",AK Chaudhary,Tapan Sharma
1426266,2024,Kolkata,2024-04-14,Lucknow Super Giants,Kolkata Knight Riders,Kolkata Knight Riders,field,normal,0,Kolkata Knight Riders,0,8,PD Salt,"Eden Gardens, Kolkata",A Totre,Vinod Seshan
1426267,2024,Mumbai,2024-04-14,Chennai Super Kings,Mumbai Indians,Mumbai Indians,field,normal,0,Chennai Super Kings,20,0,M Pathirana,"Wankhede Stadium, Mumbai",Nitin Menon,HAS Khalid
1426268,2024,Bengaluru,2024-04-15,Sunrisers Hyderabad,Royal Challengers Bengaluru,Royal Challengers Bengaluru,field,normal,0,Sunrisers Hyderabad,25,0,TM Head,"M Chinnaswamy Stadium, Bengaluru",AK Chaudhary,R Pandit
1426269,2024,Kolkata,2024-04-16,Kolkata Knight Riders,Rajasthan Royals,Rajasthan Royals,field,normal,0,Rajasthan Royals,0,2,JC Buttler,"Eden Gardens, Kolkata",MA Gough,UV Gandhe
1426270,2024,Ahmedabad,2024-04-17,Gujarat Titans,Delhi Capitals,Delhi Capitals,field,normal,0,Delhi Capitals,0,6,RR Pant,"Narendra Modi Stadium, Ahmedabad",NA Patwardhan,VK Sharma
1426271,2024,Mohali,2024-04-18,Mumbai Indians,Punjab Kings,Punjab Kings,field,normal,0,Mumbai Indians,9,0,JJ Bumrah,"Maharaja Yadavindra Singh International Cricket Stadium, Mullanpur",A Nand Kishore,VA Kulkarni
1426272,2024,Lucknow,2024-04-19,Chennai Super Kings,Lucknow Super Giants,Lucknow Super Giants,field,normal,0,Lucknow Super Giants,0,8,KL Rahul,"Bharat Ratna Shri Atal Bihari Vajpayee Ekana Cricket Stadium, Lucknow",AK Chaudhary,R Pandit
1426273,2024,Delhi,2024-04-20,Sunrisers Hyderabad,Delhi Capitals,Delhi Capitals,field,normal,0,Sunrisers Hyderabad,67,0,TM Head,"Arun Jaitley Stadium, Delhi",J Madanagopal,Navdeep Singh
1426274,2024,Kolkata,2024-04-21,Kolkata Knight Riders,Royal Challengers Bengaluru,Royal Challengers Bengaluru,field,normal,0,Kolkata Knight Riders,1,0,AD Russell,"Eden Gardens, Kolkata",A Totre,Vinod Seshan
1426275,2024,Mohali,2024-04-21,Punjab Kings,Gujarat Titans,Punjab Kings,bat,normal,0,Gujarat Titans,0,3,R Sai Kishore,"Maharaja Yadavindra Singh International Cricket Stadium, Mullanpur",A Nand Kishore,VA Kulkarni
1426276,2024,Jaipur,2024-04-22,Mumbai Indians,Rajasthan Royals,Mumbai Indians,bat,normal,0,Rajasthan Royals,0,9,Sandeep Sharma,"Sawai Mansingh Stadium, Jaipur",AK Chaudhary,MV Saidharshan Kumar
1426277,2024,Chennai,2024-04-23,Chennai Super Kings,Lucknow Super Giants,Lucknow Super Giants,field,normal,0,Lucknow Super Giants,0,6,MP Stoinis,"MA Chidambaram Stadium, Chepauk, Chennai",NA Patwardhan,Tapan Sharma
1426278,2024,Delhi,2024-04-24,Delhi Capitals,Gujarat Titans,Gujarat Titans,field,normal,0,Delhi Capitals,4,0,RR Pant,"Arun Jaitley Stadium, Delhi",KN Ananthapadmanabhan,UV Gandhe
1426279,2024,Hyderabad,2024-04-25,Royal Challengers Bengaluru,Sunrisers Hyderabad,Royal Challengers Bengaluru,bat,normal,0,Royal Challengers Bengaluru,35,0,RM Patidar,"Rajiv Gandhi International Stadium, Uppal, Hyderabad",Nitin Menon,HAS Khalid
1426280,2024,Kolkata,2024-04-26,Kolkata Knight Riders,Punjab Kings,Punjab Kings,field,normal,0,Punjab Kings,0,8,JM Bairstow,"Eden Gardens, Kolkata",AK Chaudhary,YC Barde
1426281,2024,Delhi,2024-04-27,Delhi Capitals,Mumbai Indians,Mumbai Indians,field,normal,0,Delhi Capitals,10,0,J Fraser-McGurk,"Arun Jaitley Stadium, Delhi",Navdeep Singh,NA Patwardhan
1426282,2024,Lucknow,2024-04-27,Lucknow Super Giants,Rajasthan Royals,Rajasthan Royals,field,normal,0,Rajasthan Royals,0,7,SV Samson,"Bharat Ratna Shri Atal Bihari Vajpayee Ekana Cricket Stadium, Lucknow",KN Ananthapadmanabhan,MA Gough
1426283,2024,Ahmedabad,2024-04-28,Gujarat Titans,Royal Challengers Bengaluru,Royal Challengers Bengaluru,field,normal,0,Royal Challengers Bengaluru,0,9,WG Jacks,"Narendra Modi Stadium, Ahmedabad",Nitin Menon,VK Sharma
1426284,2024,Chennai,2024-04-28,Chennai Super Kings,Sunrisers Hyderabad,Sunrisers Hyderabad,field,normal,0,Chennai Super Kings,78,0,RD Gaikwad,"MA Chidambaram Stadium, Chepauk, Chennai",R Pandit,MV Saidharshan Kumar
1426285,2024,Kolkata,2024-04-29,Delhi Capitals,Kolkata Knight Riders,Delhi Capitals,bat,normal,0,Kolkata Knight Riders,0,7,CV Varun,"Eden Gardens, Kolkata",Navdeep Singh,Tapan Sharma
1426286,2024,Lucknow,2024-04-30,Mumbai Indians,Lucknow Super Giants,Lucknow Super Giants,field,normal,0,Lucknow Super Giants,0,4,MP Stoinis,"Bharat Ratna Shri Atal Bihari Vajpayee Ekana Cricket Stadium, Lucknow",MA Gough,UV Gandhe
1426287,2024,Chennai,2024-05-01,Chennai Super Kings,Punjab Kings,Punjab Kings,field,normal,0,Punjab Kings,0,7,Harpreet Brar,"MA Chidambaram Stadium, Chepauk, Chennai",HAS Khalid,VK Sharma
1426288,2024,Hyderabad,2024-05-02,Sunrisers Hyderabad,Rajasthan Royals,Sunrisers Hyderabad,bat,normal,0,Sunrisers Hyderabad,1,0,B Kumar,"Rajiv Gandhi International Stadium, Uppal, Hyderabad",AK Chaudhary,YC Barde
1426289,2024,Mumbai,2024-05-03,Kolkata Knight Riders,Mumbai Indians,Mumbai Indians,field,normal,0,Kolkata Knight Riders,24,0,VR Iyer,"Wankhede Stadium, Mumbai",J Madanagopal,Tapan Sharma
1426290,2024,Bengaluru,2024-05-04,Gujarat Titans,Royal Challengers Bengaluru,Royal Challengers Bengaluru,field,normal,0,Royal Challengers Bengaluru,0,4,Mohammed Siraj,"M Chinnaswamy Stadium, Bengaluru",A Totre,Vinod Seshan
1426291,2024,Dharamsala,2024-05-05,Chennai Super Kings,Punjab Kings,Punjab Kings,field,normal,0,Chennai Super Kings,28,0,RA Jadeja,"Himachal Pradesh Cricket Association Stadium, Dharamsala",A Nand Kishore,VA Kulkarni
1426292,2024,Lucknow,2024-05-05,Kolkata Knight Riders,Lucknow Super Giants,Lucknow Super Giants,field,normal,0,Kolkata Knight Riders,98,0,SP Narine,"Bharat Ratna Shri Atal Bihari Vajpayee Ekana Cricket Stadium, Lucknow",MV Saidharshan Kumar,YC Barde
1426293,2024,Mumbai,2024-05-06,Sunrisers Hyderabad,Mumbai Indians,Mumbai Indians,field,normal,0,Mumbai Indians,0,7,SA Yadav,"Wankhede Stadium, Mumbai",Navdeep Singh,Tapan Sharma
1426294,2024,Delhi,2024-05-07,Delhi Capitals,Rajasthan Royals,Rajasthan Royals,field,normal,0,Delhi Capitals,20,0,Kuldeep Yadav,"Arun Jaitley Stadium, Delhi",KN Ananthapadmanabhan,UV Gandhe
1426295,2024,Hyderabad,2024-05-08,Lucknow Super Giants,Sunrisers Hyderabad,Lucknow Super Giants,bat,normal,0,Sunrisers Hyderabad,0,10,TM Head,"Rajiv Gandhi International Stadium, Uppal, Hyderabad",MV Saidharshan Kumar,YC Barde
1426296,2024,Dharamsala,2024-05-09,Royal Challengers Bengaluru,Punjab Kings,Punjab Kings,field,normal,0,Royal Challengers Bengaluru,60,0,V Kohli,"Himachal Pradesh Cricket Association Stadium, Dharamsala",Nitin Menon,HAS Khalid
1426297,2024,Ahmedabad,2024-05-10,Gujarat Titans,Chennai Super Kings,Chennai Super Kings,field,normal,0,Gujarat Titans,35,0,Shubman Gill,"Narendra Modi Stadium, Ahmedabad",KN Ananthapadmanabhan,NA Patwardhan
1426298,2024,Kolkata,2024-05-11,Kolkata Knight Riders,Mumbai Indians,Mumbai Indians,field,normal,0,Kolkata Knight Riders,18,0,CV Varun,"Eden Gardens, Kolkata",UV Gandhe,Vinod Seshan
1426299,2024,Chennai,2024-05-12,Rajasthan Royals,Chennai Super Kings,Rajasthan Royals,bat,normal,0,Chennai Super Kings,0,5,Simarjeet Singh,"MA Chidambaram Stadium, Chepauk, Chennai",R Pandit,YC Barde
1426300,2024,Bengaluru,2024-05-12,Royal Challengers Bengaluru,Delhi Capitals,Delhi Capitals,field,normal,0,Royal Challengers Bengaluru,47,0,C Green,"M Chinnaswamy Stadium, Bengaluru",A Nand Kishore,VA Kulkarni
1426302,2024,Delhi,2024-05-14,Delhi Capitals,Lucknow Super Giants,Lucknow Super Giants,field,normal,0,Delhi Capitals,19,0,I Sharma,"Arun Jaitley Stadium, Delhi",A Totre,Vinod Seshan
1426303,2024,Guwahati,2024-05-15,Rajasthan Royals,Punjab Kings,Rajasthan Royals,bat,normal,0,Punjab Kings,0,5,SM Curran,"Barsapara Cricket Stadium, Guwahati",R Pandit,MV Saidharshan Kumar
1426305,2024,Mumbai,2024-05-17,Lucknow Super Giants,Mumbai Indians,Mumbai Indians,field,normal,0,Lucknow Super Giants,18,0,N Pooran,"Wankhede Stadium, Mumbai",Navdeep Singh,R Pandit
1426306,2024,Bengaluru,2024-05-18,Royal Challengers Bengaluru,Chennai Super Kings,Chennai Super Kings,field,normal,0,Royal Challengers Bengaluru,27,0,F du Plessis,"M Chinnaswamy Stadium, Bengaluru",A Totre,KN Ananthapadmanabhan
1426307,2024,Hyderabad,2024-05-19,Punjab Kings,Sunrisers Hyderabad,Punjab Kings,bat,normal,0,Sunrisers Hyderabad,0,4,Abhishek Sharma,"Rajiv Gandhi International Stadium, Uppal, Hyderabad",Nitin Menon,VK Sharma
1426309,2024,Ahmedabad,2024-05-21,Sunrisers Hyderabad,Kolkata Knight Riders,Sunrisers Hyderabad,bat,normal,0,Kolkata Knight Riders,0,8,MA Starc,"Narendra Modi Stadium, Ahmedabad",AK Chaudhary,R Pandit
1426310,2024,Ahmedabad,2024-05-22,Royal Challengers Bengaluru,Rajasthan Royals,Rajasthan Royals,field,normal,0,Rajasthan Royals,0,4,R Ashwin,"Narendra Modi Stadium, Ahmedabad",KN Ananthapadmanabhan,MV Saidharshan Kumar
1426311,2024,Chennai,2024-05-24,Sunrisers Hyderabad,Rajasthan Royals,Rajasthan Royals,field,normal,0,Sunrisers Hyderabad,36,0,Shahbaz Ahmed,"MA Chidambaram Stadium, Chepauk, Chennai",Nitin Menon,VK Sharma
1426312,2024,Chennai,2024-05-26,Sunrisers Hyderabad,Kolkata Knight Riders,Sunrisers Hyderabad,bat,normal,0,Kolkata Knight Riders,0,8,MA Starc,"MA Chidambaram Stadium, Chepauk, Chennai",J Madanagopal,Nitin Menon
1473438,2025,Kolkata,2025-03-22,Kolkata Knight Riders,Royal Challengers Bengaluru,Royal Challengers Bengaluru,field,normal,0,Royal Challengers Bengaluru,0,7,KH Pandya,"Eden Gardens, Kolkata",A Bengeri,Vinod Seshan
1473439,2025,Hyderabad,2025-03-23,Sunrisers Hyderabad,Rajasthan Royals,Rajasthan Royals,field,normal,0,Sunrisers Hyderabad,44,0,Ishan Kishan,"Rajiv Gandhi International Stadium, Uppal, Hyderabad",AT Holdstock,A Totre
1473440,2025,Chennai,2025-03-23,Mumbai Indians,Chennai Super Kings,Chennai Super Kings,field,normal,0,Chennai Super Kings,0,4,Noor Ahmad,"MA Chidambaram Stadium, Chepauk, Chennai",KN Ananthapadmanabhan,HAS Khalid
1473441,2025,Visakhapatnam,2025-03-24,Lucknow Super Giants,Delhi Capitals,Delhi Capitals,field,normal,0,Delhi Capitals,0,1,Ashutosh Sharma,"Dr. Y.S. Rajasekhara Reddy ACA-VDCA Cricket Stadium, Visakhapatnam",Abhijit Bhattacharya,UV Gandhe
1473442,2025,Ahmedabad,2025-03-25,Punjab Kings,Gujarat Titans,Gujarat Titans,field,normal,0,Punjab Kings,11,0,SS Iyer,"Narendra Modi Stadium, Ahmedabad",A Bengeri,Vinod Seshan
1473443,2025,Guwahati,2025-03-26,Rajasthan Royals,Kolkata Knight Riders,Kolkata Knight Riders,field,normal,0,Kolkata Knight Riders,0,8,Q de Kock,"Barsapara Cricket Stadium, Guwahati",A Totre,R Pandit
1473444,2025,Hyderabad,2025-03-27,Sunrisers Hyderabad,Lucknow Super Giants,Lucknow Super Giants,field,normal,0,Lucknow Super Giants,0,5,SN Thakur,"Rajiv Gandhi International Stadium, Uppal, Hyderabad",Abhijit Bhattacharya,UV Gandhe
1473445,2025,Chennai,2025-03-28,Royal Challengers Bengaluru,Chennai Super Kings,Chennai Super Kings,field,normal,0,Royal Challengers Bengaluru,50,0,RM Patidar,"MA Chidambaram Stadium, Chepauk, Chennai",Nitin Menon,HAS Khalid
1473446,2025,Ahmedabad,2025-03-29,Gujarat Titans,Mumbai Indians,Mumbai Indians,field,normal,0,Gujarat Titans,36,0,M Prasidh Krishna,"Narendra Modi Stadium, Ahmedabad",A Bengeri,Vinod Seshan
1473447,2025,Visakhapatnam,2025-03-30,Sunrisers Hyderabad,Delhi Capitals,Sunrisers Hyderabad,bat,normal,0,Delhi Capitals,0,7,MA Starc,"Dr. Y.S. Rajasekhara Reddy ACA-VDCA Cricket Stadium, Visakhapatnam",Abhijit Bhattacharya,UV Gandhe
1473448,2025,Guwahati,2025-03-30,Rajasthan Royals,Chennai Super Kings,Chennai Super Kings,field,normal,0,Rajasthan Royals,6,0,N Rana,"Barsapara Cricket Stadium, Guwahati",AT Holdstock,A Totre
1473449,2025,Mumbai,2025-03-31,Kolkata Knight Riders,Mumbai Indians,Mumbai Indians,field,normal,0,Mumbai Indians,0,8,Ashwani Kumar,"Wankhede Stadium, Mumbai",MV Saidharshan Kumar,HAS Khalid
1473450,2025,Lucknow,2025-04-01,Lucknow Super Giants,Punjab Kings,Punjab Kings,field,normal,0,Punjab Kings,0,8,P Simran Singh,"Bharat Ratna Shri Atal Bihari Vajpayee Ekana Cricket Stadium, Lucknow",A Bengeri,Vinod Seshan
1473451,2025,Bengaluru,2025-04-02,Royal Challengers Bengaluru,Gujarat Titans,Gujarat Titans,field,normal,0,Gujarat Titans,0,8,Mohammed Siraj,"M Chinnaswamy Stadium, Bengaluru",Abhijit Bhattacharya,UV Gandhe
1473452,2025,Kolkata,2025-04-03,Kolkata Knight Riders,Sunrisers Hyderabad,Sunrisers Hyderabad,field,normal,0,Kolkata Knight Riders,80,0,VG Arora,"Eden Gardens, Kolkata",AT Holdstock,A Totre
1473453,2025,Lucknow,2025-04-04,Lucknow Super Giants,Mumbai Indians,Mumbai Indians,field,normal,0,Lucknow Super Giants,12,0,DS Rathi,"Bharat Ratna Shri Atal Bihari Vajpayee Ekana Cricket Stadium, Lucknow",Nitin Menon,MV Saidharshan Kumar
1473454,2025,Chennai,2025-04-05,Delhi Capitals,Chennai Super Kings,Delhi Capitals,bat,normal,0,Delhi Capitals,25,0,KL Rahul,"MA Chidambaram Stadium, Chepauk, Chennai",A Bengeri,P Joshi
1473455,2025,Mohali,2025-04-05,Rajasthan Royals,Punjab Kings,Punjab Kings,field,normal,0,Rajasthan Royals,50,0,JC Archer,"Maharaja Yadavindra Singh International Cricket Stadium, Mullanpur",K Swaroopanand,UV Gandhe
1473457,2025,Hyderabad,2025-04-06,Sunrisers Hyderabad,Gujarat Titans,Gujarat Titans,field,normal,0,Gujarat Titans,0,7,Mohammed Siraj,"Rajiv Gandhi International Stadium, Uppal, Hyderabad",KN Ananthapadmanabhan,MV Saidharshan Kumar
1473458,2025,Mumbai,2025-04-07,Royal Challengers Bengaluru,Mumbai Indians,Mumbai Indians,field,normal,0,Royal Challengers Bengaluru,12,0,RM Patidar,"Wankhede Stadium, Mumbai",P Joshi,Vinod Seshan
1473456,2025,Kolkata,2025-04-08,Lucknow Super Giants,Kolkata Knight Riders,Kolkata Knight Riders,field,normal,0,Lucknow Super Giants,4,0,N Pooran,"Eden Gardens, Kolkata",AT Holdstock,A Totre
1473459,2025,Mohali,2025-04-08,Punjab Kings,Chennai Super Kings,Punjab Kings,bat,normal,0,Punjab Kings,18,0,Priyansh Arya,"Maharaja Yadavindra Singh International Cricket Stadium, Mullanpur",Abhijit Bhattacharya,UV Gandhe
1473460,2025,Ahmedabad,2025-04-09,Gujarat Titans,Rajasthan Royals,Rajasthan Royals,field,normal,0,Gujarat Titans,58,0,B Sai Sudharsan,"Narendra Modi Stadium, Ahmedabad",A Totre,R Pandit
1473461,2025,Bengaluru,2025-04-10,Royal Challengers Bengaluru,Delhi Capitals,Delhi Capitals,field,normal,0,Delhi Capitals,0,6,KL Rahul,"M Chinnaswamy Stadium, Bengaluru",KN Ananthapadmanabhan,MV Saidharshan Kumar
1473462,2025,Chennai,2025-04-11,Chennai Super Kings,Kolkata Knight Riders,Kolkata Knight Riders,field,normal,0,Kolkata Knight Riders,0,8,SP Narine,"MA Chidambaram Stadium, Chepauk, Chennai",CB Gaffaney,P Joshi
1473463,2025,Lucknow,2025-04-12,Gujarat Titans,Lucknow Super Giants,Lucknow Super Giants,field,normal,0,Lucknow Super Giants,0,6,AK Markram,"Bharat Ratna Shri Atal Bihari Vajpayee Ekana Cricket Stadium, Lucknow",K Swaroopanand,UV Gandhe
1473464,2025,Hyderabad,2025-04-12,Punjab Kings,Sunrisers Hyderabad,Punjab Kings,bat,normal,0,Sunrisers Hyderabad,0,8,Abhishek Sharma,"Rajiv Gandhi International Stadium, Uppal, Hyderabad",A Totre,K Kelkar
1473465,2025,Jaipur,2025-04-13,Rajasthan Royals,Royal Challengers Bengaluru,Royal Challengers Bengaluru,field,normal,0,Royal Challengers Bengaluru,0,9,PD Salt,"Sawai Mansingh Stadium, Jaipur",Nitin Menon,MV Saidharshan Kumar
1473466,2025,Delhi,2025-04-13,Mumbai Indians,Delhi Capitals,Delhi Capitals,field,normal,0,Mumbai Indians,12,0,KV Sharma,"Arun Jaitley Stadium, Delhi",CB Gaffaney,Vinod Seshan
1473467,2025,Lucknow,2025-04-14,Lucknow Super Giants,Chennai Super Kings,Chennai Super Kings,field,normal,0,Chennai Super Kings,0,5,MS Dhoni,"Bharat Ratna Shri Atal Bihari Vajpayee Ekana Cricket Stadium, Lucknow",UV Gandhe,VK Sharma
1473468,2025,Mohali,2025-04-15,Punjab Kings,Kolkata Knight Riders,Punjab Kings,bat,normal,0,Punjab Kings,16,0,YS Chahal,"Maharaja Yadavindra Singh International Cricket Stadium, Mullanpur",M Krishnadas,MV Saidharshan Kumar
1473469,2025,Delhi,2025-04-16,Delhi Capitals,Rajasthan Royals,Rajasthan Royals,field,tie,0,Delhi Capitals,0,0,MA Starc,"Arun Jaitley Stadium, Delhi",A Totre,K Kelkar
1473470,2025,Mumbai,2025-04-17,Sunrisers Hyderabad,Mumbai Indians,Mumbai Indians,field,normal,0,Mumbai Indians,0,4,WG Jacks,"Wankhede Stadium, Mumbai",J Madanagopal,Vinod Seshan
1473471,2025,Bengaluru,2025-04-18,Royal Challengers Bengaluru,Punjab Kings,Punjab Kings,field,normal,0,Punjab Kings,0,5,TH David,"M Chinnaswamy Stadium, Bengaluru",UV Gandhe,VK Sharma
1473472,2025,Ahmedabad,2025-04-19,Delhi Capitals,Gujarat Titans,Gujarat Titans,field,normal,0,Gujarat Titans,0,7,JC Buttler,"Narendra Modi Stadium, Ahmedabad",A Totre,K Kelkar
1473473,2025,Jaipur,2025-04-19,Lucknow Super Giants,Rajasthan Royals,Lucknow Super Giants,bat,normal,0,Lucknow Super Giants,2,0,Avesh Khan,"Sawai Mansingh Stadium, Jaipur",J Madanagopal,Vinod Seshan
1473474,2025,Mohali,2025-04-20,Punjab Kings,Royal Challengers Bengaluru,Royal Challengers Bengaluru,field,normal,0,Royal Challengers Bengaluru,0,7,V Kohli,"Maharaja Yadavindra Singh International Cricket Stadium, Mullanpur",KM Gandhi,MV Saidharshan Kumar
1473475,2025,Mumbai,2025-04-20,Chennai Super Kings,Mumbai Indians,Mumbai Indians,field,normal,0,Mumbai Indians,0,9,RG Sharma,"Wankhede Stadium, Mumbai",Abhijit Bhattacharya,VK Sharma
1473476,2025,Kolkata,2025-04-21,Gujarat Titans,Kolkata Knight Riders,Kolkata Knight Riders,field,normal,0,Gujarat Titans,39,0,Shubman Gill,"Eden Gardens, Kolkata",Anish Sahasrabudhe,R Pandit
1473477,2025,Lucknow,2025-04-22,Lucknow Super Giants,Delhi Capitals,Delhi Capitals,field,normal,0,Delhi Capitals,0,8,Mukesh Kumar,"Bharat Ratna Shri Atal Bihari Vajpayee Ekana Cricket Stadium, Lucknow",KM Gandhi,MV Saidharshan Kumar
1473478,2025,Hyderabad,2025-04-23,Sunrisers Hyderabad,Mumbai Indians,Mumbai Indians,field,normal,0,Mumbai Indians,0,7,TA Boult,"Rajiv Gandhi International Stadium, Uppal, Hyderabad",J Madanagopal,Vinod Seshan
1473479,2025,Bengaluru,2025-04-24,Royal Challengers Bengaluru,Rajasthan Royals,Rajasthan Royals,field,normal,0,Royal Challengers Bengaluru,11,0,JR Hazlewood,"M Chinnaswamy Stadium, Bengaluru",MA Gough,UV Gandhe
1473480,2025,Chennai,2025-04-25,Chennai Super Kings,Sunrisers Hyderabad,Sunrisers Hyderabad,field,normal,0,Sunrisers Hyderabad,0,5,HV Patel,"MA Chidambaram Stadium, Chepauk, Chennai",M Krishnadas,Nitin Menon
1473481,2025,Kolkata,2025-04-26,Punjab Kings,Kolkata Knight Riders,Punjab Kings,bat,no result,0,,0,0,,"Eden Gardens, Kolkata",AT Holdstock,Anish Sahasrabudhe
1473482,2025,Mumbai,2025-04-27,Mumbai Indians,Lucknow Super Giants,Lucknow Super Giants,field,normal,0,Mumbai Indians,54,0,WG Jacks,"Wankhede Stadium, Mumbai",CB Gaffaney,J Madanagopal
1473483,2025,Delhi,2025-04-27,Delhi Capitals,Royal Challengers Bengaluru,Royal Challengers Bengaluru,field,normal,0,Royal Challengers Bengaluru,0,6,KH Pandya,"Arun Jaitley Stadium, Delhi",M Krishnadas,Nitin Menon
1473484,2025,Jaipur,2025-04-28,Gujarat Titans,Rajasthan Royals,Rajasthan Royals,field,normal,0,Rajasthan Royals,0,8,V Suryavanshi,"Sawai Mansingh Stadium, Jaipur",MA Gough,VK Sharma
1473485,2025,Delhi,2025-04-29,Kolkata Knight Riders,Delhi Capitals,Delhi Capitals,field,normal,0,Kolkata Knight Riders,14,0,SP Narine,"Arun Jaitley Stadium, Delhi",M Krishnadas,MV Saidharshan Kumar
1473486,2025,Chennai,2025-04-30,Chennai Super Kings,Punjab Kings,Punjab Kings,field,normal,0,Punjab Kings,0,4,SS Iyer,"MA Chidambaram Stadium, Chepauk, Chennai",A Totre,Anish Sahasrabudhe
1473487,2025,Jaipur,2025-05-01,Mumbai Indians,Rajasthan Royals,Rajasthan Royals,field,normal,0,Mumbai Indians,100,0,RD Rickelton,"Sawai Mansingh Stadium, Jaipur",P Joshi,Vinod Seshan
1473488,2025,Ahmedabad,2025-05-02,Gujarat Titans,Sunrisers Hyderabad,Sunrisers Hyderabad,field,normal,0,Gujarat Titans,38,0,M Prasidh Krishna,"Narendra Modi Stadium, Ahmedabad",K Swaroopanand,VK Sharma
1473489,2025,Bengaluru,2025-05-03,Royal Challengers Bengaluru,Chennai Super Kings,Chennai Super Kings,field,normal,0,Royal Challengers Bengaluru,2,0,R Shepherd,"M Chinnaswamy Stadium, Bengaluru",M Krishnadas,Nitin Menon
1473490,2025,Kolkata,2025-05-04,Kolkata Knight Riders,Rajasthan Royals,Kolkata Knight Riders,bat,normal,0,Kolkata Knight Riders,1,0,AD Russell,"Eden Gardens, Kolkata",Anish Sahasrabudhe,R Pandit
1473491,2025,Dharamsala,2025-05-04,Punjab Kings,Lucknow Super Giants,Lucknow Super Giants,field,normal,0,Punjab Kings,37,0,P Simran Singh,"Himachal Pradesh Cricket Association Stadium, Dharamsala",J Madanagopal,P Joshi
1473492,2025,Hyderabad,2025-05-05,Delhi Capitals,Sunrisers Hyderabad,Sunrisers Hyderabad,field,no result,0,,0,0,,"Rajiv Gandhi International Stadium, Uppal, Hyderabad",K Swaroopanand,VK Sharma
1473493,2025,Mumbai,2025-05-06,Mumbai Indians,Gujarat Titans,Gujarat Titans,field,normal,1,Gujarat Titans,0,3,Shubman Gill,"Wankhede Stadium, Mumbai",KM Gandhi,MV Saidharshan Kumar
1473494,2025,Kolkata,2025-05-07,Kolkata Knight Riders,Chennai Super Kings,Kolkata Knight Riders,bat,normal,0,Chennai Super Kings,0,2,Noor Ahmad,"Eden Gardens, Kolkata",AT Holdstock,Anish Sahasrabudhe
1473495,2025,Dharamsala,2025-05-08,Punjab Kings,Delhi Capitals,Punjab Kings,bat,no result,0,,0,0,,"Himachal Pradesh Cricket Association Stadium, Dharamsala",CB Gaffaney,P Joshi
1473497,2025,Jaipur,2025-05-18,Punjab Kings,Rajasthan Royals,Punjab Kings,bat,normal,0,Punjab Kings,10,0,Harpreet Brar,"Sawai Mansingh Stadium, Jaipur",A Bengeri,CB Gaffaney
1473498,2025,Delhi,2025-05-18,Delhi Capitals,Gujarat Titans,Gujarat Titans,field,normal,0,Gujarat Titans,0,10,B Sai Sudharsan,"Arun Jaitley Stadium, Delhi",AT Holdstock,K Kelkar
1473499,2025,Lucknow,2025-05-19,Lucknow Super Giants,Sunrisers Hyderabad,Sunrisers Hyderabad,field,normal,0,Sunrisers Hyderabad,0,6,Abhishek Sharma,"Bharat Ratna Shri Atal Bihari Vajpayee Ekana Cricket Stadium, Lucknow",K Swaroopanand,MA Gough
1473500,2025,Delhi,2025-05-20,Chennai Super Kings,Rajasthan Royals,Rajasthan Royals,field,normal,0,Rajasthan Royals,0,6,Akash Madhwal,"Arun Jaitley Stadium, Delhi",K Kelkar,R Pandit
1473501,2025,Mumbai,2025-05-21,Mumbai Indians,Delhi Capitals,Delhi Capitals,field,normal,0,Mumbai Indians,59,0,SA Yadav,"Wankhede Stadium, Mumbai",A Bengeri,J Madanagopal
1473502,2025,Ahmedabad,2025-05-22,Lucknow Super Giants,Gujarat Titans,Gujarat Titans,field,normal,0,Lucknow Super Giants,33,0,MR Marsh,"Narendra Modi Stadium, Ahmedabad",KN Ananthapadmanabhan,M Krishnadas
1473503,2025,Lucknow,2025-05-23,Sunrisers Hyderabad,Royal Challengers Bengaluru,Royal Challengers Bengaluru,field,normal,0,Sunrisers Hyderabad,42,0,Ishan Kishan,"Bharat Ratna Shri Atal Bihari Vajpayee Ekana Cricket Stadium, Lucknow",K Swaroopanand,MA Gough
1485779,2025,Jaipur,2025-05-24,Punjab Kings,Delhi Capitals,Delhi Capitals,field,normal,0,Delhi Capitals,0,6,Sameer Rizvi,"Sawai Mansingh Stadium, Jaipur",J Madanagopal,P Joshi
1473504,2025,Ahmedabad,2025-05-25,Chennai Super Kings,Gujarat Titans,Chennai Super Kings,bat,normal,0,Chennai Super Kings,83,0,D Brevis,"Narendra Modi Stadium, Ahmedabad",KM Gandhi,KN Ananthapadmanabhan
1473505,2025,Delhi,2025-05-25,Sunrisers Hyderabad,Kolkata Knight Riders,Sunrisers Hyderabad,bat,normal,0,Sunrisers Hyderabad,110,0,H Klaasen,"Arun Jaitley Stadium, Delhi",AT Holdstock,K Kelkar
1473506,2025,Jaipur,2025-05-26,Mumbai Indians,Punjab Kings,Punjab Kings,field,normal,0,Punjab Kings,0,7,JP Inglis,"Sawai Mansingh Stadium, Jaipur",CB Gaffaney,P Joshi
1473507,2025,Lucknow,2025-05-27,Lucknow Super Giants,Royal Challengers Bengaluru,Royal Challengers Bengaluru,field,normal,0,Royal Challengers Bengaluru,0,6,JM Sharma,"Bharat Ratna Shri Atal Bihari Vajpayee Ekana Cricket Stadium, Lucknow",MA Gough,VK Sharma
1473508,2025,New Chandigarh,2025-05-29,Punjab Kings,Royal Challengers Bengaluru,Royal Challengers Bengaluru,field,normal,0,Royal Challengers Bengaluru,0,8,Suyash Sharma,"Maharaja Yadavindra Singh International Cricket Stadium, Mullanpur",MA Gough,VK Sharma
1473509,2025,New Chandigarh,2025-05-30,Mumbai Indians,Gujarat Titans,Mumbai Indians,bat,normal,0,Mumbai Indians,20,0,RG Sharma,"Maharaja Yadavindra Singh International Cricket Stadium, New Chandigarh",R Pandit,UV Gandhe
1473510,2025,Ahmedabad,2025-06-01,Mumbai Indians,Punjab Kings,Punjab Kings,field,normal,0,Punjab Kings,0,5,SS Iyer,"Narendra Modi Stadium, Ahmedabad",CB Gaffaney,Nitin Menon
1473511,2025,Ahmedabad,2025-06-03,Royal Challengers Bengaluru,Punjab Kings,Punjab Kings,field,normal,0,Royal Challengers Bengaluru,6,0,KH Pandya,"Narendra Modi Stadium, Ahmedabad",J Madanagopal,Nitin Menon
1527674,2026,Bengaluru,2026-03-28,Sunrisers Hyderabad,Royal Challengers Bengaluru,Royal Challengers Bengaluru,field,normal,0,Royal Challengers Bengaluru,0,6,JA Duffy,"M Chinnaswamy Stadium, Bengaluru",J Madanagopal,UV Gandhe
1527675,2026,Mumbai,2026-03-29,Kolkata Knight Riders,Mumbai Indians,Mumbai Indians,field,normal,0,Mumbai Indians,0,6,SN Thakur,"Wankhede Stadium, Mumbai",Anish Sahasrabudhe,MV Saidharshan Kumar
1527676,2026,Guwahati,2026-03-30,Chennai Super Kings,Rajasthan Royals,Rajasthan Royals,field,normal,0,Rajasthan Royals,0,8,N Burger,"Barsapara Cricket Stadium, Guwahati",HDPK Dharmasena,M Krishnadas
1527677,2026,New Chandigarh,2026-03-31,Gujarat Titans,Punjab Kings,Punjab Kings,field,normal,0,Punjab Kings,0,3,C Connolly,"Maharaja Yadavindra Singh International Cricket Stadium, New Chandigarh",Abhijit Bhattacharya,A Totre
1527678,2026,Lucknow,2026-04-01,Lucknow Super Giants,Delhi Capitals,Delhi Capitals,field,normal,0,Delhi Capitals,0,6,Sameer Rizvi,"Bharat Ratna Shri Atal Bihari Vajpayee Ekana Cricket Stadium, Lucknow",R Pandit,UV Gandhe
1527679,2026,Kolkata,2026-04-02,Sunrisers Hyderabad,Kolkata Knight Riders,Kolkata Knight Riders,field,normal,0,Sunrisers Hyderabad,65,0,Nithish Kumar Reddy,"Eden Gardens, Kolkata",MV Saidharshan Kumar,Vinod Seshan
1527680,2026,Chennai,2026-04-03,Chennai Super Kings,Punjab Kings,Punjab Kings,field,normal,0,Punjab Kings,0,5,Priyansh Arya,"MA Chidambaram Stadium, Chepauk, Chennai",Abhijit Bhattacharya,A Totre
1527681,2026,Delhi,2026-04-04,Mumbai Indians,Delhi Capitals,Delhi Capitals,field,normal,0,Delhi Capitals,0,6,Sameer Rizvi,"Arun Jaitley Stadium, Delhi",HDPK Dharmasena,M Krishnadas
1527682,2026,Ahmedabad,2026-04-04,Rajasthan Royals,Gujarat Titans,Rajasthan Royals,bat,normal,0,Rajasthan Royals,6,0,Ravi Bishnoi,"Narendra Modi Stadium, Ahmedabad",R Pandit,UV Gandhe
1527683,2026,Hyderabad,2026-04-05,Sunrisers Hyderabad,Lucknow Super Giants,Lucknow Super Giants,field,normal,0,Lucknow Super Giants,0,5,Mohammed Shami,"Rajiv Gandhi International Stadium, Uppal, Hyderabad",Anish Sahasrabudhe,MV Saidharshan Kumar
1527684,2026,Bengaluru,2026-04-05,Royal Challengers Bengaluru,Chennai Super Kings,Chennai Super Kings,field,normal,0,Royal Challengers Bengaluru,43,0,TH David,"M Chinnaswamy Stadium, Bengaluru",A Totre,KN Ananthapadmanabhan
1527685,2026,Kolkata,2026-04-06,Kolkata Knight Riders,Punjab Kings,Kolkata Knight Riders,bat,no result,0,,0,0,,"Eden Gardens, Kolkata",A Bengeri,J Madanagopal
1527686,2026,Guwahati,2026-04-07,Rajasthan Royals,Mumbai Indians,Mumbai Indians,field,normal,0,Rajasthan Royals,27,0,YBK Jaiswal,"Barsapara Cricket Stadium, Guwahati",HDPK Dharmasena,M Krishnadas
1527687,2026,Delhi,2026-04-08,Gujarat Titans,Delhi Capitals,Delhi Capitals,field,normal,0,Gujarat Titans,1,0,Rashid Khan,"Arun Jaitley Stadium, Delhi",Anish Sahasrabudhe,Nitin Menon
1527688,2026,Kolkata,2026-04-09,Kolkata Knight Riders,Lucknow Super Giants,Lucknow Super Giants,field,normal,0,Lucknow Super Giants,0,3,MD Choudhary,"Eden Gardens, Kolkata",AT Holdstock,A Totre
1527689,2026,Guwahati,2026-04-10,Royal Challengers Bengaluru,Rajasthan Royals,Rajasthan Royals,field,normal,0,Rajasthan Royals,0,6,V Suryavanshi,"Barsapara Cricket Stadium, Guwahati",K Swaroopanand,HDPK Dharmasena
1527690,2026,New Chandigarh,2026-04-11,Sunrisers Hyderabad,Punjab Kings,Punjab Kings,field,normal,0,Punjab Kings,0,6,SS Iyer,"Maharaja Yadavindra Singh International Cricket Stadium, New Chandigarh",A Bengeri,R Pandit
1527691,2026,Chennai,2026-04-11,Chennai Super Kings,Delhi Capitals,Delhi Capitals,field,normal,0,Chennai Super Kings,23,0,SV Samson,"MA Chidambaram Stadium, Chepauk, Chennai",MV Saidharshan Kumar,Vinod Seshan
1527692,2026,Lucknow,2026-04-12,Lucknow Super Giants,Gujarat Titans,Gujarat Titans,field,normal,0,Gujarat Titans,0,7,M Prasidh Krishna,"Bharat Ratna Shri Atal Bihari Vajpayee Ekana Cricket Stadium, Lucknow",Abhijit Bhattacharya,KN Ananthapadmanabhan
1527693,2026,Mumbai,2026-04-12,Royal Challengers Bengaluru,Mumbai Indians,Mumbai Indians,field,normal,0,Royal Challengers Bengaluru,18,0,PD Salt,"Wankhede Stadium, Mumbai",K Swaroopanand,VK Sharma
1529264,2026,Hyderabad,2026-04-13,Sunrisers Hyderabad,Rajasthan Royals,Rajasthan Royals,field,normal,0,Sunrisers Hyderabad,57,0,PP Hinge,"Rajiv Gandhi International Stadium, Uppal, Hyderabad",J Madanagopal,R Pandit
1529265,2026,Chennai,2026-04-14,Chennai Super Kings,Kolkata Knight Riders,Kolkata Knight Riders,field,normal,0,Chennai Super Kings,32,0,Noor Ahmad,"MA Chidambaram Stadium, Chepauk, Chennai",Nitin Menon,MV Saidharshan Kumar
1529266,2026,Bengaluru,2026-04-15,Lucknow Super Giants,Royal Challengers Bengaluru,Royal Challengers Bengaluru,field,normal,0,Royal Challengers Bengaluru,0,5,JR Hazlewood,"M Chinnaswamy Stadium, Bengaluru",AT Holdstock,Bhavesh Patel
1529267,2026,Mumbai,2026-04-16,Mumbai Indians,Punjab Kings,Punjab Kings,field,normal,0,Punjab Kings,0,7,Arshdeep Singh,"Wankhede Stadium, Mumbai",HDPK Dharmasena,M Krishnadas
1529268,2026,Ahmedabad,2026-04-17,Kolkata Knight Riders,Gujarat Titans,Kolkata Knight Riders,bat,normal,0,Gujarat Titans,0,5,Shubman Gill,"Narendra Modi Stadium, Ahmedabad",R Pandit,UV Gandhe
1529269,2026,Bengaluru,2026-04-18,Royal Challengers Bengaluru,Delhi Capitals,Delhi Capitals,field,normal,0,Delhi Capitals,0,6,T Stubbs,"M Chinnaswamy Stadium, Bengaluru",Abhijit Bhattacharya,Bhavesh Patel
1529270,2026,Hyderabad,2026-04-18,Sunrisers Hyderabad,Chennai Super Kings,Chennai Super Kings,field,normal,0,Sunrisers Hyderabad,10,0,E Malinga,"Rajiv Gandhi International Stadium, Uppal, Hyderabad",Anish Sahasrabudhe,Vinod Seshan
1529271,2026,Kolkata,2026-04-19,Rajasthan Royals,Kolkata Knight Riders,Rajasthan Royals,bat,normal,0,Kolkata Knight Riders,0,4,CV Varun,"Eden Gardens, Kolkata",HDPK Dharmasena,M Krishnadas
1529272,2026,New Chandigarh,2026-04-19,Punjab Kings,Lucknow Super Giants,Lucknow Super Giants,field,normal,0,Punjab Kings,54,0,Priyansh Arya,"Maharaja Yadavindra Singh International Cricket Stadium, New Chandigarh",J Madanagopal,K Kelkar
1529273,2026,Ahmedabad,2026-04-20,Mumbai Indians,Gujarat Titans,Gujarat Titans,field,normal,0,Mumbai Indians,99,0,Tilak Varma,"Narendra Modi Stadium, Ahmedabad",Abhijit Bhattacharya,KN Ananthapadmanabhan
1529274,2026,Hyderabad,2026-04-21,Sunrisers Hyderabad,Delhi Capitals,Delhi Capitals,field,normal,0,Sunrisers Hyderabad,47,0,Abhishek Sharma,"Rajiv Gandhi International Stadium, Uppal, Hyderabad",Anish Sahasrabudhe,Vinod Seshan
1529275,2026,Lucknow,2026-04-22,Rajasthan Royals,Lucknow Super Giants,Lucknow Super Giants,field,normal,0,Rajasthan Royals,40,0,RA Jadeja,"Bharat Ratna Shri Atal Bihari Vajpayee Ekana Cricket Stadium, Lucknow",AK Argal,VK Sharma
1529276,2026,Mumbai,2026-04-23,Chennai Super Kings,Mumbai Indians,Mumbai Indians,field,normal,0,Chennai Super Kings,103,0,SV Samson,"Wankhede Stadium, Mumbai",AT Holdstock,P Joshi
1529277,2026,Bengaluru,2026-04-24,Gujarat Titans,Royal Challengers Bengaluru,Royal Challengers Bengaluru,field,normal,0,Royal Challengers Bengaluru,0,5,V Kohli,"M Chinnaswamy Stadium, Bengaluru",Amit Rana,J Madanagopal
1529278,2026,Delhi,2026-04-25,Delhi Capitals,Punjab Kings,Delhi Capitals,bat,normal,0,Punjab Kings,0,6,KL Rahul,"Arun Jaitley Stadium, Delhi",AK Argal,VK Sharma
1529279,2026,Jaipur,2026-04-25,Rajasthan Royals,Sunrisers Hyderabad,Sunrisers Hyderabad,field,normal,0,Sunrisers Hyderabad,0,5,Ishan Kishan,"Sawai Mansingh Stadium, Jaipur",KM Gandhi,Nitin Menon
1529280,2026,Chennai,2026-04-26,Chennai Super Kings,Gujarat Titans,Gujarat Titans,field,normal,0,Gujarat Titans,0,8,K Rabada,"MA Chidambaram Stadium, Chepauk, Chennai",AT Holdstock,KN Ananthapadmanabhan
1529281,2026,Lucknow,2026-04-26,Kolkata Knight Riders,Lucknow Super Giants,Lucknow Super Giants,field,tie,0,Kolkata Knight Riders,0,0,RK Singh,"Bharat Ratna Shri Atal Bihari Vajpayee Ekana Cricket Stadium, Lucknow",A Bengeri,K Kelkar
1529282,2026,Delhi,2026-04-27,Delhi Capitals,Royal Challengers Bengaluru,Royal Challengers Bengaluru,field,normal,0,Royal Challengers Bengaluru,0,9,JR Hazlewood,"Arun Jaitley Stadium, Delhi",AK Argal,SJ Nogajski
1529283,2026,New Chandigarh,2026-04-28,Punjab Kings,Rajasthan Royals,Rajasthan Royals,field,normal,0,Rajasthan Royals,0,6,D Ferreira,"Maharaja Yadavindra Singh International Cricket Stadium, New Chandigarh",Nitin Menon,TM Srivastava
1529284,2026,Mumbai,2026-04-29,Mumbai Indians,Sunrisers Hyderabad,Mumbai Indians,bat,normal,0,Sunrisers Hyderabad,0,6,H Klaasen,"Wankhede Stadium, Mumbai",A Bengeri,J Madanagopal
1529285,2026,Ahmedabad,2026-04-30,Royal Challengers Bengaluru,Gujarat Titans,Gujarat Titans,field,normal,0,Gujarat Titans,0,4,JO Holder,"Narendra Modi Stadium, Ahmedabad",AT Holdstock,KN Ananthapadmanabhan
1529286,2026,Jaipur,2026-05-01,Rajasthan Royals,Delhi Capitals,Rajasthan Royals,bat,normal,0,Delhi Capitals,0,7,KL Rahul,"Sawai Mansingh Stadium, Jaipur",SJ Nogajski,VK Sharma
1529287,2026,Chennai,2026-05-02,Mumbai Indians,Chennai Super Kings,Mumbai Indians,bat,normal,0,Chennai Super Kings,0,8,RD Gaikwad,"MA Chidambaram Stadium, Chepauk, Chennai",KM Gandhi,Nitin Menon
1529288,2026,Hyderabad,2026-05-03,Sunrisers Hyderabad,Kolkata Knight Riders,Sunrisers Hyderabad,bat,normal,0,Kolkata Knight Riders,0,7,CV Varun,"Rajiv Gandhi International Stadium, Uppal, Hyderabad",A Bengeri,J Madanagopal
1529289,2026,Ahmedabad,2026-05-03,Punjab Kings,Gujarat Titans,Gujarat Titans,field,normal,0,Gujarat Titans,0,4,JO Holder,"Narendra Modi Stadium, Ahmedabad",KN Ananthapadmanabhan,P Joshi
1529290,2026,Mumbai,2026-05-04,Lucknow Super Giants,Mumbai Indians,Mumbai Indians,field,normal,0,Mumbai Indians,0,6,RD Rickelton,"Wankhede Stadium, Mumbai",AK Argal,SJ Nogajski
1529291,2026,Delhi,2026-05-05,Delhi Capitals,Chennai Super Kings,Delhi Capitals,bat,normal,0,Chennai Super Kings,0,8,SV Samson,"Arun Jaitley Stadium, Delhi",KM Gandhi,TM Srivastava
1529292,2026,Hyderabad,2026-05-06,Sunrisers Hyderabad,Punjab Kings,Punjab Kings,field,normal,0,Sunrisers Hyderabad,33,0,PJ Cummins,"Rajiv Gandhi International Stadium, Uppal, Hyderabad",J Madanagopal,K Kelkar
1529293,2026,Lucknow,2026-05-07,Lucknow Super Giants,Royal Challengers Bengaluru,Royal Challengers Bengaluru,field,normal,1,Lucknow Super Giants,9,0,MR Marsh,"Bharat Ratna Shri Atal Bihari Vajpayee Ekana Cricket Stadium, Lucknow",A Totre,P Joshi
1529294,2026,Delhi,2026-05-08,Delhi Capitals,Kolkata Knight Riders,Kolkata Knight Riders,field,normal,0,Kolkata Knight Riders,0,8,FH Allen,"Arun Jaitley Stadium, Delhi",Nitin Menon,R Pandit
1529295,2026,Jaipur,2026-05-09,Gujarat Titans,Rajasthan Royals,Rajasthan Royals,field,normal,0,Gujarat Titans,77,0,Rashid Khan,"Sawai Mansingh Stadium, Jaipur",HAS Khalid,VK Sharma
1529296,2026,Chennai,2026-05-10,Lucknow Super Giants,Chennai Super Kings,Chennai Super Kings,field,normal,0,Chennai Super Kings,0,5,J Overton,"MA Chidambaram Stadium, Chepauk, Chennai",Amit Rana,K Kelkar
1529297,2026,Raipur,2026-05-10,Mumbai Indians,Royal Challengers Bengaluru,Royal Challengers Bengaluru,field,normal,0,Royal Challengers Bengaluru,0,2,B Kumar,"Shaheed Veer Narayan Singh International Stadium, Raipur",R Pandit,TM Srivastava
1529298,2026,Dharamsala,2026-05-11,Punjab Kings,Delhi Capitals,Delhi Capitals,field,normal,0,Delhi Capitals,0,3,M Tiwari,"Himachal Pradesh Cricket Association Stadium, Dharamsala",Bhavesh Patel,KN Ananthapadmanabhan
1529299,2026,Ahmedabad,2026-05-12,Gujarat Titans,Sunrisers Hyderabad,Sunrisers Hyderabad,field,normal,0,Gujarat Titans,82,0,K Rabada,"Narendra Modi Stadium, Ahmedabad",HAS Khalid,VK Sharma
1529300,2026,Raipur,2026-05-13,Kolkata Knight Riders,Royal Challengers Bengaluru,Royal Challengers Bengaluru,field,normal,0,Royal Challengers Bengaluru,0,6,V Kohli,"Shaheed Veer Narayan Singh International Stadium, Raipur",Nitin Menon,R Pandit
1529301,2026,Dharamsala,2026-05-14,Punjab Kings,Mumbai Indians,Mumbai Indians,field,normal,0,Mumbai Indians,0,6,Tilak Varma,"Himachal Pradesh Cricket Association Stadium, Dharamsala",Bhavesh Patel,KN Ananthapadmanabhan
1529302,2026,Lucknow,2026-05-15,Chennai Super Kings,Lucknow Super Giants,Lucknow Super Giants,field,normal,0,Lucknow Super Giants,0,7,MR Marsh,"Bharat Ratna Shri Atal Bihari Vajpayee Ekana Cricket Stadium, Lucknow",T Ematty,UV Gandhe
1529303,2026,Kolkata,2026-05-16,Kolkata Knight Riders,Gujarat Titans,Gujarat Titans,field,normal,0,Kolkata Knight Riders,29,0,SP Narine,"Eden Gardens, Kolkata",K Swaroopanand,VK Sharma
1529304,2026,Dharamsala,2026-05-17,Royal Challengers Bengaluru,Punjab Kings,Punjab Kings,field,normal,0,Royal Challengers Bengaluru,23,0,VR Iyer,"Himachal Pradesh Cricket Association Stadium, Dharamsala",AT Holdstock,KN Ananthapadmanabhan
1529305,2026,Delhi,2026-05-17,Rajasthan Royals,Delhi Capitals,Delhi Capitals,field,normal,0,Delhi Capitals,0,5,MA Starc,"Arun Jaitley Stadium, Delhi",Amit Rana,K Kelkar
1529306,2026,Chennai,2026-05-18,Chennai Super Kings,Sunrisers Hyderabad,Chennai Super Kings,bat,normal,0,Sunrisers Hyderabad,0,5,Ishan Kishan,"MA Chidambaram Stadium, Chepauk, Chennai",Nitin Menon,TM Srivastava
1529307,2026,Jaipur,2026-05-19,Lucknow Super Giants,Rajasthan Royals,Rajasthan Royals,field,normal,0,Rajasthan Royals,0,7,V Suryavanshi,"Sawai Mansingh Stadium, Jaipur",AT Holdstock,P Joshi
1529308,2026,Kolkata,2026-05-20,Mumbai Indians,Kolkata Knight Riders,Kolkata Knight Riders,field,normal,0,Kolkata Knight Riders,0,4,MK Pandey,"Eden Gardens, Kolkata",K Swaroopanand,HAS Khalid
1529309,2026,Ahmedabad,2026-05-21,Gujarat Titans,Chennai Super Kings,Chennai Super Kings,field,normal,0,Gujarat Titans,89,0,Mohammed Siraj,"Narendra Modi Stadium, Ahmedabad",KM Gandhi,Nitin Menon
1529310,2026,Hyderabad,2026-05-22,Sunrisers Hyderabad,Royal Challengers Bengaluru,Sunrisers Hyderabad,bat,normal,0,Sunrisers Hyderabad,55,0,Ishan Kishan,"Rajiv Gandhi International Stadium, Uppal, Hyderabad",Amit Rana,J Madanagopal
1529311,2026,Lucknow,2026-05-23,Lucknow Super Giants,Punjab Kings,Punjab Kings,field,normal,0,Punjab Kings,0,7,SS Iyer,"Bharat Ratna Shri Atal Bihari Vajpayee Ekana Cricket Stadium, Lucknow",KM Gandhi,Vinod Seshan
1529312,2026,Mumbai,2026-05-24,Rajasthan Royals,Mumbai Indians,Mumbai Indians,field,normal,0,Rajasthan Royals,30,0,JC Archer,"Wankhede Stadium, Mumbai",R Pandit,T Ematty
1529313,2026,Kolkata,2026-05-24,Delhi Capitals,Kolkata Knight Riders,Kolkata Knight Riders,field,normal,0,Delhi Capitals,40,0,Kuldeep Yadav,"Eden Gardens, Kolkata",K Swaroopanand,HAS Khalid
1535462,2026,Dharamsala,2026-05-26,Royal Challengers Bengaluru,Gujarat Titans,Gujarat Titans,field,normal,0,Royal Challengers Bengaluru,92,0,RM Patidar,"Himachal Pradesh Cricket Association Stadium, Dharamsala",J Madanagopal,VK Sharma
1535463,2026,New Chandigarh,2026-05-27,Rajasthan Royals,Sunrisers Hyderabad,Sunrisers Hyderabad,field,normal,0,Rajasthan Royals,47,0,V Suryavanshi,"Maharaja Yadavindra Singh International Cricket Stadium, New Chandigarh",AT Holdstock,UV Gandhe
1535464,2026,New Chandigarh,2026-05-29,Rajasthan Royals,Gujarat Titans,Rajasthan Royals,bat,normal,0,Gujarat Titans,0,7,Shubman Gill,"Maharaja Yadavindra Singh International Cricket Stadium, New Chandigarh",R Pandit,SJ Nogajski
1535465,2026,Ahmedabad,2026-05-31,Gujarat Titans,Royal Challengers Bengaluru,Royal Challengers Bengaluru,field,normal,0,Royal Challengers Bengaluru,0,5,V Kohli,"Narendra Modi Stadium, Ahmedabad",KN Ananthapadmanabhan,Nitin Menon
